T_len,rho,R2_target,phi_f,phi_eta,phi_u,z,rmsfe_base,rmsfe_rs,rel_rmsfe,rmse_pooled_base,rmse_pooled_rs,bias_base,var_base,bias_rs,var_rs,Q_ols,Q_rs_bag,Q_rs_subavg,L_ols,L_rs_bag,L_rs_subavg
75,0.800000,0.300000,0.3,0.7,0.0,2,1.089625,1.066376,0.978663,1.105096,1.081040,0.000233,1.221005,0.000185,1.168461,0.245063,1.098332,1.185744,1.120787,1.116051,1.204875
75,0.800000,0.300000,0.3,0.7,0.0,3,1.089625,1.046819,0.960715,1.105096,1.060947,0.000233,1.221005,0.000146,1.125463,0.245063,1.033268,1.130755,1.120787,1.067152,1.167841
75,0.800000,0.300000,0.3,0.7,0.0,4,1.089625,1.033874,0.948835,1.105096,1.047672,0.000233,1.221005,0.000122,1.097494,0.245063,0.982350,1.085229,1.120787,1.031475,1.139511
75,0.800000,0.300000,0.3,0.7,0.0,5,1.089625,1.025817,0.941441,1.105096,1.039429,0.000233,1.221005,0.000096,1.080317,0.245063,0.941942,1.046463,1.120787,1.005813,1.117439
75,0.800000,0.300000,0.3,0.7,0.0,6,1.089625,1.021630,0.937598,1.105096,1.035088,0.000233,1.221005,0.000083,1.071325,0.245063,0.908625,1.012841,1.120787,0.986967,1.100195
75,0.800000,0.300000,0.3,0.7,0.0,7,1.089625,1.019363,0.935518,1.105096,1.032798,0.000233,1.221005,0.000070,1.066602,0.245063,0.879965,0.983040,1.120787,0.972605,1.086570
75,0.800000,0.300000,0.3,0.7,0.0,8,1.089625,1.018992,0.935177,1.105096,1.032459,0.000233,1.221005,0.000058,1.065913,0.245063,0.854508,0.956233,1.120787,0.961335,1.075830
75,0.800000,0.300000,0.3,0.7,0.0,9,1.089625,1.020375,0.936447,1.105096,1.033810,0.000233,1.221005,0.000052,1.068710,0.245063,0.831167,0.931708,1.120787,0.952076,1.067312
75,0.800000,0.300000,0.3,0.7,0.0,10,1.089625,1.022954,0.938813,1.105096,1.036411,0.000233,1.221005,0.000043,1.074106,0.245063,0.809376,0.908982,1.120787,0.944280,1.060580
75,0.800000,0.300000,0.3,0.7,0.0,11,1.089625,1.026158,0.941754,1.105096,1.039716,0.000233,1.221005,0.000035,1.080975,0.245063,0.788682,0.887733,1.120787,0.937492,1.055350
75,0.800000,0.300000,0.3,0.7,0.0,12,1.089625,1.030319,0.945572,1.105096,1.043958,0.000233,1.221005,0.000029,1.089819,0.245063,0.768745,0.867556,1.120787,0.931360,1.051221
75,0.800000,0.300000,0.3,0.7,0.0,13,1.089625,1.035163,0.950018,1.105096,1.048867,0.000233,1.221005,0.000024,1.100097,0.245063,0.749419,0.848277,1.120787,0.925738,1.048040
75,0.800000,0.300000,0.3,0.7,0.0,14,1.089625,1.040974,0.955351,1.105096,1.054741,0.000233,1.221005,0.000021,1.112457,0.245063,0.730529,0.829739,1.120787,0.920436,1.045665
75,0.800000,0.300000,0.3,0.7,0.0,15,1.089625,1.046997,0.960879,1.105096,1.060956,0.000233,1.221005,0.000015,1.125612,0.245063,0.712015,0.811795,1.120787,0.915398,1.043958
75,0.800000,0.300000,0.3,0.7,0.0,16,1.089625,1.054081,0.967380,1.105096,1.068187,0.000233,1.221005,0.000015,1.141008,0.245063,0.693747,0.794281,1.120787,0.910470,1.042747
75,0.800000,0.300000,0.3,0.7,0.0,17,1.089625,1.061798,0.974463,1.105096,1.075959,0.000233,1.221005,0.000010,1.157677,0.245063,0.675779,0.777195,1.120787,0.905733,1.042062
75,0.800000,0.300000,0.3,0.7,0.0,18,1.089625,1.069868,0.981868,1.105096,1.084162,0.000233,1.221005,0.000009,1.175399,0.245063,0.657971,0.760327,1.120787,0.900999,1.041641
75,0.800000,0.300000,0.3,0.7,0.0,19,1.089625,1.078824,0.990088,1.105096,1.093295,0.000233,1.221005,0.000008,1.195286,0.245063,0.640422,0.743756,1.120787,0.896416,1.041621
75,0.800000,0.300000,0.3,0.7,0.0,20,1.089625,1.088067,0.998571,1.105096,1.102715,0.000233,1.221005,0.000008,1.215974,0.245063,0.623024,0.727369,1.120787,0.891838,1.041865
75,0.800000,0.300000,0.3,0.7,0.0,21,1.089625,1.098138,1.007813,1.105096,1.112968,0.000233,1.221005,0.000010,1.238687,0.245063,0.605794,0.711085,1.120787,0.887284,1.042272
75,0.800000,0.300000,0.3,0.7,0.0,22,1.089625,1.109587,1.018321,1.105096,1.124607,0.000233,1.221005,0.000007,1.264733,0.245063,0.588752,0.694925,1.120787,0.882790,1.042884
75,0.800000,0.300000,0.3,0.7,0.0,23,1.089625,1.121225,1.029001,1.105096,1.136491,0.000233,1.221005,0.000011,1.291601,0.245063,0.571866,0.678819,1.120787,0.878309,1.043612
75,0.800000,0.300000,0.3,0.7,0.0,24,1.089625,1.133798,1.040540,1.105096,1.149220,0.000233,1.221005,0.000012,1.320695,0.245063,0.555257,0.662864,1.120787,0.874041,1.044618
75,0.800000,0.300000,0.3,0.7,0.0,25,1.089625,1.147053,1.052705,1.105096,1.162732,0.000233,1.221005,0.000015,1.351930,0.245063,0.538775,0.646868,1.120787,0.869754,1.045611
75,0.800000,0.300000,0.3,0.7,0.0,26,1.089625,1.161694,1.066142,1.105096,1.177610,0.000233,1.221005,0.000020,1.386745,0.245063,0.522519,0.630933,1.120787,0.865602,1.046756
75,0.800000,0.300000,0.3,0.7,0.0,27,1.089625,1.177541,1.080685,1.105096,1.193696,0.000233,1.221005,0.000021,1.424888,0.245063,0.506490,0.615010,1.120787,0.861609,1.047986
75,0.800000,0.300000,0.3,0.7,0.0,28,1.089625,1.193637,1.095457,1.105096,1.210098,0.000233,1.221005,0.000022,1.464315,0.245063,0.490744,0.599148,1.120787,0.857890,1.049402
75,0.800000,0.300000,0.3,0.7,0.0,29,1.089625,1.211676,1.112012,1.105096,1.228377,0.000233,1.221005,0.000029,1.508882,0.245063,0.475171,0.583220,1.120787,0.854257,1.050775
75,0.800000,0.300000,0.3,0.7,0.0,30,1.089625,1.231105,1.129844,1.105096,1.248145,0.000233,1.221005,0.000038,1.557829,0.245063,0.459906,0.567327,1.120787,0.850986,1.052310
75,0.800000,0.300000,0.3,0.7,0.0,31,1.089625,1.251659,1.148706,1.105096,1.268962,0.000233,1.221005,0.000044,1.610221,0.245063,0.444903,0.551417,1.120787,0.848002,1.053904
75,0.800000,0.300000,0.3,0.7,0.0,32,1.089625,1.273538,1.168786,1.105096,1.291196,0.000233,1.221005,0.000054,1.667134,0.245063,0.430191,0.535509,1.120787,0.845401,1.055608
75,0.800000,0.300000,0.3,0.7,0.0,33,1.089625,1.297204,1.190506,1.105096,1.315244,0.000233,1.221005,0.000057,1.729809,0.245063,0.415735,0.519526,1.120787,0.843148,1.057278
75,0.800000,0.300000,0.3,0.7,0.0,34,1.089625,1.323326,1.214478,1.105096,1.341776,0.000233,1.221005,0.000069,1.800295,0.245063,0.401605,0.503573,1.120787,0.841424,1.059129
75,0.800000,0.300000,0.3,0.7,0.0,35,1.089625,1.351561,1.240392,1.105096,1.370350,0.000233,1.221005,0.000081,1.877776,0.245063,0.387811,0.487613,1.120787,0.840313,1.061114
75,0.800000,0.300000,0.3,0.7,0.0,36,1.089625,1.381957,1.268288,1.105096,1.401100,0.000233,1.221005,0.000099,1.962984,0.245063,0.374363,0.471613,1.120787,0.839889,1.063147
75,0.800000,0.300000,0.3,0.7,0.0,37,1.089625,1.414871,1.298494,1.105096,1.434360,0.000233,1.221005,0.000110,2.057278,0.245063,0.361262,0.455591,1.120787,0.840252,1.065307
75,0.800000,0.300000,0.3,0.7,0.0,38,1.089625,1.451702,1.332296,1.105096,1.471762,0.000233,1.221005,0.000139,2.165944,0.245063,0.348526,0.439525,1.120787,0.841533,1.067556
75,0.800000,0.300000,0.3,0.7,0.0,39,1.089625,1.490880,1.368251,1.105096,1.511335,0.000233,1.221005,0.000172,2.283962,0.245063,0.336263,0.423543,1.120787,0.844128,1.070226
75,0.800000,0.300000,0.3,0.7,0.0,40,1.089625,1.534759,1.408521,1.105096,1.555880,0.000233,1.221005,0.000169,2.420595,0.245063,0.324338,0.407432,1.120787,0.847837,1.072808
75,0.800000,0.300000,0.3,0.7,0.0,41,1.089625,1.584236,1.453928,1.105096,1.605950,0.000233,1.221005,0.000182,2.578894,0.245063,0.312893,0.391319,1.120787,0.853196,1.075633
75,0.800000,0.300000,0.3,0.7,0.0,42,1.089625,1.639019,1.504206,1.105096,1.661441,0.000233,1.221005,0.000204,2.760182,0.245063,0.301940,0.375182,1.120787,0.860495,1.078690
75,0.800000,0.300000,0.3,0.7,0.0,43,1.089625,1.701059,1.561142,1.105096,1.724450,0.000233,1.221005,0.000205,2.973524,0.245063,0.291572,0.359095,1.120787,0.870361,1.082307
75,0.800000,0.300000,0.3,0.7,0.0,44,1.089625,1.771799,1.626063,1.105096,1.796204,0.000233,1.221005,0.000241,3.226107,0.245063,0.281761,0.342913,1.120787,0.883055,1.086001
75,0.800000,0.300000,0.3,0.7,0.0,45,1.089625,1.852654,1.700268,1.105096,1.878495,0.000233,1.221005,0.000257,3.528485,0.245063,0.272665,0.326723,1.120787,0.899701,1.090200
75,0.800000,0.300000,0.3,0.7,0.0,46,1.089625,1.947861,1.787644,1.105096,1.975310,0.000233,1.221005,0.000284,3.901563,0.245063,0.264372,0.310491,1.120787,0.921342,1.094796
75,0.800000,0.300000,0.3,0.7,0.0,47,1.089625,2.062321,1.892689,1.105096,2.092087,0.000233,1.221005,0.000321,4.376508,0.245063,0.257068,0.294201,1.120787,0.949922,1.099946
75,0.800000,0.300000,0.3,0.7,0.0,48,1.089625,2.201817,2.020712,1.105096,2.234889,0.000233,1.221005,0.000347,4.994383,0.245063,0.251062,0.277892,1.120787,0.988453,1.105881
75,0.800000,0.300000,0.3,0.7,0.0,49,1.089625,2.380941,2.185102,1.105096,2.419780,0.000233,1.221005,0.000400,5.854936,0.245063,0.246786,0.261510,1.120787,1.042060,1.112703
75,0.800000,0.300000,0.3,0.7,0.0,50,1.089625,2.618844,2.403437,1.105096,2.668874,0.000233,1.221005,0.000526,7.122364,0.245063,0.245063,0.245063,1.120787,1.120787,1.120787
100,0.800000,0.300000,0.3,0.7,0.0,2,1.085266,1.062943,0.979430,1.098473,1.075574,0.000203,1.206439,0.000178,1.156681,0.471957,1.119424,1.201477,1.063682,1.132271,1.215268
100,0.800000,0.300000,0.3,0.7,0.0,3,1.085266,1.044561,0.962493,1.098473,1.056744,0.000203,1.206439,0.000141,1.116566,0.471957,1.059193,1.151010,1.063682,1.083788,1.177739
100,0.800000,0.300000,0.3,0.7,0.0,4,1.085266,1.031871,0.950800,1.098473,1.043850,0.000203,1.206439,0.000106,1.089517,0.471957,1.012707,1.109537,1.063682,1.048394,1.148640
100,0.800000,0.300000,0.3,0.7,0.0,5,1.085266,1.024219,0.943749,1.098473,1.036046,0.000203,1.206439,0.000081,1.073310,0.471957,0.976590,1.074632,1.063682,1.023020,1.125730
100,0.800000,0.300000,0.3,0.7,0.0,6,1.085266,1.019906,0.939775,1.098473,1.031648,0.000203,1.206439,0.000064,1.064234,0.471957,0.947399,1.044568,1.063682,1.004378,1.107401
100,0.800000,0.300000,0.3,0.7,0.0,7,1.085266,1.017645,0.937691,1.098473,1.029356,0.000203,1.206439,0.000050,1.059523,0.471957,0.922969,1.018325,1.063682,0.990391,1.092725
100,0.800000,0.300000,0.3,0.7,0.0,8,1.085266,1.016834,0.936945,1.098473,1.028567,0.000203,1.206439,0.000036,1.057913,0.471957,0.901740,0.994948,1.063682,0.979536,1.080801
100,0.800000,0.300000,0.3,0.7,0.0,9,1.085266,1.017229,0.937308,1.098473,1.028978,0.000203,1.206439,0.000027,1.058769,0.471957,0.882793,0.973912,1.063682,0.970920,1.071155
100,0.800000,0.300000,0.3,0.7,0.0,10,1.085266,1.018695,0.938659,1.098473,1.030483,0.000203,1.206439,0.000019,1.061876,0.471957,0.865476,0.954699,1.063682,0.963899,1.063295
100,0.800000,0.300000,0.3,0.7,0.0,11,1.085266,1.020780,0.940580,1.098473,1.032602,0.000203,1.206439,0.000016,1.066251,0.471957,0.849307,0.936897,1.063682,0.957995,1.056826
100,0.800000,0.300000,0.3,0.7,0.0,12,1.085266,1.023578,0.943158,1.098473,1.035503,0.000203,1.206439,0.000011,1.072255,0.471957,0.834106,0.920391,1.063682,0.953044,1.051671
100,0.800000,0.300000,0.3,0.7,0.0,13,1.085266,1.026711,0.946045,1.098473,1.038659,0.000203,1.206439,0.000008,1.078804,0.471957,0.819544,0.904812,1.063682,0.948701,1.047453
100,0.800000,0.300000,0.3,0.7,0.0,14,1.085266,1.030265,0.949320,1.098473,1.042300,0.000203,1.206439,0.000005,1.086383,0.471957,0.805497,0.890009,1.063682,0.944846,1.044033
100,0.800000,0.300000,0.3,0.7,0.0,15,1.085266,1.034279,0.953019,1.098473,1.046390,0.000203,1.206439,0.000004,1.094929,0.471957,0.791820,0.875809,1.063682,0.941327,1.041238
100,0.800000,0.300000,0.3,0.7,0.0,16,1.085266,1.038757,0.957145,1.098473,1.050961,0.000203,1.206439,0.000003,1.104517,0.471957,0.778580,0.862274,1.063682,0.938236,1.039168
100,0.800000,0.300000,0.3,0.7,0.0,17,1.085266,1.043562,0.961573,1.098473,1.055888,0.000203,1.206439,0.000002,1.114898,0.471957,0.765543,0.849085,1.063682,0.935309,1.037463
100,0.800000,0.300000,0.3,0.7,0.0,18,1.085266,1.048613,0.966226,1.098473,1.061063,0.000203,1.206439,0.000001,1.125853,0.471957,0.752830,0.836348,1.063682,0.932699,1.036272
100,0.800000,0.300000,0.3,0.7,0.0,19,1.085266,1.054078,0.971262,1.098473,1.066648,0.000203,1.206439,0.000000,1.137737,0.471957,0.740240,0.823832,1.063682,0.930169,1.035324
100,0.800000,0.300000,0.3,0.7,0.0,20,1.085266,1.060067,0.976781,1.098473,1.072761,0.000203,1.206439,0.000000,1.150815,0.471957,0.727848,0.811593,1.063682,0.927818,1.034701
100,0.800000,0.300000,0.3,0.7,0.0,21,1.085266,1.066154,0.982389,1.098473,1.079009,0.000203,1.206439,0.000000,1.164261,0.471957,0.715682,0.799605,1.063682,0.925690,1.034386
100,0.800000,0.300000,0.3,0.7,0.0,22,1.085266,1.072627,0.988354,1.098473,1.085644,0.000203,1.206439,0.000000,1.178623,0.471957,0.703689,0.787798,1.063682,0.923725,1.034300
100,0.800000,0.300000,0.3,0.7,0.0,23,1.085266,1.079603,0.994782,1.098473,1.092769,0.000203,1.206439,0.000000,1.194145,0.471957,0.691802,0.776107,1.063682,0.921840,1.034365
100,0.800000,0.300000,0.3,0.7,0.0,24,1.085266,1.086851,1.001460,1.098473,1.100192,0.000203,1.206439,0.000000,1.210423,0.471957,0.680104,0.764538,1.063682,0.920153,1.034597
100,0.800000,0.300000,0.3,0.7,0.0,25,1.085266,1.094706,1.008698,1.098473,1.108229,0.000203,1.206439,0.000000,1.228171,0.471957,0.668538,0.753080,1.063682,0.918594,1.034988
100,0.800000,0.300000,0.3,0.7,0.0,26,1.085266,1.103127,1.016458,1.098473,1.116870,0.000203,1.206439,0.000000,1.247398,0.471957,0.657175,0.741711,1.063682,0.917269,1.035518
100,0.800000,0.300000,0.3,0.7,0.0,27,1.085266,1.111237,1.023930,1.098473,1.125156,0.000203,1.206439,0.000000,1.265976,0.471957,0.645956,0.730388,1.063682,0.916104,1.036128
100,0.800000,0.300000,0.3,0.7,0.0,28,1.085266,1.120750,1.032696,1.098473,1.134923,0.000203,1.206439,0.000000,1.288050,0.471957,0.634877,0.719104,1.063682,0.915104,1.036818
100,0.800000,0.300000,0.3,0.7,0.0,29,1.085266,1.130348,1.041540,1.098473,1.144768,0.000203,1.206439,0.000001,1.310494,0.471957,0.624007,0.707881,1.063682,0.914379,1.037620
100,0.800000,0.300000,0.3,0.7,0.0,30,1.085266,1.140535,1.050927,1.098473,1.155159,0.000203,1.206439,0.000001,1.334391,0.471957,0.613334,0.696698,1.063682,0.913919,1.038507
100,0.800000,0.300000,0.3,0.7,0.0,31,1.085266,1.151672,1.061188,1.098473,1.166560,0.000203,1.206439,0.000001,1.360861,0.471957,0.602806,0.685509,1.063682,0.913664,1.039417
100,0.800000,0.300000,0.3,0.7,0.0,32,1.085266,1.163429,1.072022,1.098473,1.178635,0.000203,1.206439,0.000002,1.389179,0.471957,0.592523,0.674340,1.063682,0.913782,1.040392
100,0.800000,0.300000,0.3,0.7,0.0,33,1.085266,1.175234,1.082899,1.098473,1.190672,0.000203,1.206439,0.000002,1.417697,0.471957,0.582475,0.663221,1.063682,0.914268,1.041477
100,0.800000,0.300000,0.3,0.7,0.0,34,1.085266,1.188690,1.095298,1.098473,1.204468,0.000203,1.206439,0.000007,1.450735,0.471957,0.572660,0.652082,1.063682,0.915150,1.042573
100,0.800000,0.300000,0.3,0.7,0.0,35,1.085266,1.202642,1.108154,1.098473,1.218728,0.000203,1.206439,0.000009,1.485289,0.471957,0.563033,0.640895,1.063682,0.916368,1.043630
100,0.800000,0.300000,0.3,0.7,0.0,36,1.085266,1.217634,1.121968,1.098473,1.234056,0.000203,1.206439,0.000010,1.522883,0.471957,0.553723,0.629752,1.063682,0.918161,1.044802
100,0.800000,0.300000,0.3,0.7,0.0,37,1.085266,1.233918,1.136973,1.098473,1.250729,0.000203,1.206439,0.000013,1.564310,0.471957,0.544679,0.618576,1.063682,0.920476,1.045964
100,0.800000,0.300000,0.3,0.7,0.0,38,1.085266,1.250408,1.152167,1.098473,1.267541,0.000203,1.206439,0.000015,1.606645,0.471957,0.535964,0.607414,1.063682,0.923451,1.047194
100,0.800000,0.300000,0.3,0.7,0.0,39,1.085266,1.268745,1.169064,1.098473,1.286266,0.000203,1.206439,0.000023,1.654458,0.471957,0.527587,0.596226,1.063682,0.927145,1.048435
100,0.800000,0.300000,0.3,0.7,0.0,40,1.085266,1.288566,1.187327,1.098473,1.306456,0.000203,1.206439,0.000031,1.706797,0.471957,0.519575,0.585010,1.063682,0.931648,1.049672
100,0.800000,0.300000,0.3,0.7,0.0,41,1.085266,1.309850,1.206939,1.098473,1.328122,0.000203,1.206439,0.000033,1.763876,0.471957,0.511979,0.573805,1.063682,0.937107,1.050983
100,0.800000,0.300000,0.3,0.7,0.0,42,1.085266,1.332904,1.228181,1.098473,1.351578,0.000203,1.206439,0.000041,1.826722,0.471957,0.504812,0.562555,1.063682,0.943609,1.052271
100,0.800000,0.300000,0.3,0.7,0.0,43,1.085266,1.357699,1.251028,1.098473,1.376923,0.000203,1.206439,0.000052,1.895865,0.471957,0.498144,0.551287,1.063682,0.951355,1.053576
100,0.800000,0.300000,0.3,0.7,0.0,44,1.085266,1.384672,1.275882,1.098473,1.404373,0.000203,1.206439,0.000059,1.972205,0.471957,0.492035,0.540029,1.063682,0.960554,1.054965
100,0.800000,0.300000,0.3,0.7,0.0,45,1.085266,1.414136,1.303032,1.098473,1.434347,0.000203,1.206439,0.000073,2.057279,0.471957,0.486545,0.528735,1.063682,0.971422,1.056345
100,0.800000,0.300000,0.3,0.7,0.0,46,1.085266,1.445945,1.332342,1.098473,1.466691,0.000203,1.206439,0.000082,2.151101,0.471957,0.481752,0.517415,1.063682,0.984247,1.057745
100,0.800000,0.300000,0.3,0.7,0.0,47,1.085266,1.481755,1.365338,1.098473,1.503002,0.000203,1.206439,0.000103,2.258914,0.471957,0.477748,0.506064,1.063682,0.999360,1.059144
100,0.800000,0.300000,0.3,0.7,0.0,48,1.085266,1.521144,1.401632,1.098473,1.543015,0.000203,1.206439,0.000120,2.380774,0.471957,0.474682,0.494730,1.063682,1.017262,1.060652
100,0.800000,0.300000,0.3,0.7,0.0,49,1.085266,1.564366,1.441458,1.098473,1.586855,0.000203,1.206439,0.000138,2.517971,0.471957,0.472682,0.483343,1.063682,1.038454,1.062126
100,0.800000,0.300000,0.3,0.7,0.0,50,1.085266,1.613033,1.486301,1.098473,1.636226,0.000203,1.206439,0.000162,2.677072,0.471957,0.471957,0.471957,1.063682,1.063682,1.063682
150,0.800000,0.300000,0.3,0.7,0.0,2,1.096886,1.075525,0.980525,1.111948,1.090311,0.000245,1.236183,0.000194,1.188585,0.672884,1.134468,1.214869,1.042292,1.142732,1.223720
150,0.800000,0.300000,0.3,0.7,0.0,3,1.096886,1.056618,0.963289,1.111948,1.071143,0.000245,1.236183,0.000141,1.147207,0.672884,1.078601,1.167350,1.042292,1.094431,1.184483
150,0.800000,0.300000,0.3,0.7,0.0,4,1.096886,1.043407,0.951245,1.111948,1.057764,0.000245,1.236183,0.000110,1.118755,0.672884,1.036016,1.128950,1.042292,1.058992,1.153988
150,0.800000,0.300000,0.3,0.7,0.0,5,1.096886,1.034322,0.942962,1.111948,1.048486,0.000245,1.236183,0.000087,1.099237,0.672884,1.003618,1.097036,1.042292,1.033516,1.129718
150,0.800000,0.300000,0.3,0.7,0.0,6,1.096886,1.028406,0.937569,1.111948,1.042448,0.000245,1.236183,0.000075,1.086622,0.672884,0.978249,1.069997,1.042292,1.014950,1.110142
150,0.800000,0.300000,0.3,0.7,0.0,7,1.096886,1.024381,0.933899,1.111948,1.038341,0.000245,1.236183,0.000065,1.078087,0.672884,0.957681,1.046647,1.042292,1.001122,1.094125
150,0.800000,0.300000,0.3,0.7,0.0,8,1.096886,1.022104,0.931823,1.111948,1.035963,0.000245,1.236183,0.000058,1.073161,0.672884,0.940506,1.026283,1.042292,0.990657,1.081010
150,0.800000,0.300000,0.3,0.7,0.0,9,1.096886,1.020595,0.930448,1.111948,1.034376,0.000245,1.236183,0.000053,1.069881,0.672884,0.925724,1.008212,1.042292,0.982572,1.070129
150,0.800000,0.300000,0.3,0.7,0.0,10,1.096886,1.020177,0.930066,1.111948,1.033880,0.000245,1.236183,0.000047,1.068862,0.672884,0.912748,0.992111,1.042292,0.976293,1.061185
150,0.800000,0.300000,0.3,0.7,0.0,11,1.096886,1.020569,0.930424,1.111948,1.034221,0.000245,1.236183,0.000046,1.069566,0.672884,0.901007,0.977509,1.042292,0.971248,1.053718
150,0.800000,0.300000,0.3,0.7,0.0,12,1.096886,1.021229,0.931025,1.111948,1.034821,0.000245,1.236183,0.000047,1.070808,0.672884,0.890270,0.964181,1.042292,0.967213,1.047518
150,0.800000,0.300000,0.3,0.7,0.0,13,1.096886,1.022467,0.932154,1.111948,1.035986,0.000245,1.236183,0.000044,1.073222,0.672884,0.880248,0.951905,1.042292,0.963898,1.042372
150,0.800000,0.300000,0.3,0.7,0.0,14,1.096886,1.023699,0.933278,1.111948,1.037219,0.000245,1.236183,0.000045,1.075778,0.672884,0.870824,0.940492,1.042292,0.961191,1.038095
150,0.800000,0.300000,0.3,0.7,0.0,15,1.096886,1.025706,0.935107,1.111948,1.039129,0.000245,1.236183,0.000045,1.079744,0.672884,0.861813,0.929775,1.042292,0.958899,1.034525
150,0.800000,0.300000,0.3,0.7,0.0,16,1.096886,1.027738,0.936960,1.111948,1.041142,0.000245,1.236183,0.000047,1.083931,0.672884,0.853188,0.919709,1.042292,0.957002,1.031627
150,0.800000,0.300000,0.3,0.7,0.0,17,1.096886,1.029967,0.938991,1.111948,1.043315,0.000245,1.236183,0.000048,1.088458,0.672884,0.844880,0.910146,1.042292,0.955434,1.029251
150,0.800000,0.300000,0.3,0.7,0.0,18,1.096886,1.032423,0.941231,1.111948,1.045751,0.000245,1.236183,0.000048,1.093546,0.672884,0.836803,0.900987,1.042292,0.954102,1.027296
150,0.800000,0.300000,0.3,0.7,0.0,19,1.096886,1.035118,0.943687,1.111948,1.048368,0.000245,1.236183,0.000046,1.099029,0.672884,0.828958,0.892230,1.042292,0.953016,1.025770
150,0.800000,0.300000,0.3,0.7,0.0,20,1.096886,1.037989,0.946305,1.111948,1.051222,0.000245,1.236183,0.000046,1.105020,0.672884,0.821305,0.883789,1.042292,0.952133,1.024586
150,0.800000,0.300000,0.3,0.7,0.0,21,1.096886,1.041063,0.949107,1.111948,1.054257,0.000245,1.236183,0.000049,1.111409,0.672884,0.813806,0.875601,1.042292,0.951415,1.023677
150,0.800000,0.300000,0.3,0.7,0.0,22,1.096886,1.044211,0.951977,1.111948,1.057392,0.000245,1.236183,0.000049,1.118029,0.672884,0.806436,0.867620,1.042292,0.950837,1.022996
150,0.800000,0.300000,0.3,0.7,0.0,23,1.096886,1.047707,0.955165,1.111948,1.060874,0.000245,1.236183,0.000047,1.125406,0.672884,0.799241,0.859875,1.042292,0.950458,1.022586
150,0.800000,0.300000,0.3,0.7,0.0,24,1.096886,1.051122,0.958278,1.111948,1.064259,0.000245,1.236183,0.000048,1.132600,0.672884,0.792157,0.852261,1.042292,0.950206,1.022325
150,0.800000,0.300000,0.3,0.7,0.0,25,1.096886,1.055048,0.961857,1.111948,1.068191,0.000245,1.236183,0.000046,1.140987,0.672884,0.785225,0.844821,1.042292,0.950132,1.022270
150,0.800000,0.300000,0.3,0.7,0.0,26,1.096886,1.058932,0.965399,1.111948,1.072058,0.000245,1.236183,0.000046,1.149262,0.672884,0.778398,0.837488,1.042292,0.950185,1.022345
150,0.800000,0.300000,0.3,0.7,0.0,27,1.096886,1.063297,0.969378,1.111948,1.076428,0.000245,1.236183,0.000041,1.158655,0.672884,0.771716,0.830267,1.042292,0.950419,1.022558
150,0.800000,0.300000,0.3,0.7,0.0,28,1.096886,1.067690,0.973382,1.111948,1.080785,0.000245,1.236183,0.000038,1.168060,0.672884,0.765149,0.823125,1.042292,0.950799,1.022874
150,0.800000,0.300000,0.3,0.7,0.0,29,1.096886,1.072488,0.977757,1.111948,1.085599,0.000245,1.236183,0.000038,1.178487,0.672884,0.758721,0.816071,1.042292,0.951361,1.023306
150,0.800000,0.300000,0.3,0.7,0.0,30,1.096886,1.077314,0.982157,1.111948,1.090419,0.000245,1.236183,0.000036,1.188978,0.672884,0.752423,0.809080,1.042292,0.952097,1.023826
150,0.800000,0.300000,0.3,0.7,0.0,31,1.096886,1.082343,0.986741,1.111948,1.095492,0.000245,1.236183,0.000034,1.200069,0.672884,0.746246,0.802127,1.042292,0.953001,1.024403
150,0.800000,0.300000,0.3,0.7,0.0,32,1.096886,1.087779,0.991697,1.111948,1.100960,0.000245,1.236183,0.000030,1.212083,0.672884,0.740225,0.795223,1.042292,0.954124,1.025056
150,0.800000,0.300000,0.3,0.7,0.0,33,1.096886,1.093745,0.997137,1.111948,1.106926,0.000245,1.236183,0.000028,1.225257,0.672884,0.734359,0.788365,1.042292,0.955470,1.025780
150,0.800000,0.300000,0.3,0.7,0.0,34,1.096886,1.099839,1.002692,1.111948,1.113068,0.000245,1.236183,0.000027,1.238893,0.672884,0.728653,0.781542,1.042292,0.957052,1.026564
150,0.800000,0.300000,0.3,0.7,0.0,35,1.096886,1.106132,1.008429,1.111948,1.119373,0.000245,1.236183,0.000025,1.252971,0.672884,0.723119,0.774737,1.042292,0.958890,1.027387
150,0.800000,0.300000,0.3,0.7,0.0,36,1.096886,1.113030,1.014718,1.111948,1.126357,0.000245,1.236183,0.000022,1.268658,0.672884,0.717763,0.767953,1.042292,0.961005,1.028254
150,0.800000,0.300000,0.3,0.7,0.0,37,1.096886,1.120526,1.021551,1.111948,1.133935,0.000245,1.236183,0.000021,1.285788,0.672884,0.712588,0.761178,1.042292,0.963406,1.029150
150,0.800000,0.300000,0.3,0.7,0.0,38,1.096886,1.128067,1.028427,1.111948,1.141536,0.000245,1.236183,0.000019,1.303085,0.672884,0.707621,0.754403,1.042292,0.966138,1.030063
150,0.800000,0.300000,0.3,0.7,0.0,39,1.096886,1.136140,1.035786,1.111948,1.149651,0.000245,1.236183,0.000018,1.321680,0.672884,0.702883,0.747639,1.042292,0.969240,1.031011
150,0.800000,0.300000,0.3,0.7,0.0,40,1.096886,1.144594,1.043494,1.111948,1.158200,0.000245,1.236183,0.000017,1.341411,0.672884,0.698398,0.740897,1.042292,0.972759,1.032007
150,0.800000,0.300000,0.3,0.7,0.0,41,1.096886,1.153855,1.051936,1.111948,1.167603,0.000245,1.236183,0.000016,1.363280,0.672884,0.694149,0.734119,1.042292,0.976682,1.032974
150,0.800000,0.300000,0.3,0.7,0.0,42,1.096886,1.163683,1.060897,1.111948,1.177527,0.000245,1.236183,0.000017,1.386553,0.672884,0.690210,0.727382,1.042292,0.981125,1.034020
150,0.800000,0.300000,0.3,0.7,0.0,43,1.096886,1.174042,1.070341,1.111948,1.187987,0.000245,1.236183,0.000014,1.411299,0.672884,0.686566,0.720595,1.042292,0.986087,1.035014
150,0.800000,0.300000,0.3,0.7,0.0,44,1.096886,1.185301,1.080605,1.111948,1.199388,0.000245,1.236183,0.000014,1.438518,0.672884,0.683265,0.713816,1.042292,0.991652,1.036041
150,0.800000,0.300000,0.3,0.7,0.0,45,1.096886,1.196918,1.091196,1.111948,1.211179,0.000245,1.236183,0.000013,1.466941,0.672884,0.680343,0.707038,1.042292,0.997891,1.037092
150,0.800000,0.300000,0.3,0.7,0.0,46,1.096886,1.209719,1.102866,1.111948,1.224145,0.000245,1.236183,0.000014,1.498517,0.672884,0.677829,0.700234,1.042292,1.004872,1.038128
150,0.800000,0.300000,0.3,0.7,0.0,47,1.096886,1.223303,1.115250,1.111948,1.237913,0.000245,1.236183,0.000014,1.532415,0.672884,0.675770,0.693421,1.042292,1.012686,1.039171
150,0.800000,0.300000,0.3,0.7,0.0,48,1.096886,1.237947,1.128601,1.111948,1.252795,0.000245,1.236183,0.000015,1.569480,0.672884,0.674220,0.686592,1.042292,1.021444,1.040214
150,0.800000,0.300000,0.3,0.7,0.0,49,1.096886,1.253674,1.142939,1.111948,1.268780,0.000245,1.236183,0.000016,1.609787,0.672884,0.673234,0.679745,1.042292,1.031265,1.041252
150,0.800000,0.300000,0.3,0.7,0.0,50,1.096886,1.270610,1.158379,1.111948,1.286008,0.000245,1.236183,0.000018,1.653799,0.672884,0.672884,0.672884,1.042292,1.042292,1.042292
200,0.800000,0.300000,0.3,0.7,0.0,2,1.076503,1.054451,0.979515,1.090251,1.067844,0.000029,1.188619,0.000032,1.140258,0.767959,1.140630,1.215045,1.038070,1.146719,1.221531
200,0.800000,0.300000,0.3,0.7,0.0,3,1.076503,1.034755,0.961219,1.090251,1.047999,0.000029,1.188619,0.000037,1.098266,0.767959,1.089815,1.171862,1.038070,1.101513,1.184441
200,0.800000,0.300000,0.3,0.7,0.0,4,1.076503,1.020470,0.947950,1.090251,1.033564,0.000029,1.188619,0.000042,1.068212,0.767959,1.050948,1.136958,1.038070,1.067961,1.155364
200,0.800000,0.300000,0.3,0.7,0.0,5,1.076503,1.010704,0.938878,1.090251,1.023759,0.000029,1.188619,0.000048,1.048034,0.767959,1.021540,1.108065,1.038070,1.043708,1.132111
200,0.800000,0.300000,0.3,0.7,0.0,6,1.076503,1.003805,0.932468,1.090251,1.016793,0.000029,1.188619,0.000054,1.033814,0.767959,0.998678,1.083599,1.038070,1.025916,1.113154
200,0.800000,0.300000,0.3,0.7,0.0,7,1.076503,0.998968,0.927975,1.090251,1.011929,0.000029,1.188619,0.000061,1.023940,0.767959,0.980421,1.062611,1.038070,1.012685,1.097580
200,0.800000,0.300000,0.3,0.7,0.0,8,1.076503,0.995876,0.925103,1.090251,1.008805,0.000029,1.188619,0.000071,1.017616,0.767959,0.965388,1.044326,1.038070,1.002656,1.084643
200,0.800000,0.300000,0.3,0.7,0.0,9,1.076503,0.993944,0.923309,1.090251,1.006902,0.000029,1.188619,0.000074,1.013778,0.767959,0.952750,1.028292,1.038070,0.995018,1.073912
200,0.800000,0.300000,0.3,0.7,0.0,10,1.076503,0.992568,0.922030,1.090251,1.005511,0.000029,1.188619,0.000080,1.010973,0.767959,0.941791,1.014017,1.038070,0.989058,1.064910
200,0.800000,0.300000,0.3,0.7,0.0,11,1.076503,0.992018,0.921519,1.090251,1.004962,0.000029,1.188619,0.000086,1.009863,0.767959,0.932134,1.001256,1.038070,0.984406,1.057405
200,0.800000,0.300000,0.3,0.7,0.0,12,1.076503,0.991746,0.921267,1.090251,1.004670,0.000029,1.188619,0.000092,1.009269,0.767959,0.923433,0.989675,1.038070,0.980717,1.051070
200,0.800000,0.300000,0.3,0.7,0.0,13,1.076503,0.992123,0.921616,1.090251,1.005069,0.000029,1.188619,0.000098,1.010065,0.767959,0.915455,0.979070,1.038070,0.977758,1.045704
200,0.800000,0.300000,0.3,0.7,0.0,14,1.076503,0.992895,0.922334,1.090251,1.005835,0.000029,1.188619,0.000105,1.011599,0.767959,0.908068,0.969369,1.038070,0.975400,1.041248
200,0.800000,0.300000,0.3,0.7,0.0,15,1.076503,0.993561,0.922953,1.090251,1.006529,0.000029,1.188619,0.000106,1.012995,0.767959,0.901147,0.960375,1.038070,0.973519,1.037505
200,0.800000,0.300000,0.3,0.7,0.0,16,1.076503,0.994951,0.924243,1.090251,1.007891,0.000029,1.188619,0.000114,1.015731,0.767959,0.894554,0.951933,1.038070,0.971972,1.034319
200,0.800000,0.300000,0.3,0.7,0.0,17,1.076503,0.996019,0.925236,1.090251,1.008997,0.000029,1.188619,0.000115,1.017959,0.767959,0.888295,0.944037,1.038070,0.970772,1.031693
200,0.800000,0.300000,0.3,0.7,0.0,18,1.076503,0.997658,0.926758,1.090251,1.010633,0.000029,1.188619,0.000121,1.021257,0.767959,0.882270,0.936584,1.038070,0.969816,1.029522
200,0.800000,0.300000,0.3,0.7,0.0,19,1.076503,0.998949,0.927958,1.090251,1.011915,0.000029,1.188619,0.000119,1.023852,0.767959,0.876460,0.929501,1.038070,0.969085,1.027735
200,0.800000,0.300000,0.3,0.7,0.0,20,1.076503,1.000974,0.929838,1.090251,1.013966,0.000029,1.188619,0.000133,1.027995,0.767959,0.870816,0.922705,1.038070,0.968531,1.026247
200,0.800000,0.300000,0.3,0.7,0.0,21,1.076503,1.002763,0.931500,1.090251,1.015784,0.000029,1.188619,0.000130,1.031688,0.767959,0.865363,0.916242,1.038070,0.968184,1.025113
200,0.800000,0.300000,0.3,0.7,0.0,22,1.076503,1.004813,0.933405,1.090251,1.017882,0.000029,1.188619,0.000131,1.035953,0.767959,0.860025,0.909972,1.038070,0.967963,1.024183
200,0.800000,0.300000,0.3,0.7,0.0,23,1.076503,1.007006,0.935442,1.090251,1.020076,0.000029,1.188619,0.000134,1.040420,0.767959,0.854824,0.903921,1.038070,0.967893,1.023489
200,0.800000,0.300000,0.3,0.7,0.0,24,1.076503,1.009275,0.937550,1.090251,1.022351,0.000029,1.188619,0.000136,1.045066,0.767959,0.849760,0.898055,1.038070,0.967980,1.022999
200,0.800000,0.300000,0.3,0.7,0.0,25,1.076503,1.011831,0.939924,1.090251,1.024957,0.000029,1.188619,0.000139,1.050398,0.767959,0.844818,0.892362,1.038070,0.968206,1.022700
200,0.800000,0.300000,0.3,0.7,0.0,26,1.076503,1.014270,0.942190,1.090251,1.027403,0.000029,1.188619,0.000137,1.055421,0.767959,0.839950,0.886748,1.038070,0.968521,1.022489
200,0.800000,0.300000,0.3,0.7,0.0,27,1.076503,1.017113,0.944831,1.090251,1.030269,0.000029,1.188619,0.000139,1.061315,0.767959,0.835232,0.881302,1.038070,0.969014,1.022471
200,0.800000,0.300000,0.3,0.7,0.0,28,1.076503,1.019818,0.947343,1.090251,1.032948,0.000029,1.188619,0.000142,1.066840,0.767959,0.830595,0.875937,1.038070,0.969608,1.022546
200,0.800000,0.300000,0.3,0.7,0.0,29,1.076503,1.023024,0.950322,1.090251,1.036182,0.000029,1.188619,0.000144,1.073529,0.767959,0.826095,0.870678,1.038070,0.970369,1.022747
200,0.800000,0.300000,0.3,0.7,0.0,30,1.076503,1.026198,0.953270,1.090251,1.039409,0.000029,1.188619,0.000140,1.080232,0.767959,0.821686,0.865473,1.038070,0.971248,1.023014
200,0.800000,0.300000,0.3,0.7,0.0,31,1.076503,1.029818,0.956633,1.090251,1.043022,0.000029,1.188619,0.000142,1.087752,0.767959,0.817389,0.860344,1.038070,0.972272,1.023375
200,0.800000,0.300000,0.3,0.7,0.0,32,1.076503,1.033354,0.959918,1.090251,1.046552,0.000029,1.188619,0.000141,1.095131,0.767959,0.813217,0.855275,1.038070,0.973458,1.023813
200,0.800000,0.300000,0.3,0.7,0.0,33,1.076503,1.037218,0.963507,1.090251,1.050448,0.000029,1.188619,0.000136,1.103306,0.767959,0.809157,0.850241,1.038070,0.974794,1.024298
200,0.800000,0.300000,0.3,0.7,0.0,34,1.076503,1.041096,0.967110,1.090251,1.054368,0.000029,1.188619,0.000132,1.111560,0.767959,0.805228,0.845272,1.038070,0.976307,1.024869
200,0.800000,0.300000,0.3,0.7,0.0,35,1.076503,1.045329,0.971042,1.090251,1.058610,0.000029,1.188619,0.000138,1.120518,0.767959,0.801433,0.840333,1.038070,0.978002,1.025484
200,0.800000,0.300000,0.3,0.7,0.0,36,1.076503,1.049760,0.975158,1.090251,1.063047,0.000029,1.188619,0.000134,1.129936,0.767959,0.797768,0.835415,1.038070,0.979878,1.026131
200,0.800000,0.300000,0.3,0.7,0.0,37,1.076503,1.054652,0.979702,1.090251,1.067953,0.000029,1.188619,0.000128,1.140396,0.767959,0.794266,0.830540,1.038070,0.981982,1.026841
200,0.800000,0.300000,0.3,0.7,0.0,38,1.076503,1.059522,0.984226,1.090251,1.072864,0.000029,1.188619,0.000126,1.150912,0.767959,0.790908,0.825684,1.038070,0.984293,1.027584
200,0.800000,0.300000,0.3,0.7,0.0,39,1.076503,1.064786,0.989116,1.090251,1.078165,0.000029,1.188619,0.000120,1.162319,0.767959,0.787709,0.820835,1.038070,0.986833,1.028345
200,0.800000,0.300000,0.3,0.7,0.0,40,1.076503,1.070350,0.994284,1.090251,1.083744,0.000029,1.188619,0.000120,1.174381,0.767959,0.784698,0.816015,1.038070,0.989645,1.029154
200,0.800000,0.300000,0.3,0.7,0.0,41,1.076503,1.076180,0.999700,1.090251,1.089613,0.000029,1.188619,0.000111,1.187144,0.767959,0.781862,0.811188,1.038070,0.992718,1.029965
200,0.800000,0.300000,0.3,0.7,0.0,42,1.076503,1.082347,1.005429,1.090251,1.095819,0.000029,1.188619,0.000105,1.200714,0.767959,0.779236,0.806375,1.038070,0.996099,1.030804
200,0.800000,0.300000,0.3,0.7,0.0,43,1.076503,1.088755,1.011382,1.090251,1.102249,0.000029,1.188619,0.000098,1.214855,0.767959,0.776830,0.801571,1.038070,0.999812,1.031666
200,0.800000,0.300000,0.3,0.7,0.0,44,1.076503,1.095705,1.017838,1.090251,1.109259,0.000029,1.188619,0.000093,1.230362,0.767959,0.774664,0.796780,1.038070,1.003886,1.032557
200,0.800000,0.300000,0.3,0.7,0.0,45,1.076503,1.103093,1.024700,1.090251,1.116695,0.000029,1.188619,0.000083,1.246924,0.767959,0.772753,0.791979,1.038070,1.008349,1.033447
200,0.800000,0.300000,0.3,0.7,0.0,46,1.076503,1.111015,1.032060,1.090251,1.124672,0.000029,1.188619,0.000078,1.264810,0.767959,0.771119,0.787177,1.038070,1.013239,1.034348
200,0.800000,0.300000,0.3,0.7,0.0,47,1.076503,1.119223,1.039684,1.090251,1.132968,0.000029,1.188619,0.000066,1.283552,0.767959,0.769796,0.782385,1.038070,1.018610,1.035276
200,0.800000,0.300000,0.3,0.7,0.0,48,1.076503,1.128050,1.047884,1.090251,1.141855,0.000029,1.188619,0.000058,1.303773,0.767959,0.768804,0.777583,1.038070,1.024499,1.036202
200,0.800000,0.300000,0.3,0.7,0.0,49,1.076503,1.137435,1.056602,1.090251,1.151329,0.000029,1.188619,0.000049,1.325508,0.767959,0.768179,0.772772,1.038070,1.030964,1.037131
200,0.800000,0.300000,0.3,0.7,0.0,50,1.076503,1.147301,1.065767,1.090251,1.161313,0.000029,1.188619,0.000040,1.348607,0.767959,0.767959,0.767959,1.038070,1.038070,1.038070
300,0.800000,0.300000,0.3,0.7,0.0,2,1.078355,1.058379,0.981476,1.091173,1.070743,0.000023,1.190636,0.000017,1.146473,0.845600,1.150420,1.223393,1.018690,1.154423,1.227650
300,0.800000,0.300000,0.3,0.7,0.0,3,1.078355,1.040767,0.965144,1.091173,1.052758,0.000023,1.190636,0.000011,1.108288,0.845600,1.102046,1.181896,1.018690,1.109742,1.190150
300,0.800000,0.300000,0.3,0.7,0.0,4,1.078355,1.027800,0.953119,1.091173,1.039492,0.000023,1.190636,0.000008,1.080537,0.845600,1.065300,1.148744,1.018690,1.076499,1.160820
300,0.800000,0.300000,0.3,0.7,0.0,5,1.078355,1.018674,0.944656,1.091173,1.030251,0.000023,1.190636,0.000004,1.061413,0.845600,1.037668,1.121440,1.018690,1.052263,1.137214
300,0.800000,0.300000,0.3,0.7,0.0,6,1.078355,1.012201,0.938653,1.091173,1.023677,0.000023,1.190636,0.000002,1.047913,0.845600,1.016281,1.098287,1.018690,1.034212,1.117665
300,0.800000,0.300000,0.3,0.7,0.0,7,1.078355,1.007858,0.934625,1.091173,1.019261,0.000023,1.190636,0.000001,1.038892,0.845600,0.999498,1.078573,1.018690,1.020735,1.101490
300,0.800000,0.300000,0.3,0.7,0.0,8,1.078355,1.004595,0.931600,1.091173,1.015950,0.000023,1.190636,0.000001,1.032154,0.845600,0.985960,1.061545,1.018690,1.010487,1.087953
300,0.800000,0.300000,0.3,0.7,0.0,9,1.078355,1.002612,0.929761,1.091173,1.013947,0.000023,1.190636,0.000001,1.028087,0.845600,0.974790,1.046680,1.018690,1.002603,1.076544
300,0.800000,0.300000,0.3,0.7,0.0,10,1.078355,1.001159,0.928413,1.091173,1.012501,0.000023,1.190636,0.000000,1.025158,0.845600,0.965367,1.033587,1.018690,0.996465,1.066883
300,0.800000,0.300000,0.3,0.7,0.0,11,1.078355,1.000566,0.927864,1.091173,1.011922,0.000023,1.190636,0.000000,1.023987,0.845600,0.957246,1.021958,1.018690,0.991632,1.058668
300,0.800000,0.300000,0.3,0.7,0.0,12,1.078355,1.000366,0.927678,1.091173,1.011728,0.000023,1.190636,0.000000,1.023593,0.845600,0.950070,1.011479,1.018690,0.987746,1.051590
300,0.800000,0.300000,0.3,0.7,0.0,13,1.078355,1.000413,0.927722,1.091173,1.011800,0.000023,1.190636,0.000000,1.023739,0.845600,0.943734,1.002126,1.018690,0.984709,1.045636
300,0.800000,0.300000,0.3,0.7,0.0,14,1.078355,1.000762,0.928045,1.091173,1.012184,0.000023,1.190636,0.000000,1.024516,0.845600,0.937929,0.993518,1.018690,0.982206,1.040418
300,0.800000,0.300000,0.3,0.7,0.0,15,1.078355,1.001146,0.928402,1.091173,1.012578,0.000023,1.190636,0.000000,1.025315,0.845600,0.932642,0.985711,1.018690,0.980229,1.036005
300,0.800000,0.300000,0.3,0.7,0.0,16,1.078355,1.001942,0.929139,1.091173,1.013390,0.000023,1.190636,0.000001,1.026959,0.845600,0.927715,0.978499,1.018690,0.978617,1.032187
300,0.800000,0.300000,0.3,0.7,0.0,17,1.078355,1.002915,0.930042,1.091173,1.014394,0.000023,1.190636,0.000001,1.028994,0.845600,0.923107,0.971809,1.018690,0.977330,1.028893
300,0.800000,0.300000,0.3,0.7,0.0,18,1.078355,1.003757,0.930823,1.091173,1.015272,0.000023,1.190636,0.000002,1.030775,0.845600,0.918763,0.965601,1.018690,0.976315,1.026088
300,0.800000,0.300000,0.3,0.7,0.0,19,1.078355,1.005012,0.931987,1.091173,1.016539,0.000023,1.190636,0.000002,1.033350,0.845600,0.914623,0.959756,1.018690,0.975511,1.023649
300,0.800000,0.300000,0.3,0.7,0.0,20,1.078355,1.006197,0.933086,1.091173,1.017771,0.000023,1.190636,0.000003,1.035856,0.845600,0.910679,0.954265,1.018690,0.974910,1.021570
300,0.800000,0.300000,0.3,0.7,0.0,21,1.078355,1.007456,0.934253,1.091173,1.019063,0.000023,1.190636,0.000003,1.038487,0.845600,0.906890,0.949072,1.018690,0.974471,1.019797
300,0.800000,0.300000,0.3,0.7,0.0,22,1.078355,1.008835,0.935531,1.091173,1.020437,0.000023,1.190636,0.000004,1.041288,0.845600,0.903245,0.944122,1.018690,0.974184,1.018272
300,0.800000,0.300000,0.3,0.7,0.0,23,1.078355,1.010401,0.936984,1.091173,1.022066,0.000023,1.190636,0.000005,1.044614,0.845600,0.899725,0.939401,1.018690,0.974031,1.016983
300,0.800000,0.300000,0.3,0.7,0.0,24,1.078355,1.011796,0.938278,1.091173,1.023486,0.000023,1.190636,0.000005,1.047518,0.845600,0.896334,0.934889,1.018690,0.974016,1.015913
300,0.800000,0.300000,0.3,0.7,0.0,25,1.078355,1.013382,0.939749,1.091173,1.025094,0.000023,1.190636,0.000006,1.050811,0.845600,0.893056,0.930552,1.018690,0.974124,1.015024
300,0.800000,0.300000,0.3,0.7,0.0,26,1.078355,1.015041,0.941287,1.091173,1.026805,0.000023,1.190636,0.000007,1.054322,0.845600,0.889870,0.926354,1.018690,0.974335,1.014282
300,0.800000,0.300000,0.3,0.7,0.0,27,1.078355,1.016994,0.943098,1.091173,1.028774,0.000023,1.190636,0.000008,1.058367,0.845600,0.886783,0.922297,1.018690,0.974655,1.013689
300,0.800000,0.300000,0.3,0.7,0.0,28,1.078355,1.018632,0.944617,1.091173,1.030450,0.000023,1.190636,0.000009,1.061818,0.845600,0.883794,0.918362,1.018690,0.975086,1.013226
300,0.800000,0.300000,0.3,0.7,0.0,29,1.078355,1.020520,0.946367,1.091173,1.032384,0.000023,1.190636,0.000011,1.065806,0.845600,0.880886,0.914518,1.018690,0.975610,1.012860
300,0.800000,0.300000,0.3,0.7,0.0,30,1.078355,1.022653,0.948346,1.091173,1.034540,0.000023,1.190636,0.000013,1.070261,0.845600,0.878094,0.910802,1.018690,0.976267,1.012633
300,0.800000,0.300000,0.3,0.7,0.0,31,1.078355,1.024707,0.950250,1.091173,1.036645,0.000023,1.190636,0.000014,1.074618,0.845600,0.875366,0.907136,1.018690,0.977001,1.012460
300,0.800000,0.300000,0.3,0.7,0.0,32,1.078355,1.026861,0.952248,1.091173,1.038837,0.000023,1.190636,0.000016,1.079166,0.845600,0.872746,0.903556,1.018690,0.977861,1.012383
300,0.800000,0.300000,0.3,0.7,0.0,33,1.078355,1.029032,0.954261,1.091173,1.041065,0.000023,1.190636,0.000016,1.083801,0.845600,0.870212,0.900043,1.018690,0.978825,1.012380
300,0.800000,0.300000,0.3,0.7,0.0,34,1.078355,1.031341,0.956403,1.091173,1.043403,0.000023,1.190636,0.000018,1.088673,0.845600,0.867771,0.896584,1.018690,0.979901,1.012439
300,0.800000,0.300000,0.3,0.7,0.0,35,1.078355,1.033775,0.958660,1.091173,1.045880,0.000023,1.190636,0.000020,1.093845,0.845600,0.865432,0.893189,1.018690,0.981101,1.012570
300,0.800000,0.300000,0.3,0.7,0.0,36,1.078355,1.036338,0.961036,1.091173,1.048507,0.000023,1.190636,0.000022,1.099345,0.845600,0.863187,0.889831,1.018690,0.982418,1.012745
300,0.800000,0.300000,0.3,0.7,0.0,37,1.078355,1.038862,0.963377,1.091173,1.051055,0.000023,1.190636,0.000023,1.104694,0.845600,0.861051,0.886519,1.018690,0.983870,1.012973
300,0.800000,0.300000,0.3,0.7,0.0,38,1.078355,1.041573,0.965891,1.091173,1.053827,0.000023,1.190636,0.000026,1.110525,0.845600,0.859016,0.883241,1.018690,0.985450,1.013242
300,0.800000,0.300000,0.3,0.7,0.0,39,1.078355,1.044434,0.968544,1.091173,1.056740,0.000023,1.190636,0.000027,1.116673,0.845600,0.857097,0.879994,1.018690,0.987176,1.013549
300,0.800000,0.300000,0.3,0.7,0.0,40,1.078355,1.047480,0.971369,1.091173,1.059828,0.000023,1.190636,0.000029,1.123207,0.845600,0.855298,0.876785,1.018690,0.989054,1.013902
300,0.800000,0.300000,0.3,0.7,0.0,41,1.078355,1.050480,0.974151,1.091173,1.062894,0.000023,1.190636,0.000032,1.129711,0.845600,0.853621,0.873590,1.018690,0.991088,1.014274
300,0.800000,0.300000,0.3,0.7,0.0,42,1.078355,1.053762,0.977194,1.091173,1.066246,0.000023,1.190636,0.000033,1.136847,0.845600,0.852075,0.870422,1.018690,0.993293,1.014682
300,0.800000,0.300000,0.3,0.7,0.0,43,1.078355,1.057148,0.980334,1.091173,1.069703,0.000023,1.190636,0.000036,1.144230,0.845600,0.850671,0.867279,1.018690,0.995681,1.015122
300,0.800000,0.300000,0.3,0.7,0.0,44,1.078355,1.060669,0.983599,1.091173,1.073288,0.000023,1.190636,0.000037,1.151909,0.845600,0.849410,0.864141,1.018690,0.998257,1.015571
300,0.800000,0.300000,0.3,0.7,0.0,45,1.078355,1.064486,0.987139,1.091173,1.077142,0.000023,1.190636,0.000040,1.160195,0.845600,0.848309,0.861023,1.018690,1.001042,1.016048
300,0.800000,0.300000,0.3,0.7,0.0,46,1.078355,1.068425,0.990792,1.091173,1.081170,0.000023,1.190636,0.000042,1.168887,0.845600,0.847378,0.857922,1.018690,1.004053,1.016547
300,0.800000,0.300000,0.3,0.7,0.0,47,1.078355,1.072488,0.994559,1.091173,1.085303,0.000023,1.190636,0.000045,1.177838,0.845600,0.846626,0.854824,1.018690,1.007300,1.017056
300,0.800000,0.300000,0.3,0.7,0.0,48,1.078355,1.076831,0.998587,1.091173,1.089725,0.000023,1.190636,0.000048,1.187452,0.845600,0.846070,0.851745,1.018690,1.010810,1.017591
300,0.800000,0.300000,0.3,0.7,0.0,49,1.078355,1.081324,1.002753,1.091173,1.094303,0.000023,1.190636,0.000051,1.197449,0.845600,0.845722,0.848670,1.018690,1.014598,1.018134
300,0.800000,0.300000,0.3,0.7,0.0,50,1.078355,1.086114,1.007195,1.091173,1.099183,0.000023,1.190636,0.000054,1.208150,0.845600,0.845600,0.845600,1.018690,1.018690,1.018690
500,0.800000,0.300000,0.3,0.7,0.0,2,1.094788,1.073859,0.980883,1.109029,1.087793,0.000161,1.229785,0.000114,1.183180,0.903151,1.156216,1.226790,1.003860,1.158588,1.229306
500,0.800000,0.300000,0.3,0.7,0.0,3,1.094788,1.054840,0.963510,1.109029,1.068573,0.000161,1.229785,0.000077,1.141772,0.903151,1.111491,1.187723,1.003860,1.116061,1.192606
500,0.800000,0.300000,0.3,0.7,0.0,4,1.094788,1.040718,0.950611,1.109029,1.054347,0.000161,1.229785,0.000052,1.111596,0.903151,1.077673,1.156968,1.003860,1.084333,1.164118
500,0.800000,0.300000,0.3,0.7,0.0,5,1.094788,1.030310,0.941104,1.109029,1.043901,0.000161,1.229785,0.000037,1.089693,0.903151,1.052017,1.131518,1.003860,1.060704,1.140861
500,0.800000,0.300000,0.3,0.7,0.0,6,1.094788,1.022591,0.934053,1.109029,1.036128,0.000161,1.229785,0.000027,1.073534,0.903151,1.032394,1.110156,1.003860,1.043072,1.121638
500,0.800000,0.300000,0.3,0.7,0.0,7,1.094788,1.016702,0.928675,1.109029,1.030258,0.000161,1.229785,0.000019,1.061412,0.903151,1.017018,1.091898,1.003860,1.029666,1.105478
500,0.800000,0.300000,0.3,0.7,0.0,8,1.094788,1.012362,0.924710,1.109029,1.025909,0.000161,1.229785,0.000016,1.052473,0.903151,1.004792,1.076197,1.003860,1.019402,1.091845
500,0.800000,0.300000,0.3,0.7,0.0,9,1.094788,1.009284,0.921899,1.109029,1.022860,0.000161,1.229785,0.000012,1.046229,0.903151,0.994845,1.062520,1.003860,1.011411,1.080213
500,0.800000,0.300000,0.3,0.7,0.0,10,1.094788,1.006680,0.919520,1.109029,1.020278,0.000161,1.229785,0.000010,1.040957,0.903151,0.986609,1.050527,1.003860,1.005130,1.070248
500,0.800000,0.300000,0.3,0.7,0.0,11,1.094788,1.004855,0.917853,1.109029,1.018465,0.000161,1.229785,0.000008,1.037262,0.903151,0.979644,1.039903,1.003860,1.000120,1.061638
500,0.800000,0.300000,0.3,0.7,0.0,12,1.094788,1.003400,0.916525,1.109029,1.017041,0.000161,1.229785,0.000007,1.034365,0.903151,0.973692,1.030491,1.003860,0.996126,1.054234
500,0.800000,0.300000,0.3,0.7,0.0,13,1.094788,1.002535,0.915734,1.109029,1.016184,0.000161,1.229785,0.000007,1.032624,0.903151,0.968509,1.022080,1.003860,0.992903,1.047824
500,0.800000,0.300000,0.3,0.7,0.0,14,1.094788,1.002023,0.915266,1.109029,1.015681,0.000161,1.229785,0.000006,1.031602,0.903151,0.963884,1.014465,1.003860,0.990240,1.042204
500,0.800000,0.300000,0.3,0.7,0.0,15,1.094788,1.001662,0.914937,1.109029,1.015336,0.000161,1.229785,0.000006,1.030900,0.903151,0.959758,1.007587,1.003860,0.988079,1.037320
500,0.800000,0.300000,0.3,0.7,0.0,16,1.094788,1.001562,0.914845,1.109029,1.015248,0.000161,1.229785,0.000007,1.030723,0.903151,0.955994,1.001292,1.003860,0.986283,1.033016
500,0.800000,0.300000,0.3,0.7,0.0,17,1.094788,1.001360,0.914661,1.109029,1.015043,0.000161,1.229785,0.000006,1.030305,0.903151,0.952539,0.995538,1.003860,0.984799,1.029254
500,0.800000,0.300000,0.3,0.7,0.0,18,1.094788,1.001551,0.914836,1.109029,1.015267,0.000161,1.229785,0.000007,1.030760,0.903151,0.949346,0.990232,1.003860,0.983580,1.025940
500,0.800000,0.300000,0.3,0.7,0.0,19,1.094788,1.001719,0.914989,1.109029,1.015432,0.000161,1.229785,0.000007,1.031095,0.903151,0.946347,0.985307,1.003860,0.982556,1.023007
500,0.800000,0.300000,0.3,0.7,0.0,20,1.094788,1.002011,0.915256,1.109029,1.015708,0.000161,1.229785,0.000008,1.031655,0.903151,0.943551,0.980734,1.003860,0.981740,1.020429
500,0.800000,0.300000,0.3,0.7,0.0,21,1.094788,1.002522,0.915723,1.109029,1.016251,0.000161,1.229785,0.000008,1.032759,0.903151,0.940903,0.976470,1.003860,0.981075,1.018161
500,0.800000,0.300000,0.3,0.7,0.0,22,1.094788,1.003006,0.916165,1.109029,1.016732,0.000161,1.229785,0.000010,1.033733,0.903151,0.938385,0.972440,1.003860,0.980543,1.016128
500,0.800000,0.300000,0.3,0.7,0.0,23,1.094788,1.003492,0.916609,1.109029,1.017241,0.000161,1.229785,0.000012,1.034767,0.903151,0.936003,0.968666,1.003860,0.980151,1.014354
500,0.800000,0.300000,0.3,0.7,0.0,24,1.094788,1.004203,0.917258,1.109029,1.017933,0.000161,1.229785,0.000013,1.036176,0.903151,0.933716,0.965076,1.003860,0.979856,1.012767
500,0.800000,0.300000,0.3,0.7,0.0,25,1.094788,1.004929,0.917921,1.109029,1.018676,0.000161,1.229785,0.000015,1.037686,0.903151,0.931535,0.961665,1.003860,0.979673,1.011360
500,0.800000,0.300000,0.3,0.7,0.0,26,1.094788,1.005693,0.918619,1.109029,1.019430,0.000161,1.229785,0.000017,1.039221,0.903151,0.929455,0.958435,1.003860,0.979595,1.010138
500,0.800000,0.300000,0.3,0.7,0.0,27,1.094788,1.006497,0.919354,1.109029,1.020244,0.000161,1.229785,0.000018,1.040880,0.903151,0.927447,0.955322,1.003860,0.979592,1.009035
500,0.800000,0.300000,0.3,0.7,0.0,28,1.094788,1.007282,0.920071,1.109029,1.021028,0.000161,1.229785,0.000021,1.042476,0.903151,0.925530,0.952346,1.003860,0.979686,1.008071
500,0.800000,0.300000,0.3,0.7,0.0,29,1.094788,1.008220,0.920927,1.109029,1.021971,0.000161,1.229785,0.000025,1.044400,0.903151,0.923688,0.949483,1.003860,0.979859,1.007223
500,0.800000,0.300000,0.3,0.7,0.0,30,1.094788,1.009166,0.921791,1.109029,1.022933,0.000161,1.229785,0.000027,1.046366,0.903151,0.921932,0.946727,1.003860,0.980125,1.006486
500,0.800000,0.300000,0.3,0.7,0.0,31,1.094788,1.010169,0.922707,1.109029,1.023939,0.000161,1.229785,0.000030,1.048421,0.903151,0.920244,0.944058,1.003860,0.980465,1.005837
500,0.800000,0.300000,0.3,0.7,0.0,32,1.094788,1.011311,0.923751,1.109029,1.025096,0.000161,1.229785,0.000034,1.050788,0.903151,0.918633,0.941475,1.003860,0.980889,1.005279
500,0.800000,0.300000,0.3,0.7,0.0,33,1.094788,1.012356,0.924705,1.109029,1.026153,0.000161,1.229785,0.000038,1.052953,0.903151,0.917093,0.938961,1.003860,0.981389,1.004790
500,0.800000,0.300000,0.3,0.7,0.0,34,1.094788,1.013609,0.925850,1.109029,1.027408,0.000161,1.229785,0.000042,1.055525,0.903151,0.915624,0.936520,1.003860,0.981969,1.004379
500,0.800000,0.300000,0.3,0.7,0.0,35,1.094788,1.014788,0.926926,1.109029,1.028600,0.000161,1.229785,0.000047,1.057971,0.903151,0.914228,0.934136,1.003860,0.982629,1.004027
500,0.800000,0.300000,0.3,0.7,0.0,36,1.094788,1.016091,0.928117,1.109029,1.029905,0.000161,1.229785,0.000053,1.060652,0.903151,0.912913,0.931821,1.003860,0.983379,1.003748
500,0.800000,0.300000,0.3,0.7,0.0,37,1.094788,1.017391,0.929304,1.109029,1.031219,0.000161,1.229785,0.000059,1.063353,0.903151,0.911666,0.929548,1.003860,0.984207,1.003512
500,0.800000,0.300000,0.3,0.7,0.0,38,1.094788,1.018766,0.930560,1.109029,1.032601,0.000161,1.229785,0.000063,1.066201,0.903151,0.910492,0.927320,1.003860,0.985117,1.003324
500,0.800000,0.300000,0.3,0.7,0.0,39,1.094788,1.020226,0.931894,1.109029,1.034085,0.000161,1.229785,0.000071,1.069261,0.903151,0.909399,0.925140,1.003860,0.986118,1.003188
500,0.800000,0.300000,0.3,0.7,0.0,40,1.094788,1.021719,0.933257,1.109029,1.035592,0.000161,1.229785,0.000075,1.072375,0.903151,0.908380,0.922996,1.003860,0.987206,1.003090
500,0.800000,0.300000,0.3,0.7,0.0,41,1.094788,1.023235,0.934642,1.109029,1.037122,0.000161,1.229785,0.000084,1.075538,0.903151,0.907445,0.920888,1.003860,0.988388,1.003031
500,0.800000,0.300000,0.3,0.7,0.0,42,1.094788,1.024809,0.936080,1.109029,1.038716,0.000161,1.229785,0.000091,1.078840,0.903151,0.906592,0.918817,1.003860,0.989667,1.003012
500,0.800000,0.300000,0.3,0.7,0.0,43,1.094788,1.026586,0.937703,1.109029,1.040510,0.000161,1.229785,0.000099,1.082563,0.903151,0.905825,0.916777,1.003860,0.991045,1.003027
500,0.800000,0.300000,0.3,0.7,0.0,44,1.094788,1.028350,0.939314,1.109029,1.042287,0.000161,1.229785,0.000107,1.086255,0.903151,0.905145,0.914757,1.003860,0.992524,1.003064
500,0.800000,0.300000,0.3,0.7,0.0,45,1.094788,1.030173,0.940979,1.109029,1.044141,0.000161,1.229785,0.000114,1.090116,0.903151,0.904559,0.912769,1.003860,0.994113,1.003136
500,0.800000,0.300000,0.3,0.7,0.0,46,1.094788,1.032004,0.942652,1.109029,1.045991,0.000161,1.229785,0.000125,1.093973,0.903151,0.904067,0.910805,1.003860,0.995813,1.003235
500,0.800000,0.300000,0.3,0.7,0.0,47,1.094788,1.034036,0.944507,1.109029,1.048047,0.000161,1.229785,0.000134,1.098268,0.903151,0.903676,0.908862,1.003860,0.997632,1.003357
500,0.800000,0.300000,0.3,0.7,0.0,48,1.094788,1.036111,0.946403,1.109029,1.050145,0.000161,1.229785,0.000143,1.102663,0.903151,0.903390,0.906939,1.003860,0.999575,1.003502
500,0.800000,0.300000,0.3,0.7,0.0,49,1.094788,1.038282,0.948387,1.109029,1.052345,0.000161,1.229785,0.000152,1.107278,0.903151,0.903213,0.905037,1.003860,1.001649,1.003672
500,0.800000,0.300000,0.3,0.7,0.0,50,1.094788,1.040526,0.950436,1.109029,1.054614,0.000161,1.229785,0.000162,1.112049,0.903151,0.903151,0.903151,1.003860,1.003860,1.003860
800,0.800000,0.300000,0.3,0.7,0.0,2,1.081959,1.061611,0.981193,1.096997,1.076336,0.000001,1.203402,0.000002,1.158497,0.938675,1.161418,1.231016,1.000876,1.162893,1.232580
800,0.800000,0.300000,0.3,0.7,0.0,3,1.081959,1.043589,0.964536,1.096997,1.058067,0.000001,1.203402,0.000015,1.119490,0.938675,1.118231,1.193006,1.000876,1.121074,1.196039
800,0.800000,0.300000,0.3,0.7,0.0,4,1.081959,1.030120,0.952088,1.096997,1.044424,0.000001,1.203402,0.000032,1.090788,0.938675,1.085753,1.163228,1.000876,1.089900,1.167671
800,0.800000,0.300000,0.3,0.7,0.0,5,1.081959,1.020205,0.942924,1.096997,1.034356,0.000001,1.203402,0.000053,1.069840,0.938675,1.061371,1.138789,1.000876,1.066783,1.144595
800,0.800000,0.300000,0.3,0.7,0.0,6,1.081959,1.013312,0.936553,1.096997,1.027383,0.000001,1.203402,0.000078,1.055438,0.938675,1.042776,1.118269,1.000876,1.049431,1.125406
800,0.800000,0.300000,0.3,0.7,0.0,7,1.081959,1.007648,0.931318,1.096997,1.021601,0.000001,1.203402,0.000098,1.043571,0.938675,1.028426,1.100870,1.000876,1.036313,1.109311
800,0.800000,0.300000,0.3,0.7,0.0,8,1.081959,1.003789,0.927752,1.096997,1.017705,0.000001,1.203402,0.000122,1.035602,0.938675,1.017152,1.085946,1.000876,1.026264,1.095674
800,0.800000,0.300000,0.3,0.7,0.0,9,1.081959,1.000721,0.924916,1.096997,1.014578,0.000001,1.203402,0.000138,1.029230,0.938675,1.008124,1.073016,1.000876,1.018458,1.084015
800,0.800000,0.300000,0.3,0.7,0.0,10,1.081959,0.998484,0.922849,1.096997,1.012286,0.000001,1.203402,0.000160,1.024564,0.938675,1.000774,1.061716,1.000876,1.012329,1.073975
800,0.800000,0.300000,0.3,0.7,0.0,11,1.081959,0.996971,0.921451,1.096997,1.010705,0.000001,1.203402,0.000178,1.021346,0.938675,0.994695,1.051781,1.000876,1.007472,1.065292
800,0.800000,0.300000,0.3,0.7,0.0,12,1.081959,0.995853,0.920417,1.096997,1.009572,0.000001,1.203402,0.000193,1.019043,0.938675,0.989603,1.043025,1.000876,1.003605,1.057783
800,0.800000,0.300000,0.3,0.7,0.0,13,1.081959,0.995013,0.919640,1.096997,1.008706,0.000001,1.203402,0.000211,1.017277,0.938675,0.985250,1.035253,1.000876,1.000477,1.051253
800,0.800000,0.300000,0.3,0.7,0.0,14,1.081959,0.994429,0.919100,1.096997,1.008091,0.000001,1.203402,0.000226,1.016020,0.938675,0.981474,1.028265,1.000876,0.997928,1.045503
800,0.800000,0.300000,0.3,0.7,0.0,15,1.081959,0.994159,0.918851,1.096997,1.007788,0.000001,1.203402,0.000240,1.015397,0.938675,0.978179,1.022038,1.000876,0.995861,1.040514
800,0.800000,0.300000,0.3,0.7,0.0,16,1.081959,0.993950,0.918658,1.096997,1.007578,0.000001,1.203402,0.000255,1.014959,0.938675,0.975227,1.016387,1.000876,0.994140,1.036099
800,0.800000,0.300000,0.3,0.7,0.0,17,1.081959,0.993762,0.918484,1.096997,1.007351,0.000001,1.203402,0.000268,1.014489,0.938675,0.972579,1.011261,1.000876,0.992724,1.032207
800,0.800000,0.300000,0.3,0.7,0.0,18,1.081959,0.993855,0.918570,1.096997,1.007402,0.000001,1.203402,0.000280,1.014579,0.938675,0.970162,1.006566,1.000876,0.991541,1.028747
800,0.800000,0.300000,0.3,0.7,0.0,19,1.081959,0.994019,0.918722,1.096997,1.007583,0.000001,1.203402,0.000289,1.014935,0.938675,0.967951,1.002293,1.000876,0.990565,1.025709
800,0.800000,0.300000,0.3,0.7,0.0,20,1.081959,0.994249,0.918934,1.096997,1.007790,0.000001,1.203402,0.000299,1.015341,0.938675,0.965889,0.998326,1.000876,0.989740,1.022978
800,0.800000,0.300000,0.3,0.7,0.0,21,1.081959,0.994427,0.919099,1.096997,1.007964,0.000001,1.203402,0.000310,1.015681,0.938675,0.963974,0.994655,1.000876,0.989062,1.020542
800,0.800000,0.300000,0.3,0.7,0.0,22,1.081959,0.994740,0.919388,1.096997,1.008264,0.000001,1.203402,0.000310,1.016285,0.938675,0.962181,0.991264,1.000876,0.988509,1.018388
800,0.800000,0.300000,0.3,0.7,0.0,23,1.081959,0.995067,0.919690,1.096997,1.008600,0.000001,1.203402,0.000321,1.016953,0.938675,0.960492,0.988080,1.000876,0.988062,1.016441
800,0.800000,0.300000,0.3,0.7,0.0,24,1.081959,0.995459,0.920053,1.096997,1.008981,0.000001,1.203402,0.000333,1.017711,0.938675,0.958888,0.985115,1.000876,0.987700,1.014715
800,0.800000,0.300000,0.3,0.7,0.0,25,1.081959,0.996004,0.920556,1.096997,1.009530,0.000001,1.203402,0.000340,1.018811,0.938675,0.957376,0.982313,1.000876,0.987432,1.013152
800,0.800000,0.300000,0.3,0.7,0.0,26,1.081959,0.996352,0.920878,1.096997,1.009864,0.000001,1.203402,0.000346,1.019479,0.938675,0.955932,0.979675,1.000876,0.987235,1.011755
800,0.800000,0.300000,0.3,0.7,0.0,27,1.081959,0.996980,0.921458,1.096997,1.010487,0.000001,1.203402,0.000353,1.020732,0.938675,0.954561,0.977183,1.000876,0.987112,1.010506
800,0.800000,0.300000,0.3,0.7,0.0,28,1.081959,0.997385,0.921832,1.096997,1.010904,0.000001,1.203402,0.000357,1.021571,0.938675,0.953254,0.974801,1.000876,0.987054,1.009366
800,0.800000,0.300000,0.3,0.7,0.0,29,1.081959,0.998011,0.922412,1.096997,1.011530,0.000001,1.203402,0.000367,1.022827,0.938675,0.952008,0.972544,1.000876,0.987061,1.008353
800,0.800000,0.300000,0.3,0.7,0.0,30,1.081959,0.998578,0.922936,1.096997,1.012086,0.000001,1.203402,0.000368,1.023950,0.938675,0.950826,0.970389,1.000876,0.987133,1.007444
800,0.800000,0.300000,0.3,0.7,0.0,31,1.081959,0.999275,0.923580,1.096997,1.012806,0.000001,1.203402,0.000376,1.025401,0.938675,0.949696,0.968318,1.000876,0.987260,1.006618
800,0.800000,0.300000,0.3,0.7,0.0,32,1.081959,0.999799,0.924064,1.096997,1.013322,0.000001,1.203402,0.000379,1.026443,0.938675,0.948620,0.966331,1.000876,0.987444,1.005880
800,0.800000,0.300000,0.3,0.7,0.0,33,1.081959,1.000548,0.924756,1.096997,1.014091,0.000001,1.203402,0.000387,1.027993,0.938675,0.947604,0.964425,1.000876,0.987690,1.005222
800,0.800000,0.300000,0.3,0.7,0.0,34,1.081959,1.001211,0.925369,1.096997,1.014761,0.000001,1.203402,0.000390,1.029349,0.938675,0.946636,0.962577,1.000876,0.987987,1.004624
800,0.800000,0.300000,0.3,0.7,0.0,35,1.081959,1.002011,0.926108,1.096997,1.015552,0.000001,1.203402,0.000394,1.030952,0.938675,0.945718,0.960787,1.000876,0.988338,1.004085
800,0.800000,0.300000,0.3,0.7,0.0,36,1.081959,1.002695,0.926741,1.096997,1.016259,0.000001,1.203402,0.000399,1.032383,0.938675,0.944861,0.959068,1.000876,0.988753,1.003619
800,0.800000,0.300000,0.3,0.7,0.0,37,1.081959,1.003505,0.927489,1.096997,1.017076,0.000001,1.203402,0.000400,1.034043,0.938675,0.944049,0.957381,1.000876,0.989215,1.003185
800,0.800000,0.300000,0.3,0.7,0.0,38,1.081959,1.004260,0.928187,1.096997,1.017845,0.000001,1.203402,0.000404,1.035605,0.938675,0.943292,0.955749,1.000876,0.989737,1.002808
800,0.800000,0.300000,0.3,0.7,0.0,39,1.081959,1.005174,0.929032,1.096997,1.018779,0.000001,1.203402,0.000408,1.037503,0.938675,0.942590,0.954165,1.000876,0.990319,1.002480
800,0.800000,0.300000,0.3,0.7,0.0,40,1.081959,1.006027,0.929820,1.096997,1.019628,0.000001,1.203402,0.000413,1.039228,0.938675,0.941939,0.952610,1.000876,0.990956,1.002182
800,0.800000,0.300000,0.3,0.7,0.0,41,1.081959,1.007004,0.930723,1.096997,1.020633,0.000001,1.203402,0.000415,1.041277,0.938675,0.941344,0.951092,1.000876,0.991652,1.001921
800,0.800000,0.300000,0.3,0.7,0.0,42,1.081959,1.007921,0.931571,1.096997,1.021542,0.000001,1.203402,0.000421,1.043127,0.938675,0.940808,0.949617,1.000876,0.992414,1.001707
800,0.800000,0.300000,0.3,0.7,0.0,43,1.081959,1.008966,0.932537,1.096997,1.022621,0.000001,1.203402,0.000422,1.045331,0.938675,0.940324,0.948161,1.000876,0.993232,1.001510
800,0.800000,0.300000,0.3,0.7,0.0,44,1.081959,1.010012,0.933503,1.096997,1.023686,0.000001,1.203402,0.000422,1.047511,0.938675,0.939900,0.946736,1.000876,0.994116,1.001347
800,0.800000,0.300000,0.3,0.7,0.0,45,1.081959,1.011069,0.934480,1.096997,1.024759,0.000001,1.203402,0.000425,1.049705,0.938675,0.939536,0.945338,1.000876,0.995065,1.001210
800,0.800000,0.300000,0.3,0.7,0.0,46,1.081959,1.012250,0.935572,1.096997,1.025951,0.000001,1.203402,0.000430,1.052146,0.938675,0.939233,0.943964,1.000876,0.996083,1.001101
800,0.800000,0.300000,0.3,0.7,0.0,47,1.081959,1.013347,0.936586,1.096997,1.027075,0.000001,1.203402,0.000430,1.054453,0.938675,0.938993,0.942610,1.000876,0.997170,1.001010
800,0.800000,0.300000,0.3,0.7,0.0,48,1.081959,1.014566,0.937712,1.096997,1.028310,0.000001,1.203402,0.000431,1.056991,0.938675,0.938819,0.941280,1.000876,0.998330,1.000947
800,0.800000,0.300000,0.3,0.7,0.0,49,1.081959,1.015809,0.938861,1.096997,1.029574,0.000001,1.203402,0.000434,1.059589,0.938675,0.938712,0.939968,1.000876,0.999564,1.000901
800,0.800000,0.300000,0.3,0.7,0.0,50,1.081959,1.017114,0.940067,1.096997,1.030902,0.000001,1.203402,0.000435,1.062324,0.938675,0.938675,0.938675,1.000876,1.000876,1.000876
1200,0.800000,0.300000,0.3,0.7,0.0,2,1.088856,1.067592,0.980471,1.102727,1.080994,0.000001,1.216005,0.000002,1.168547,0.958586,1.165845,1.234838,0.999807,1.166827,1.235877
1200,0.800000,0.300000,0.3,0.7,0.0,3,1.088856,1.048173,0.962637,1.102727,1.061272,0.000001,1.216005,0.000004,1.126294,0.958586,1.123480,1.197439,0.999807,1.125374,1.199458
1200,0.800000,0.300000,0.3,0.7,0.0,4,1.088856,1.033691,0.949337,1.102727,1.046510,0.000001,1.216005,0.000005,1.095179,0.958586,1.091840,1.168364,0.999807,1.094603,1.171321
1200,0.800000,0.300000,0.3,0.7,0.0,5,1.088856,1.022823,0.939355,1.102727,1.035504,0.000001,1.216005,0.000006,1.072262,0.958586,1.067956,1.144364,0.999807,1.071563,1.148229
1200,0.800000,0.300000,0.3,0.7,0.0,6,1.088856,1.014774,0.931964,1.102727,1.027350,0.000001,1.216005,0.000009,1.055440,0.958586,1.049919,1.124360,0.999807,1.054355,1.129110
1200,0.800000,0.300000,0.3,0.7,0.0,7,1.088856,1.008689,0.926375,1.102727,1.021185,0.000001,1.216005,0.000010,1.042808,0.958586,1.036008,1.107344,0.999807,1.041265,1.112963
1200,0.800000,0.300000,0.3,0.7,0.0,8,1.088856,1.003862,0.921942,1.102727,1.016296,0.000001,1.216005,0.000014,1.032843,0.958586,1.025181,1.092798,0.999807,1.031255,1.099273
1200,0.800000,0.300000,0.3,0.7,0.0,9,1.088856,1.000292,0.918663,1.102727,1.012657,0.000001,1.216005,0.000016,1.025458,0.958586,1.016582,1.080199,0.999807,1.023471,1.087519
1200,0.800000,0.300000,0.3,0.7,0.0,10,1.088856,0.997588,0.916180,1.102727,1.009936,0.000001,1.216005,0.000018,1.019953,0.958586,1.009665,1.069222,0.999807,1.017369,1.077381
1200,0.800000,0.300000,0.3,0.7,0.0,11,1.088856,0.995405,0.914175,1.102727,1.007729,0.000001,1.216005,0.000021,1.015497,0.958586,1.004056,1.059658,0.999807,1.012576,1.068650
1200,0.800000,0.300000,0.3,0.7,0.0,12,1.088856,0.993889,0.912783,1.102727,1.006166,0.000001,1.216005,0.000023,1.012347,0.958586,0.999406,1.051226,0.999807,1.008742,1.061047
1200,0.800000,0.300000,0.3,0.7,0.0,13,1.088856,0.992628,0.911624,1.102727,1.004890,0.000001,1.216005,0.000027,1.009776,0.958586,0.995487,1.043738,0.999807,1.005641,1.054384
1200,0.800000,0.300000,0.3,0.7,0.0,14,1.088856,0.991705,0.910777,1.102727,1.003928,0.000001,1.216005,0.000027,1.007843,0.958586,0.992154,1.037081,0.999807,1.003127,1.048551
1200,0.800000,0.300000,0.3,0.7,0.0,15,1.088856,0.991145,0.910263,1.102727,1.003331,0.000001,1.216005,0.000031,1.006643,0.958586,0.989286,1.031151,0.999807,1.001079,1.043443
1200,0.800000,0.300000,0.3,0.7,0.0,16,1.088856,0.990575,0.909739,1.102727,1.002742,0.000001,1.216005,0.000036,1.005456,0.958586,0.986784,1.025846,0.999807,0.999397,1.038959
1200,0.800000,0.300000,0.3,0.7,0.0,17,1.088856,0.990252,0.909442,1.102727,1.002410,0.000001,1.216005,0.000038,1.004788,0.958586,0.984543,1.020987,0.999807,0.997979,1.034920
1200,0.800000,0.300000,0.3,0.7,0.0,18,1.088856,0.989943,0.909158,1.102727,1.002060,0.000001,1.216005,0.000040,1.004084,0.958586,0.982549,1.016630,0.999807,0.996808,1.031383
1200,0.800000,0.300000,0.3,0.7,0.0,19,1.088856,0.989923,0.909140,1.102727,1.002015,0.000001,1.216005,0.000042,1.003993,0.958586,0.980732,1.012622,0.999807,0.995814,1.028195
1200,0.800000,0.300000,0.3,0.7,0.0,20,1.088856,0.989827,0.909052,1.102727,1.001929,0.000001,1.216005,0.000045,1.003816,0.958586,0.979085,1.008998,0.999807,0.994991,1.025391
1200,0.800000,0.300000,0.3,0.7,0.0,21,1.088856,0.989934,0.909150,1.102727,1.002007,0.000001,1.216005,0.000047,1.003971,0.958586,0.977565,1.005658,0.999807,0.994297,1.022872
1200,0.800000,0.300000,0.3,0.7,0.0,22,1.088856,0.990007,0.909217,1.102727,1.002056,0.000001,1.216005,0.000048,1.004067,0.958586,0.976151,1.002568,0.999807,0.993709,1.020602
1200,0.800000,0.300000,0.3,0.7,0.0,23,1.088856,0.990115,0.909316,1.102727,1.002151,0.000001,1.216005,0.000051,1.004255,0.958586,0.974827,0.999688,0.999807,0.993212,1.018542
1200,0.800000,0.300000,0.3,0.7,0.0,24,1.088856,0.990266,0.909455,1.102727,1.002286,0.000001,1.216005,0.000053,1.004525,0.958586,0.973599,0.997065,0.999807,0.992812,1.016741
1200,0.800000,0.300000,0.3,0.7,0.0,25,1.088856,0.990603,0.909765,1.102727,1.002610,0.000001,1.216005,0.000055,1.005171,0.958586,0.972427,0.994561,0.999807,0.992469,1.015059
1200,0.800000,0.300000,0.3,0.7,0.0,26,1.088856,0.990744,0.909895,1.102727,1.002732,0.000001,1.216005,0.000057,1.005415,0.958586,0.971332,0.992247,0.999807,0.992203,1.013568
1200,0.800000,0.300000,0.3,0.7,0.0,27,1.088856,0.991044,0.910170,1.102727,1.003011,0.000001,1.216005,0.000059,1.005971,0.958586,0.970292,0.990059,0.999807,0.991994,1.012203
1200,0.800000,0.300000,0.3,0.7,0.0,28,1.088856,0.991402,0.910499,1.102727,1.003349,0.000001,1.216005,0.000059,1.006651,0.958586,0.969305,0.988001,0.999807,0.991838,1.010968
1200,0.800000,0.300000,0.3,0.7,0.0,29,1.088856,0.991794,0.910859,1.102727,1.003741,0.000001,1.216005,0.000062,1.007433,0.958586,0.968370,0.986059,0.999807,0.991735,1.009851
1200,0.800000,0.300000,0.3,0.7,0.0,30,1.088856,0.992154,0.911189,1.102727,1.004070,0.000001,1.216005,0.000062,1.008094,0.958586,0.967484,0.984213,0.999807,0.991682,1.008830
1200,0.800000,0.300000,0.3,0.7,0.0,31,1.088856,0.992577,0.911577,1.102727,1.004482,0.000001,1.216005,0.000064,1.008921,0.958586,0.966640,0.982462,0.999807,0.991673,1.007904
1200,0.800000,0.300000,0.3,0.7,0.0,32,1.088856,0.992966,0.911935,1.102727,1.004867,0.000001,1.216005,0.000064,1.009694,0.958586,0.965844,0.980793,0.999807,0.991712,1.007061
1200,0.800000,0.300000,0.3,0.7,0.0,33,1.088856,0.993440,0.912370,1.102727,1.005324,0.000001,1.216005,0.000064,1.010612,0.958586,0.965088,0.979182,0.999807,0.991792,1.006276
1200,0.800000,0.300000,0.3,0.7,0.0,34,1.088856,0.993879,0.912773,1.102727,1.005744,0.000001,1.216005,0.000067,1.011453,0.958586,0.964373,0.977650,0.999807,0.991915,1.005572
1200,0.800000,0.300000,0.3,0.7,0.0,35,1.088856,0.994466,0.913313,1.102727,1.006334,0.000001,1.216005,0.000066,1.012642,0.958586,0.963701,0.976178,0.999807,0.992082,1.004927
1200,0.800000,0.300000,0.3,0.7,0.0,36,1.088856,0.994880,0.913693,1.102727,1.006738,0.000001,1.216005,0.000068,1.013454,0.958586,0.963067,0.974756,0.999807,0.992289,1.004333
1200,0.800000,0.300000,0.3,0.7,0.0,37,1.088856,0.995429,0.914197,1.102727,1.007266,0.000001,1.216005,0.000068,1.014516,0.958586,0.962473,0.973385,0.999807,0.992538,1.003790
1200,0.800000,0.300000,0.3,0.7,0.0,38,1.088856,0.996002,0.914724,1.102727,1.007833,0.000001,1.216005,0.000069,1.015658,0.958586,0.961920,0.972059,0.999807,0.992829,1.003294
1200,0.800000,0.300000,0.3,0.7,0.0,39,1.088856,0.996652,0.915320,1.102727,1.008468,0.000001,1.216005,0.000069,1.016939,0.958586,0.961407,0.970773,0.999807,0.993162,1.002837
1200,0.800000,0.300000,0.3,0.7,0.0,40,1.088856,0.997173,0.915799,1.102727,1.008994,0.000001,1.216005,0.000067,1.018001,0.958586,0.960934,0.969525,0.999807,0.993537,1.002420
1200,0.800000,0.300000,0.3,0.7,0.0,41,1.088856,0.997904,0.916470,1.102727,1.009710,0.000001,1.216005,0.000070,1.019445,0.958586,0.960503,0.968317,0.999807,0.993957,1.002042
1200,0.800000,0.300000,0.3,0.7,0.0,42,1.088856,0.998505,0.917022,1.102727,1.010308,0.000001,1.216005,0.000069,1.020653,0.958586,0.960113,0.967136,0.999807,0.994419,1.001692
1200,0.800000,0.300000,0.3,0.7,0.0,43,1.088856,0.999210,0.917670,1.102727,1.011008,0.000001,1.216005,0.000069,1.022068,0.958586,0.959765,0.965985,0.999807,0.994926,1.001373
1200,0.800000,0.300000,0.3,0.7,0.0,44,1.088856,0.999964,0.918362,1.102727,1.011755,0.000001,1.216005,0.000069,1.023580,0.958586,0.959460,0.964861,0.999807,0.995477,1.001081
1200,0.800000,0.300000,0.3,0.7,0.0,45,1.088856,1.000674,0.919014,1.102727,1.012461,0.000001,1.216005,0.000068,1.025009,0.958586,0.959199,0.963762,0.999807,0.996076,1.000815
1200,0.800000,0.300000,0.3,0.7,0.0,46,1.088856,1.001448,0.919725,1.102727,1.013233,0.000001,1.216005,0.000068,1.026574,0.958586,0.958983,0.962689,0.999807,0.996723,1.000575
1200,0.800000,0.300000,0.3,0.7,0.0,47,1.088856,1.002234,0.920447,1.102727,1.014013,0.000001,1.216005,0.000067,1.028155,0.958586,0.958812,0.961635,0.999807,0.997417,1.000354
1200,0.800000,0.300000,0.3,0.7,0.0,48,1.088856,1.003059,0.921204,1.102727,1.014836,0.000001,1.216005,0.000067,1.029826,0.958586,0.958688,0.960599,0.999807,0.998162,1.000152
1200,0.800000,0.300000,0.3,0.7,0.0,49,1.088856,1.003904,0.921980,1.102727,1.015674,0.000001,1.216005,0.000066,1.031527,0.958586,0.958612,0.959584,0.999807,0.998958,0.999971
1200,0.800000,0.300000,0.3,0.7,0.0,50,1.088856,1.004775,0.922780,1.102727,1.016545,0.000001,1.216005,0.000065,1.033299,0.958586,0.958586,0.958586,0.999807,0.999807,0.999807
