"k2","k3","k4","k5","k6","k7","k8","k9","k10","k11","k12","k13","k14","k15","k16","k17","k18","k19","k20","k21","k22","k23","k24","k25","k26","k27","k28","k29","k30","k31","k32","k33","k34","k35","k36","k37","k38","k39","k40","k41","k42","k43","k44","k45","k46","k47","k48","k49","k50","k51","k52","k53","k54","k55"
0.955514625321313,0.958963204824687,0.954141636679392,0.999801342714893,1.03097249080567,1.05733510076502,1.09242359984854,1.07663968147318,1.09836627317484,1.13272901906571,1.14592197650625,1.12779138864338,1.14981172006477,1.16643810738826,1.15627213119081,1.14395327133888,1.22172853081171,1.19472383003854,1.17457017770924,1.21198386876204,1.22565390529269,1.19566307172091,1.24700352759829,1.24869538918351,1.22340694747774,1.25669466095797,1.28085709170846,1.2660114904634,1.28704660957259,1.27269623671277,1.31341973521091,1.33094840043404,1.27492152689209,1.30500478205991,1.30330775189048,1.27876627608128,1.31353108813779,1.31455189513493,1.30560114117052,1.35849994819471,1.32275688208,1.33905587288983,1.32916944086352,1.39848875099636,1.4018910586534,1.40769238952215,1.4619921692775,1.44083747773454,1.42470348033048,1.47364589443356,1.44917560637898,1.48687172589936,1.51950964118077,1.51847698043411
0.994711931895396,1.01148914455782,1.02090300218966,1.00019994641803,1.03440602845299,1.06394294121562,1.04538293385144,1.03985287282636,1.05314737950175,1.0549885472035,1.07308617253292,1.0723971774789,1.08340296973662,1.07266466997781,1.04088464072898,1.09892950156969,1.08356882184064,1.03572260220407,1.07147241736193,1.06755520460551,1.08163924874384,1.05359060430697,1.116152836436,1.0540473483581,1.12969811823006,1.14136539935964,1.12647517007844,1.08651864857238,1.17556189340289,1.14564535878275,1.12624042087079,1.15217570950263,1.12103037623906,1.21551253776917,1.17305489905908,1.20833610321092,1.24252977838987,1.18960174309438,1.20780057551655,1.20968174734577,1.22085611957636,1.16884894075671,1.282834847078,1.2318060445227,1.24947970293749,1.26660412674701,1.2945889670962,1.29868248381583,1.30981771452783,1.30552744047621,1.35413337792146,1.37946695087509,1.38711326390903,1.34347159117925
1.13716871253898,1.13344824993011,1.16455676236989,1.17343218640072,1.1774228732593,1.25961064188436,1.23757941716032,1.26492267366139,1.2428989953302,1.27127786110866,1.26970788892772,1.30612428108405,1.31239943213154,1.33259608260216,1.33819541456105,1.32718653062828,1.35911981823658,1.41806230605435,1.43808834358635,1.37433872363529,1.42916058916236,1.43166564718414,1.44304221324675,1.45162089720384,1.46358221057595,1.42639949976274,1.54259864147022,1.50122392856111,1.45675538708554,1.51962320258667,1.51768283121447,1.58607935635685,1.524498197694,1.58520547673244,1.60047627095057,1.53110820674032,1.53232712597358,1.57386370204149,1.57950572209481,1.55529192898022,1.5535640417324,1.66824085606794,1.57673643210843,1.64233240815807,1.56515208736199,1.6103045818964,1.62921499902444,1.58793230368312,1.60490136776042,1.66589189043115,1.60326188331242,1.66487974897144,1.57221445118433,1.59877041133834
0.752086604433434,0.780528235688299,0.74053584495165,0.736182719367416,0.77122433402572,0.740439618936591,0.753799475181555,0.709936380154252,0.71794817041213,0.68417929065847,0.69861878590512,0.682034341183576,0.717705197789165,0.668811868516184,0.63686247830486,0.631960440934107,0.632330770554248,0.648577926533049,0.707480417481004,0.657667528336978,0.721228151510932,0.680376266057402,0.708787765650729,0.689824252911791,0.726279038737589,0.707133758061606,0.713749919876483,0.693842413454469,0.693110948426078,0.769672663888843,0.734352721958666,0.789017342565497,0.773567740205716,0.869122657886145,0.767637384087987,0.895434870097335,0.840551129660666,0.871724655163465,0.944610115932048,0.922880888309912,0.940829944032267,0.947873727485252,1.02491369933739,0.983854944041684,1.01161041152461,1.00601180264517,1.0714243987048,1.10462617160948,1.0878710858877,1.09585221894286,1.14912344582025,1.27704204728879,1.17235082040133,1.25901043169642
0.717166184315311,0.660100151493767,0.606247516057413,0.59114060443317,0.56865384532139,0.543176276765343,0.537843884392632,0.476022951976549,0.496847530456404,0.449642287103555,0.408109897241754,0.443177839069575,0.445416174216799,0.419573996060536,0.36775162943927,0.415449744176076,0.389815120034929,0.394929670157846,0.365977293239709,0.308676879960905,0.314086692595295,0.336954726792306,0.31616126361669,0.328056848555705,0.303108423019013,0.312846163949662,0.224398865698431,0.335645914229007,0.238141448342752,0.216202175666374,0.251376937328841,0.234534602295978,0.199354608904206,0.201416732903605,0.176316429520262,0.196169063889798,0.173274714105771,0.15609354043564,0.150001297349431,0.165452461224772,0.0659489362717561,0.0993621772244567,0.0454025608701281,0.0658157262086436,0.0583990834149173,0.0174076551302054,0.135249489933419,0.0217089445722176,-0.0570091395547969,-0.0410599391239485,-0.0495125928037917,0.0125848047270728,-0.0234066028796456,-0.126774724329916
0.749005998362566,0.668017882430284,0.65839534435393,0.611921904438629,0.581324646215579,0.490949295983337,0.487629161713688,0.408582926570785,0.374486983243082,0.379360052276134,0.378531551885502,0.371420139244303,0.342089311299032,0.328278520482881,0.315217937849735,0.270780581000364,0.275248698039915,0.232038534423278,0.204222197629589,0.23329999265822,0.218453214986129,0.183475215954343,0.1843082369396,0.111978388626334,0.189123808146933,0.162578836706515,0.109515725954401,0.123137848725131,0.114579632942414,0.0641782052923772,0.122985130045107,0.00646611787721423,0.0313791956527589,0.0503138940676353,0.0146370142107826,0.0449025819660665,0.0723996178421711,0.0702681349131941,0.0199554057455564,-0.00606592275202954,-0.0234669865917718,-0.0153001224162867,-0.0245652621255896,-0.0615506140793393,-0.0433783196390166,-0.123785125784864,-0.10773198314174,-0.137214788416452,-0.0834588085825265,-0.122382998274941,-0.0885084658658295,-0.267736661656605,-0.13847675959442,-0.0762502508487424
0.683807843886369,0.614988672549702,0.581804947299619,0.576100728991623,0.552020410120172,0.45313491087289,0.429138706602849,0.434130587255684,0.409298696524417,0.418553897508533,0.458813231104717,0.369931589245369,0.376838452402628,0.38604649870335,0.404437976477519,0.365573780746513,0.422234522356126,0.389661217698726,0.354021862179894,0.386193044783044,0.36800205814893,0.394961565458626,0.333665751425251,0.34422480284511,0.385764744572527,0.425032979691056,0.33447733226844,0.390045687963123,0.385774209008919,0.385400659684094,0.293683237794614,0.287493652326845,0.319680795581622,0.240552377243488,0.231953228354861,0.257821754761628,0.279956170847944,0.256007291562624,0.211676031220275,0.162062661301319,0.240970003289833,0.200502133527255,0.221191208959435,0.15916317595736,0.158056896243482,0.100973475740926,0.0719660546565083,-0.0372300370461622,0.107293414202762,-0.00609995646721473,0.0222850360927073,-0.0359821386195771,0.0530149325514595,-0.0318073902678018
0.768152288112657,0.615752338342987,0.511954646043026,0.549506633597167,0.461056501106421,0.303532848262925,0.336912383292839,0.346927722252263,0.323637637290819,0.37346969692948,0.283641651104368,0.328494640557287,0.394486189130692,0.350508112738795,0.441104917997128,0.408511264876701,0.403227820428938,0.399111929437152,0.503032815457464,0.54406996733836,0.480519019487116,0.405793965127468,0.494847200235044,0.402108673120497,0.472105763429273,0.5187638851424,0.520905390136124,0.410366130090026,0.594279427523835,0.309017342465031,NA,NA,NA,NA,NA,NA,NA,NA,NA,NA,NA,NA,NA,NA,NA,NA,NA,NA,NA,NA,NA,NA,NA,NA
0.780232014223238,0.707693771539936,0.643665362463693,0.629666864350772,0.630242912393868,0.49869789848194,0.573644518654377,0.476686075028546,0.433004854937084,0.485905050858609,0.425810083386677,0.529440188521961,0.450562368343981,0.367148853599033,0.351305484185076,0.413465594987687,0.415079330491652,0.256776025199469,0.313240149981253,0.34200254931806,0.277342091806866,0.285303597414993,0.210140257061927,0.359969600713813,0.157824769256108,0.12067670554658,0.191677374510815,0.181869107122557,0.286648605977624,-0.0875205488022671,-0.0586152124328882,NA,NA,NA,NA,NA,NA,NA,NA,NA,NA,NA,NA,NA,NA,NA,NA,NA,NA,NA,NA,NA,NA,NA
0.547305023468432,0.489561565192651,0.365823944288223,0.282052812477485,0.221746488007089,0.283016198386387,0.348930737505685,0.215757924798165,-0.0274562363162638,0.129906132741302,-0.117320007755821,0.280469492895757,-0.127999070283731,-0.202859766561736,0.0354947643154563,-0.109163162672348,-0.151362063964088,-0.368645823873633,-0.509034044055086,0.0842208696670838,-0.300323386915461,-0.587612056075988,-0.239926713106451,-0.079482291212942,-0.790430124204061,-0.228640181065175,-0.86119039405116,-0.528040215030736,0.125066162095329,-0.343684845754178,-0.193950497747575,0.170206724812154,NA,NA,NA,NA,NA,NA,NA,NA,NA,NA,NA,NA,NA,NA,NA,NA,NA,NA,NA,NA,NA,NA
0.766992501146208,0.722474659543585,0.717717794089292,0.753589166181886,0.785325329573578,0.796196043494,0.786730079483442,0.834598679134591,0.856721293743494,0.851035244488581,0.845984924115064,0.948821359164463,0.986612655711053,0.93477306342055,1.02045286094954,1.03506876580395,0.984785235816713,0.950648836841341,1.01923445362665,0.95284883997989,0.958841179864724,1.06909516272486,0.990377476211756,1.12766559232269,1.00129940497403,1.11357925853045,1.00436253641732,1.06424698076105,0.95638250713192,1.00026890538468,1.04758458372985,0.79457363334076,0.829572818152182,NA,NA,NA,NA,NA,NA,NA,NA,NA,NA,NA,NA,NA,NA,NA,NA,NA,NA,NA,NA,NA
0.771203680340749,0.760231056033002,0.736823992937206,0.730149461273988,0.707096456647892,0.682751348285914,0.692300262686977,0.629601116652434,0.644241370460753,0.690652932755124,0.642228303785772,0.730338376963204,0.693813380721774,0.670064289208527,0.759778326447151,0.693828738562627,0.641330724692586,0.749303313410084,0.692753489324682,0.786754102438505,0.769617324430989,0.788879608382181,0.721041443593398,0.662735137621609,0.852913677860441,0.806467486818749,0.845047631853007,0.966792999316667,0.88676008075642,0.861383159993267,0.992346639701912,0.968677443488531,0.928347075320991,0.929231539261161,NA,NA,NA,NA,NA,NA,NA,NA,NA,NA,NA,NA,NA,NA,NA,NA,NA,NA,NA,NA
0.792329550097353,0.78274762580468,0.78305002219825,0.788461053778037,0.786262113382858,0.75791716667037,0.803813881240789,0.79633238328742,0.803186329010433,0.85865911852287,0.80108107496879,0.90624252351729,0.857744866590284,0.911445193952444,0.924427181261821,0.90940724839095,0.871165120011682,0.968397939867371,1.00310531370669,0.997107938972857,0.997059387153717,0.973223338373967,0.99232626621241,0.997475264480315,0.965807759686052,0.992029337112423,0.982896227915087,1.01901980246568,1.16246528912603,1.1219680440262,1.2510604228579,1.25664614632134,1.19552786880463,1.15609637120577,0.991945022966918,NA,NA,NA,NA,NA,NA,NA,NA,NA,NA,NA,NA,NA,NA,NA,NA,NA,NA,NA
0.627282302662814,0.619567494047247,0.585193662956416,0.550916539353869,0.570998667699798,0.535805305925498,0.535880548119261,0.513183307320077,0.563910001385955,0.554943551366768,0.51752881094792,0.490703286492787,0.459318484173457,0.487114587987392,0.544681617289265,0.505781762115525,0.479807269645713,0.47274535085204,0.525481580499813,0.53121554119066,0.390980672755103,0.572993115191381,0.472742844375995,0.609359868904938,0.558954562755266,0.470437028172408,0.471761525381415,0.550872127756626,0.500424623370516,0.42631624808588,0.447568885501099,0.366863394771862,0.405191526096752,0.836154615705068,0.547690960530655,0.369833471445238,NA,NA,NA,NA,NA,NA,NA,NA,NA,NA,NA,NA,NA,NA,NA,NA,NA,NA
0.710419001753932,0.723068744281319,0.739361796755245,0.739723738643521,0.735449907309339,0.820741381213893,0.816759840382848,0.813516865343078,0.887114247016421,0.957115520487622,0.885785897087754,0.903581061261523,0.971293953365498,1.00601448182593,1.03487486442346,0.971250116130189,0.98982884518805,1.06490066701032,1.0143144974989,1.08226834580617,1.09151595413476,1.0800636546876,1.07827337401053,1.2033599440047,1.17954893835173,1.11168996648216,1.16285799035928,1.1097720440324,1.11917251658142,1.15812482222525,1.16816471540864,1.27543007718765,1.0567074800533,1.22874732353578,1.31648392297449,0.885309215833402,1.35558645934584,NA,NA,NA,NA,NA,NA,NA,NA,NA,NA,NA,NA,NA,NA,NA,NA,NA
0.603181031846724,0.555941061511386,0.499366705320555,0.496687706232273,0.457983253530365,0.44568115954704,0.409390153973918,0.412512871889495,0.414271569504119,0.386037945098918,0.338119107739924,0.340102227168674,0.231754024565764,0.254735893706837,0.30428014185204,0.293184292861051,0.230922482289087,0.151103438615544,0.198052978319937,0.249335378772062,0.212246552401826,0.101383156064482,0.18428100961571,0.160264280254007,0.225057505658103,0.266086953756801,0.216403751593958,0.135652245556931,0.178150381460565,0.186098683088985,0.300221531115061,0.117929579756521,0.121216626964016,0.1902311389502,0.017644890769298,-0.0358779220131492,0.157410591874581,0.127574640782291,NA,NA,NA,NA,NA,NA,NA,NA,NA,NA,NA,NA,NA,NA,NA,NA
0.867040770559254,0.906741354700087,0.90272658498561,0.88187536752209,0.891749331885489,0.960591503391563,0.942638534457892,0.991978962080239,0.974885539777388,0.972510399694003,1.04773949139112,1.06470237955773,1.09579582961482,1.08080912813625,1.15598881424691,1.12357386362062,1.21917521625601,1.18495686730041,1.22427399607042,1.23170324116721,1.24062811278321,1.28484380866143,1.33646198622178,1.25249030672483,1.22495864873573,1.3186805999176,1.29791289681216,1.34313866432846,1.29496344627361,1.35133906200888,1.37624528664855,1.38279629168019,1.43089787809504,1.4077559256746,1.33292601426754,1.41344738632621,1.37686275149646,1.31190756245746,1.3478904869192,NA,NA,NA,NA,NA,NA,NA,NA,NA,NA,NA,NA,NA,NA,NA
0.928702458091375,0.946850477242508,0.947309433218469,0.939588503658962,0.966212523067978,1.03516301510183,1.00970762467845,1.08733926765723,1.0258602351182,1.05024474951329,1.05998860264434,1.06866489907547,1.03751552309544,1.08849167271788,1.04750436202879,1.06203689995015,1.0513771368328,1.03659944703976,1.00259757633651,1.06416777316698,1.03939304159697,1.06022211156276,0.977541450632991,1.09087281566874,1.04832826267213,1.0577310020852,1.03198213366699,0.969687937681717,1.00022558185988,1.04071114759486,1.01606937305156,0.980216961357254,1.08122423457652,0.999054524096562,1.07730854450489,1.07671737946889,1.09371357029665,0.937773969338894,0.963304575919183,1.06205068971787,1.13761436209706,NA,NA,NA,NA,NA,NA,NA,NA,NA,NA,NA,NA,NA
0.904377725002277,0.994702091895456,0.997568167368717,0.97892340094925,1.12794487336283,1.12607644714601,1.13763513982531,1.15065904314434,1.21943506065029,1.27149375103865,1.26983368948896,1.30255352515459,1.2990120246493,1.31159130125484,1.29216157618856,1.32728584326468,1.29446438558389,1.36517927042224,1.28520274753497,1.3972240065408,1.29968554596947,1.34003520919321,1.3517175753367,1.2747628629267,1.39612569596422,1.33616234431725,1.34842887222119,1.26963814058564,1.23094852641053,1.26430737622895,1.23494845625961,1.36763568772396,1.20432749796862,1.20156667401363,1.16524876004206,1.16266822354397,1.07965342703956,1.24763248941972,1.04068803511461,1.20773902369692,1.33098363523323,1.28351323605563,NA,NA,NA,NA,NA,NA,NA,NA,NA,NA,NA,NA
0.855542420702722,0.868345048626187,0.85376993916197,0.874192231575681,0.909733871529599,0.922269485018484,0.933920876179484,0.946334685927283,0.961247687767562,0.956203108044818,0.931580410384373,0.966804792094917,0.893547141250562,0.903637186756859,0.968904336283166,0.909852341145504,0.919203291976615,0.843541561437798,0.832859698489124,0.784719295541606,0.800337152345672,0.821122632333512,0.835204411403568,0.801335513619874,0.806684898483121,0.748183800221241,0.729572479048896,0.714126416118295,0.692592935604608,0.663558641476521,0.72524668651263,0.653201157649476,0.686764904625672,0.665599219371,0.691296619950559,0.544992144885841,0.628677697261279,0.555426485618919,0.531928088202627,0.569594227708183,0.540941101523517,0.552917894932258,0.797156366165002,NA,NA,NA,NA,NA,NA,NA,NA,NA,NA,NA
0.898843683374991,0.923507951866062,0.923158327113215,0.926348886428111,0.949959695241291,0.987358797690744,0.989883804914761,1.01269415869859,0.991700138596834,1.03596218363912,1.04283688713197,1.04889427066166,1.04712596616683,1.05078941253343,1.05928594982576,1.07063368228179,1.07495845432313,1.04810764012613,1.09878702538865,1.04345246424262,1.11018247039356,1.11336045722002,1.13931426087141,1.09110512906464,1.1076636463859,1.11602181017338,1.08068043006896,1.08351890085276,1.07646182879422,1.07728417404425,1.0793874748732,1.10563477542722,1.08863329676608,1.16167923223485,1.10916107208053,1.213511951782,1.10278684537485,1.14922508446813,1.14584185621567,1.09752045980211,0.992687977617866,1.23376877136711,1.09154238624939,1.07253579522046,NA,NA,NA,NA,NA,NA,NA,NA,NA,NA
0.923289346410533,0.931849052633327,0.904878399722923,0.907144024920358,0.906001730419704,0.91992486435072,0.939670973760184,0.968460994014838,0.931641264871405,0.934283648873441,0.957366683518764,0.979630379055417,0.961876552860748,0.959483442254047,0.968512962652244,0.975083674035194,0.935523383051147,0.924944033259354,0.979778002177198,0.930410997445074,0.98041910019873,0.960405062111435,0.981607249087859,1.06200456712818,0.941208235256326,1.01016093211699,0.948558798531177,0.950534783809615,0.96544630878337,0.977900574515007,0.95599449977941,0.949388628709061,0.996643901630669,0.908226965407428,1.00447498857695,1.04928958007832,1.05832910917914,0.900062934723099,0.953753027769121,1.00312228308851,0.915837852236896,1.062957960016,0.973275724453154,1.06906605841982,1.06639941604859,NA,NA,NA,NA,NA,NA,NA,NA,NA
0.876722494274884,0.874075964675509,0.869514813523716,0.914847871476288,0.898877370268937,0.903251451132018,0.861096704215178,0.839476254414235,0.851984881401385,0.84224497679036,0.826396855833725,0.867682718595112,0.836573252949691,0.802569922597402,0.804141074741646,0.795925667193935,0.737260675675641,0.74433986807015,0.788780401225105,0.774294222338461,0.722827293351478,0.71164998660197,0.762975031350816,0.667381727926935,0.65879360903956,0.782957125975791,0.7038450603206,0.750729206147473,0.696523617717531,0.68074203184879,0.834670534054471,0.607247445576434,0.748242806951082,0.621508881837019,0.872575480460013,0.737689146748,0.691826548272964,0.74382072908826,0.788767328995345,0.755660922927543,0.823330664097329,0.757042696853318,0.86494196999526,0.909484003507829,0.950275327736892,0.685758813187985,NA,NA,NA,NA,NA,NA,NA,NA
0.783335788752303,0.805156780245027,0.822943411385093,0.831239356028252,0.837735428150431,0.882453726126736,0.904822229605758,0.9082775177388,0.94405107526968,0.937420575268467,0.944418979515583,0.962520326059138,0.997652389057594,1.03120971596559,1.04978935712078,0.967481401179628,1.01998443791793,1.01218391296046,1.07114322643951,1.0429999358266,1.12077717035476,1.02419891349012,1.0789239203299,1.18181041972791,1.07012970793419,1.14907657173476,1.16529484639266,1.19212140104036,1.15711807014017,1.18649273195559,1.1989450767106,1.19412876583114,1.21556372233231,1.19158379211093,1.29890928428685,1.219182518394,1.2954161002727,1.21585565142455,1.26843213416096,1.33611916602668,1.33423662133312,1.37988737981161,1.34349251867439,1.46472266270847,1.41734125370746,1.22513077320142,1.39282473585414,NA,NA,NA,NA,NA,NA,NA
0.908334711510822,0.958181113227854,0.995461127660212,1.01618819294661,1.0764107072304,1.09580454384261,1.10306822796839,1.10147092428399,1.09536239025914,1.06665719600834,1.13920532198726,1.08871406734464,1.05170540586836,1.03616999989899,1.02661577241434,1.01830284183008,0.971993192969585,0.978309175797487,1.05848766148208,0.967146700148446,1.04256896737574,0.933377532546651,0.972842443387131,0.886862642877444,0.858743563390577,0.839254142328597,0.747879104801836,0.842747482636172,0.779682136056946,0.870430411583272,0.851644057027689,0.740852042581255,0.826621210375599,0.774117825851234,0.75798508687609,0.784867408238302,0.754917654861992,0.723779684238269,0.758163728212537,0.916357468023517,0.702928611726416,0.736273372339679,0.804173905618509,0.775769718970168,0.494153912252163,0.814481937483486,0.751420358529181,0.707915491936823,NA,NA,NA,NA,NA,NA
0.786097770883371,0.814821763817444,0.795814253203859,0.815138726116455,0.828903672952566,0.827668019971805,0.806890833457599,0.820769157521233,0.799637698359834,0.81052615713529,0.837552924693109,0.876077345676913,0.849978616465421,0.826933452205864,0.898434076344296,0.875086572075387,0.803024864378636,0.858428592942945,0.85130939133983,0.843658731924129,0.900868266757261,0.835123628222462,0.819578270236696,0.932179899255614,0.8065344022767,0.901312662167716,0.871562623997518,0.779987246407294,0.913507447573088,0.947296071450983,0.884787045054373,0.813359637427419,0.923009317207081,0.967743851232383,1.01471942712083,0.941096497408125,1.02407700263946,0.967647011904502,0.970215890689362,1.1118159696121,0.889017348797672,1.07282001916672,1.17730787463162,1.1581105769087,1.07536414239553,1.22231064722731,1.04990338847478,1.11333659652592,1.15938974677606,NA,NA,NA,NA,NA
0.937543143007223,0.96235605570128,0.95055203185742,0.933476644593459,0.971644290132862,0.976974198917811,0.947369426555119,0.956702311910871,1.00559257821441,0.998933731035325,1.00757567489869,0.999225122857513,1.00997196230073,1.01807925721171,1.05016647001799,1.01070740018166,1.08646453588041,1.07777577801872,1.07381538119512,1.06836000922316,1.05934264038958,1.10311023177772,1.14353799989037,1.05901732219739,1.09686337452815,1.16146756755378,1.13380429484387,1.1118491144273,1.08195642046154,1.11530544273269,1.18613116531711,1.21877580562941,1.25664280754269,1.23413789409814,1.19550060576347,1.27533271042941,1.20755036983594,1.162587773321,1.20103652219464,1.3439284082238,1.36799323688236,1.33678617139307,1.34022818162729,1.35614715612336,1.2957565450646,1.29638669320595,1.42220432332118,1.38362514921828,1.53652727434753,1.37519201324327,NA,NA,NA,NA
0.657505857564169,0.674126773398301,0.65294115808294,0.649552244432897,0.61571845044573,0.644721767946657,0.58982599032235,0.623413698715675,0.605333713369429,0.58806851715896,0.591983356080982,0.615165617292791,0.572337828605251,0.57489276029749,0.60614572955085,0.584097224654382,0.576602069545059,0.585394802333141,0.589367556973553,0.529838448753454,0.564984304472262,0.530139036862405,0.58985609179027,0.535232808346289,0.501824801215052,0.613774003791393,0.502735492875268,0.563746360052232,0.528076374257889,0.547008293425311,0.578508344725154,0.557911250978099,0.528227316157947,0.521215695789629,0.587906852356455,0.614512730192707,0.599586174542043,0.557643863269921,0.653339422982257,0.674208374847192,0.593729203326368,0.600148220815998,0.628628729137307,0.645289876473505,0.689540268581218,0.716550024888341,0.58896491139525,0.637524596751239,0.658930350938286,0.704749347950917,0.654253238345756,NA,NA,NA
0.678217113171637,0.695346689022162,0.686673016165366,0.737587455510245,0.704634599103002,0.747854907458688,0.731290977689324,0.730239905654485,0.735957033620026,0.758638452401513,0.710041450038432,0.796380271816797,0.740171310625185,0.749546766432909,0.814996844324397,0.713885554702198,0.805126631489114,0.739195453006248,0.748467057093596,0.728968947972631,0.733389957216717,0.752015438117623,0.709886788612947,0.734126085873475,0.702319188974312,0.687673547440805,0.665505501666862,0.674912814481518,0.76508011646066,0.772425853501049,0.637421280290118,0.711959173536591,0.69620798568509,0.692174477531893,0.757650010076104,0.674726663580967,0.714212304867731,0.741571620283284,0.78080048109153,0.741169674394992,0.732868837893196,0.77010113712527,0.634309849970562,0.678042167733888,0.87337145534762,0.671429230542644,0.628783016941291,0.761180256245255,0.620430920038726,0.713604619708712,0.984536608586757,0.75027979634393,NA,NA
0.780487454395926,0.813658243350758,0.802054153316495,0.763084057467459,0.748440277559258,0.747127312233579,0.683789484823717,0.701025027020959,0.673154909258872,0.662627679412323,0.613218550813676,0.643890343666615,0.535969746779798,0.559851207033315,0.57956634804873,0.55439913596922,0.511397351476045,0.461647672901865,0.448502718652291,0.380474249772507,0.406852171994353,0.381664768603064,0.323111499995158,0.295663829092848,0.278556897406183,0.327801822894429,0.224580988986975,0.253459948105142,0.19698822551549,0.158314656664458,0.18454238508945,0.181211840736061,0.126353934633951,0.0811754663233654,0.181165783505144,0.0505000999801494,0.0340141787952471,-0.00372357976356904,-0.0536437684092514,0.0190212138500229,-0.0107423155671477,-0.0026227219771131,-0.0598757232342053,-0.0779664259662289,-0.0196689862069055,-0.0706750150693525,0.0939706565739094,-0.172693575130799,-0.0564900506501887,0.0576260536442938,-0.0834975893455411,-0.128376298788548,-0.163389200978447,NA
0.674641391609608,0.688879249228761,0.698034040603111,0.683147125420564,0.665084973455192,0.697838380787944,0.671204961419714,0.670234181558223,0.688729071786012,0.689789725211006,0.650321497283593,0.667488940430492,0.655513518218611,0.650668663033496,0.645642624400562,0.647358227229378,0.71417918023944,0.69659321992919,0.665365199413235,0.636806235004377,0.659767372256068,0.653560014894182,0.630069224985747,0.647124586796343,0.593232389449957,0.661060636713991,0.615814836932611,0.56114114798101,0.595314532055014,0.530943902851513,0.629591905299892,0.566560976484338,0.599844639399556,0.612649300786929,0.598695952338733,0.553300075587494,0.612778238091533,0.56769702609596,0.588553797119901,0.533030784465538,0.591658807723519,0.572093561772901,0.608065014383608,0.590936863908913,0.533246943815811,0.619129153261904,0.546861278795499,0.559417789349699,0.580116065689725,0.553340320231221,0.611010990813038,0.621665478108172,0.5452506699613,0.576745984541181
0.696276283607849,0.684226175183167,0.662706616791397,0.642135249864288,0.625356287132224,0.60293321493791,0.548103628290951,0.53592753882589,0.513257113938391,0.539858265884358,0.452442068912077,0.460371496064384,0.373869464034109,0.393659771193866,0.423230503232633,0.359348606745645,0.343438468159989,0.355239154098827,0.266960894789175,0.342998851298858,0.19220384397855,0.196630519793351,0.259816590787255,0.233205616752502,0.142749572958692,0.25051490451653,0.231022659179291,0.237058238382659,0.216580362416441,0.135502986407856,0.218811845523763,0.160270445616267,0.219880159568226,0.180118805130994,0.18532839766608,0.150664960773615,0.00366637048765503,0.120662373743203,0.104670329471357,0.186466812052353,0.179949072310063,0.0823885887887901,0.125601555409971,0.221406797320615,0.16154788285251,0.164720889460761,0.089739735485372,0.267061772722236,0.159974764689072,0.264717123413759,-0.0279388561170089,0.191382321527578,0.156797379118312,0.239964217123073
0.718587511715776,0.705580901447904,0.7261156827227,0.744885699473699,0.751102723795353,0.712439526673565,0.752375076083685,0.721154480654341,0.760318521952724,0.79897558253598,0.759212660780883,0.737625914538835,0.841147076188768,0.782448165762457,0.859638307926831,0.818262426382226,0.939060314595285,0.86342040282891,0.912099362096537,0.870479683698589,0.891112324267341,0.938710708917395,0.949306620631582,0.978001145894977,0.890454852962078,1.0008609678719,0.970704941680558,1.04821529460257,1.10488162728699,0.993981916775241,1.06682737836031,1.05363451795661,1.13290933576389,1.07110174412233,1.19044632726366,1.25887096564949,1.28076627733886,1.2749345823691,1.2100364079105,1.33529078514185,1.42118839748118,1.31512741890436,1.39540469510838,1.39320606990172,1.46071081050041,1.63782413045808,1.41068383743454,1.56664815957807,1.63506819040776,1.62864243222817,1.750809680934,1.66128169647451,1.68444938768622,1.7269455093812
0.606087347335021,0.550356150670644,0.467637881566255,0.429112441875296,0.346227139969679,0.329647420504026,0.207825620437681,0.180442219066788,0.116608222171818,0.0558392494684508,-0.0090501061439257,-0.0121807265599322,-0.0865002492646735,-0.0260138342643075,-0.121564743419343,-0.220860939856916,-0.244610697365865,-0.304841110806415,-0.35869420670951,-0.432477192160382,-0.483201277627509,-0.469394204165595,-0.504730172359251,-0.51278169393374,-0.454035627807452,-0.556847233737629,-0.638238113220526,-0.659666913594242,-0.611658621328589,-0.648897133715267,-0.948588970915369,-0.745613976604843,-0.721990868638127,-0.830387275002978,-0.659465974133833,-0.92445048456026,-1.07474102743836,-1.06457853305159,-1.02183094266689,-1.03324200894484,-1.09007924160658,-1.15015399170813,-1.19480239065725,-1.23186245465654,-1.16718143436248,-1.57258157925562,-1.68681759472705,-1.49053965633569,-1.42978014727668,-1.50690897236329,-1.56918638297824,-1.91240044485714,-2.02401282287684,-1.83662476637901
0.453250233588791,0.467994892051479,0.438259728486455,0.464860053763984,0.416182239740428,0.419162511323577,0.403696689803817,0.392723848732982,0.371439197597877,0.383022806608387,0.374082951351983,0.359493450398905,0.408048816443078,0.234151122349188,0.338729902084224,0.384180382755231,0.363977114862583,0.33455847296572,0.40762058476478,0.31622122834715,0.306738530900174,0.326257213785825,0.22834603013142,0.356340816218739,0.274671868395415,0.324213446692605,0.268723723645399,0.294750772783606,0.371955047693048,0.291624555141691,0.339616480563139,0.197357260492974,0.200532164899671,0.223431033652684,0.300469025192346,0.258554239228447,0.322220740054372,0.258879798210692,0.25284449181722,0.293938071909194,0.313361623359088,0.250969373489147,0.200657464025951,0.407084448615064,0.417777344837875,0.35163027447833,0.201540624598942,0.439577918752877,0.138173310327278,0.440343446480864,0.34849596875196,0.19454844871909,0.398885845592765,0.14906838700785
0.534383782845552,0.445063508047529,0.36563876709013,0.285408829753249,0.186390475066876,0.118508737075183,-0.0107161398973759,-0.0734470622673762,-0.157774115108726,-0.225281697779927,-0.32506334390494,-0.403691373934332,-0.464748020482118,-0.604137722973081,-0.686788271013525,-0.656656865614593,-0.780327266595274,-0.816536181092647,-0.878441314463729,-0.910279010678018,-0.910414828600083,-1.02448089098569,-1.06259563437623,-1.20325112703694,-1.11304509547455,-1.23607559843507,-1.22780206103253,-1.37307900313909,-1.28250976373679,-1.3937740362556,-1.38803308579837,-1.51533691691492,-1.49975432934896,-1.51001320345318,-1.64253558264567,-1.61225948426454,-1.59092639090353,-1.64861415593157,-1.68896869152835,-1.71978532344484,-1.66996717305808,-1.66592699054272,-1.655213498127,-1.77228113611364,-1.6777689030599,-1.76066504593971,-1.83028191678093,-1.80880807381206,-1.73138821745305,-1.68467304957735,-1.79769162071228,-1.65054898680925,-1.85872516694182,-1.66583895161186
0.189256987799729,0.086441047039519,-0.0124203861113383,-0.176366170983905,-0.231681920120845,-0.308958322055891,-0.511783890714868,-0.632521237485982,-0.682920696921774,-0.712297949923294,-0.740670644247029,-0.922702833734121,-1.07238838879788,-1.15689197028833,-1.14543841319193,-1.16744014131441,-1.37388296854919,-1.3449843065291,-1.56082730286831,-1.59737594040997,-1.65894797769196,-1.79485259203177,-1.94383228793394,-1.95149286344421,-1.8840047336189,-1.98201695822689,-2.20315917579386,-2.04467984511108,-2.13181573771459,-2.06677868340459,-2.29497231456813,-2.32340638938716,-2.32527817564909,-2.50314294018068,-2.36171333174001,-2.60968017870341,-2.84826888586471,-2.92915670019643,-3.07760067465184,-2.58470646813488,-2.85581836435785,-3.2140987505783,-3.12630831836526,-2.99898945137608,-3.26106368260256,-3.17004171722168,-3.17411571505176,-3.07286488706167,-3.50961043255669,-3.46994727657249,-3.57305667237437,-3.8316575979221,-3.23414132692236,-3.57488496227556
-0.228921467179877,-0.321072192348292,-0.367605336780874,-0.453580059749621,-0.521031078129597,-0.588081892537068,-0.618045005343026,-0.677387281622998,-0.641350684388537,-0.717928153080108,-0.66250676812252,-0.781190612344768,-0.689194522376318,-0.93558403225861,-0.800250697976216,-0.80153069041465,-0.448135453206817,-0.628274185940321,-0.580072602143068,-0.749624023532827,-0.907152026922378,-0.940390514932217,-0.983912828297022,-0.811039549622658,-1.0495655665935,-1.06859236700051,-1.13174213462841,-1.04913699479433,-0.810305023213376,-1.0974476161344,-1.08482472117055,-1.37091494015887,-1.13555653402073,-1.35264254799832,-1.0852988417957,-1.22059292652025,-1.33142125405776,-1.15914984058341,-1.33633889728007,-1.18044716355853,-1.16475304542139,-1.35736572607062,-1.32953261616966,-1.19382473265586,-1.15460030736026,-1.02868058300084,-1.58501624516127,-1.44368669366863,-1.57206512642249,-1.71719905634801,-1.64445340101553,-1.12255026533814,-1.48987927209698,-1.39897225555268
0.0269979602853975,-0.0865468268730581,-0.104778264811056,-0.158152366905734,-0.25912836335687,-0.386767211781972,-0.399780658049756,-0.322001842068485,-0.407163439992334,-0.552817894527812,-0.522088741126268,-0.516439456011054,-0.552244753796188,-0.622831469893816,-0.709145626242582,-0.695767093296708,-0.639751486227768,-0.775454950352407,-0.801170205022081,-0.617273924696566,-0.714643395307264,-0.72662149925681,-0.859878243479539,-0.834957340121954,-0.893938651583391,-0.785599208345248,-0.984392731396216,-0.919247030966512,-1.04857594945484,-0.986688549797358,-1.03979744670149,-0.954810524754194,-1.01363458372113,-1.10889818667286,-1.06923280978259,-1.0316335735395,-1.10290690775027,-0.99919848914677,-1.10962016925521,-1.29420271830092,-0.944351478446206,-1.09242128422365,-1.21380480828523,-1.22643224580533,-1.09892927079044,-1.23747004140316,-1.47573347916526,-1.12738989730743,-1.11113018582419,-1.31503252559657,-1.04281227151073,-1.27545575785946,-1.12945839228269,-1.11248743874281
0.48054877857427,0.494992969018789,0.579142328388743,0.516403429042068,0.554296735901888,0.648733859680554,0.501945277777855,0.584772899328999,0.5229258852436,0.630890820505136,0.557248706651261,0.523076624240463,0.637602973985181,0.673530217247735,0.649356968212463,0.664261967393063,0.724696168942441,0.745909202169343,0.755848636363775,0.742847806265103,0.834163253045181,0.798757840741692,0.851139118804473,0.842144031897866,0.864199295813858,0.896020675821585,0.9109307780778,1.00161081774567,0.996312837461141,1.07033051342705,0.917221813774265,0.895794821157235,0.92951442402927,1.13304671850004,1.11828101204202,1.09603345936547,1.31955724431312,1.23604483342004,1.2198688965669,1.34159166050014,1.39280439850746,1.30990647446787,1.29024811434245,1.25852595398996,1.55517232819604,1.57680958238591,1.63829060086789,1.45482638911626,1.7410785379024,1.63584918333066,1.96623767605813,1.90852195136307,2.12287696194212,1.89047259172828
0.572563957767115,0.554545977358056,0.550621440605211,0.53424597808798,0.526480157521223,0.487944949702199,0.500374134204413,0.504053926436816,0.483163304113492,0.488767133173981,0.471461143008833,0.482473707775602,0.491428270492306,0.437761967250179,0.410390081997561,0.44544532599537,0.47192771306376,0.42543487366519,0.48101424374636,0.430404463338955,0.431784459910301,0.413773257302089,0.437206298949287,0.336738734507323,0.323801446372602,0.331342814798349,0.347057201070548,0.335194664161989,0.281544576662566,0.276179928138962,0.333191969727165,0.247598167860578,0.244803332512736,0.232049691262818,0.233457049799522,0.211063572942384,0.124420645864802,0.252000258155376,0.240814727862364,0.102811792577758,0.0945242049034053,0.156402511329102,0.0858118036048554,0.123588953223499,0.117808004562226,0.142773885946611,0.0341011864945254,0.249747539500813,-0.00670393084875854,0.177856694606617,0.102736258584106,-0.0819824907462709,-0.0959079622740834,-0.0855893990353985
0.77992351518112,0.77984828160139,0.815200123845387,0.787781766875503,0.764319209683349,0.73023342814018,0.722533306605611,0.717468683624573,0.667812140912894,0.636678383681548,0.634349381514512,0.570617417946651,0.556956450515475,0.53612439653889,0.525459822614279,0.509795143264436,0.466060864715813,0.442896834847793,0.432386118616628,0.402134207579295,0.399276892825533,0.395007417161262,0.340795231804364,0.291157403307951,0.306834407181234,0.29687444338287,0.280921300708649,0.300021586085082,0.278580687233105,0.226895862242911,0.2484119662346,0.286536050724311,0.169521920992787,0.211027187234842,0.158623557893053,0.210667359218397,0.14196791956399,0.152310018197794,0.185986528336767,0.116103159157376,0.114664858534098,0.0628810202529973,0.0357448973991611,0.140264942932306,0.0618691018147717,0.140517299557029,-0.0492239807853059,0.221289506857181,-0.0145470271571225,0.0362331865964635,-0.108917726184565,-0.0519769597337688,0.0553813084276894,0.027837036374402
0.720405671932416,0.745158085421609,0.761708419407983,0.77788530470554,0.840651910157765,0.755578592569368,0.760846050034991,0.795750467654224,0.802137654019027,0.801934902527068,0.770641040460555,0.754592417137805,0.723026204710128,0.74753134422857,0.69258137904591,0.710486322887262,0.646121622740316,0.621547627817363,0.574829622131603,0.629796967834954,0.520929709898449,0.583245460932042,0.53763819144554,0.485682364062204,0.49850222617473,0.522259648963516,0.50271490983102,0.443748445091704,0.389438676606311,0.404760423550084,0.389665483337657,0.438529017198146,0.387786422747225,0.413376802892559,0.357076401948301,0.262101746401675,0.205653915798999,0.152533560841726,0.305184424843587,0.164745050429076,0.106305875418322,0.200735871799716,0.155134896524242,0.0510531404178346,0.0757179739723577,-0.0147583881797561,-0.149769329951142,0.077277692105467,-0.153758541540171,-0.0815628774720056,-0.320780454641967,-0.354362054955896,-0.0714610518413034,-0.331003701856098
0.733554052730374,0.711966468359647,0.694651118207275,0.654603669917109,0.644737013632655,0.651005264961816,0.639406556868337,0.642012287491653,0.600614386347042,0.561285727790548,0.566794367541025,0.538246300574348,0.514518657093587,0.483406418956177,0.465078909053423,0.468890117890449,0.4244297963548,0.498046207141802,0.462189569880542,0.478114448733234,0.338874340525107,0.311800299246319,0.29637538662488,0.351212709896362,0.360675962674875,0.272433718513001,0.259190880751706,0.281943556329062,0.194522537423382,0.215997229689802,0.191462233112324,0.199400936700322,0.192424735852835,0.0724475742321405,0.116019074109164,0.120751643213469,0.0211329630782034,0.0655585797053529,0.0805207095293955,0.0269425856429193,-0.0735541132094022,0.0433724046924046,0.00760677709196934,0.06464923676577,-0.0312336423536851,-0.0224909387987003,-0.14880182044231,0.00489004270613378,-0.193863978832762,-0.0745619111466561,-0.0967562131884753,-0.133324519966781,-0.268912176754768,-0.316380738547012
0.693820128902239,0.701608165417326,0.666104372599113,0.651341917977816,0.644833911501058,0.619776378632062,0.618637009047062,0.60944162661606,0.586028687570974,0.590080397046021,0.58852230929312,0.585962245908173,0.605758927882037,0.536488533016939,0.548020978578406,0.605123605721906,0.580253348880636,0.534441677406448,0.546238995494289,0.529538379263762,0.564170348736527,0.548630167417001,0.580583112544808,0.546615281646504,0.558277002326591,0.53618680381985,0.50465716201699,0.54933047373754,0.552748395492707,0.582529497972946,0.635025923056993,0.57561730445755,0.606039867125225,0.573889536025597,0.556897555663819,0.626593508884216,0.644070306124034,0.629584270918009,0.651153431644766,0.722526638366152,0.601187222346243,0.741194113114396,0.713215708233906,0.682251846497586,0.742526238242445,0.744715488471374,0.657645112629142,0.72499551363962,0.791766194198411,0.717144634646532,0.771984353969155,0.812804346938743,0.667321716345004,0.92872234221209
0.714380558420568,0.754964428652902,0.765568055946715,0.821078118872023,0.812903316342365,0.775127971379383,0.819559816917875,0.811278725604926,0.800614950087623,0.791495925329632,0.782571929082206,0.82204415474063,0.829704095854344,0.820185810393802,0.828574897294932,0.813393023953326,0.786257790469911,0.78913737738595,0.765460373117701,0.82873696974582,0.775191263568916,0.780239524749426,0.77181623879462,0.820414112038739,0.789813911561392,0.792230224667743,0.85199466110438,0.814714185730475,0.833927224431533,0.833014923005034,0.863217977906939,0.828937662694456,0.86727470726905,0.838416144080424,0.858963635091322,0.877208278884549,0.893534712340379,0.957869688371484,0.881382895535422,0.998925567905978,0.933262856877336,0.918215191852008,1.01333831735306,0.986620515049051,1.01680009535413,1.01669262938614,0.984478353591886,1.03564682023498,1.0403412618793,0.987025707164618,1.11140383155465,1.02776338307269,1.16954012003731,1.23433238536182
0.419854476823784,0.399741557722819,0.422279385990432,0.398046472753751,0.355358560992436,0.327097239017634,0.30513171532634,0.299332512065011,0.275230064420545,0.267832116754054,0.201772209486932,0.150624806226716,0.182144943620241,0.139559059542885,0.0955897505488511,0.0728559066425838,0.065148231022421,0.00708776847967051,0.036349285192649,-0.0111211701005315,0.0391522836008037,0.0176591257350165,-0.0570305838366787,-0.0143758932877892,-0.00984273329642112,-0.0135281163814706,0.0309214157290148,-0.0255088788591093,-0.0240018102168666,0.000841526577901528,0.00484622885669961,0.045515054249501,0.0371762158620347,-0.0360854603670413,-0.00874203478991711,0.0455953552196567,-0.00345467202080576,0.0944208302921652,0.0821010298655093,0.0249050546527039,0.0468829096176838,0.132345205802744,0.0674278620581489,0.13509251299731,0.114945884619521,0.216449699943538,0.061701152015404,0.242339326525126,0.214969373069765,0.256297205222584,0.221620420350638,0.276175587986656,0.241125369571972,0.306436027616639
0.683569732714517,0.699582590775013,0.686855333554956,0.695494471159143,0.678194802756563,0.679876272704795,0.690298334264949,0.704738543405772,0.699632928154833,0.743623102541797,0.698483927235673,0.688057658828713,0.66456251145844,0.690745538748177,0.687785937005597,0.679534099108443,0.714154846979414,0.770655208343707,0.69654612655352,0.659116766883877,0.714588413552113,0.666556432556134,0.711701320249314,0.724327827505674,0.716270368877559,0.696212396253405,0.771838899596309,0.700393592809893,0.69448119141049,0.751474441319344,0.765074279955965,0.774257640661275,0.771771655993929,0.722413802892879,0.718088349007776,0.845136921292585,0.767620697221339,0.796442100486179,0.748792907586251,0.819813325653662,0.8075281200894,0.890766918072405,0.811602133014631,0.843082353021154,0.947022968933043,0.986619286822544,0.808714170831394,0.836821978928417,0.869332709273623,0.915321497229123,1.05359673425549,1.04291763247616,1.03008274542008,0.94357396130511
0.553781934461103,0.556821847538531,0.564896209594328,0.593913491610598,0.610386249370498,0.561346310720076,0.577378363943133,0.563823724294535,0.554890592645854,0.561985138632047,0.525468608044268,0.569060449067868,0.549921667505609,0.567469901080627,0.598733060222824,0.525114969489737,0.563056926460456,0.558505637247294,0.553060725011335,0.57989123128315,0.616371097215632,0.554713623677152,0.589237218129957,0.644907559172065,0.61451851357117,0.588888562580282,0.678429642386965,0.604991089278227,0.71130506879079,0.686969612107395,0.718260667838177,0.729579555204819,0.680274927371756,0.693078021478337,0.76545933935763,0.791699757556325,0.735489594641643,0.802066152520538,0.869709608713274,0.86776248453093,0.803371982637669,0.913588407905895,0.844650104483923,0.853983973598178,1.04796532168491,1.02718189877316,0.987579625443457,1.07491256756967,1.049269957765,1.10295080340839,1.08380546149202,1.13013299674854,1.16828327614186,1.03371293275709
0.878145417875712,0.872707778241658,0.862112370205147,0.859291092561252,0.867585318600185,0.843136118612757,0.859013992055265,0.878023684369309,0.853891874744409,0.84073582048396,0.803000206102278,0.854040997239961,0.844397674969538,0.800286407646723,0.827283409197312,0.811847432093962,0.852926399462452,0.812050856412766,0.799306986166539,0.735315131943977,0.801529993009807,0.788950961678696,0.755338693819344,0.710667743582738,0.726847373189138,0.725450523502084,0.709777893592452,0.631612284453035,0.648677664075407,0.616067642826626,0.654908130831377,0.650407092569343,0.584287350029271,0.606850093933848,0.498563089023468,0.576898001679776,0.577368522277633,0.559738818967855,0.516729764306407,0.484227274550935,0.38466953794462,0.483321146840248,0.41636073933531,0.42995215034048,0.389929843724408,0.426203006028781,0.22031166609917,0.282431635652781,0.453480261375144,0.28061784689544,0.326019563008597,0.333299862014521,0.206945769721625,0.273222286813407
0.734464776351028,0.742662133026683,0.74753371038482,0.743114212613276,0.724340809804155,0.706375248509824,0.68369923439451,0.668554778876397,0.658131340388354,0.643935329166674,0.597550257906204,0.603432336694679,0.569833623950152,0.562167857314474,0.556954808797458,0.546988832567244,0.519655441216071,0.469092500234491,0.475995399383161,0.462065508128021,0.454962914415676,0.436197420360167,0.416803554169783,0.356744176492201,0.371009615890779,0.382186351009837,0.365933403090037,0.375584390913011,0.348449758084513,0.328752261712081,0.33073482584588,0.336577810965907,0.285091166066722,0.274598027028799,0.237688017482432,0.273036070982616,0.244570028785258,0.232604185799545,0.212818042169599,0.217871874729797,0.203548398488828,0.181109699092891,0.157543806250917,0.177330533108002,0.188257014746782,0.199619190325994,0.124809902006609,0.150484348031366,0.128439199808477,0.182412406159141,0.0774687811689698,0.145808652288073,0.0676529306932121,0.106675791814456
0.625373933339693,0.60244799374433,0.565295800874466,0.581454614421581,0.561297595028021,0.534895911197332,0.499929378339243,0.503073385550265,0.502064236804528,0.500360507670054,0.454529406639762,0.517006562183183,0.514195826951583,0.443429875292617,0.482046677498742,0.459860128898772,0.466305323587995,0.467568142495746,0.439499300298418,0.449938209962552,0.411572040763087,0.43036916841292,0.462097941892291,0.418215733622607,0.373885135397772,0.393169352616204,0.404734898926412,0.358208620769121,0.423836552421228,0.308657628046258,0.352017429888101,0.368839683680869,0.295841617199888,0.319767823552258,0.352291600109088,0.325057949180082,0.324032659823242,0.314838096114122,0.249817310357496,0.354159854732917,0.289639820963576,0.27455417469199,0.250375648135141,0.218726802709665,0.234631131433306,0.225218385163703,0.245599757343315,0.27851310276997,0.219289528960214,0.24716167649337,0.253493145930818,0.308346025889621,0.214882017888291,0.219146134108393
0.566691005864836,0.554403015003744,0.58768096310152,0.596526063072157,0.590907786912165,0.548333141359441,0.562588378860435,0.541847498668992,0.516823236221432,0.523965540058245,0.507825107366277,0.484671878441167,0.47071177077372,0.439866983471667,0.42942351451802,0.428653739688262,0.388810535574143,0.319525385197487,0.375825252785786,0.335005194872333,0.354497409532151,0.357315849313689,0.316106045709507,0.296628744493012,0.288439328694959,0.291136868688076,0.277154193411941,0.258472249097836,0.237606189970215,0.208538836092226,0.245841877465933,0.219969762363828,0.262470893092016,0.237262819733133,0.176144571319961,0.214173350017051,0.187821970707362,0.184560054249582,0.142448004787479,0.0891517576094794,0.124675351054641,0.0930611099401423,0.1087592220807,0.151273576515605,0.00319060092033653,0.130535204097755,0.0948388953823577,0.048037195705437,0.014815682889665,0.0606535638405751,0.00224104979316123,0.0652447274767495,-0.039181187049632,0.0942178835181775
0.620031096033013,0.65166297307228,0.672970581714024,0.663945394260529,0.6883537091586,0.712751776144051,0.73102364851679,0.739982333786238,0.759515914021701,0.76085436151313,0.780604909796536,0.777527836106077,0.853194149634525,0.789805779596273,0.855401701427103,0.82917009363899,0.965931867964497,0.893274296851374,0.983596120536045,0.89502271125673,0.971473809994591,0.947694459516152,0.965128539070731,1.00497910754801,0.955266863854091,1.02164202661481,0.982765837404414,1.0145270934739,1.02801629944053,1.0022338876076,1.03074686861429,1.10036531997971,1.03519983980298,1.01752655115185,1.06468012881353,1.08546409196693,1.17318443849817,1.14070429643538,1.21479044252844,1.21957674574493,1.14078190460567,1.24824407465267,1.15051375432851,1.17652562586672,1.26954866986104,1.26483255561359,1.18744869090651,1.23913512788706,1.30121621013408,1.35154298360375,1.40649973935627,1.37607273547735,1.32229904420564,1.40528208932158
0.774149330792248,0.737762206051475,0.722154073912299,0.727020264776263,0.711400199996201,0.649626398544061,0.67430382771699,0.650972816613716,0.62922869797267,0.630436108622236,0.640975409314569,0.622205675382067,0.64400732480216,0.610123112239441,0.636595535989652,0.59690637931981,0.629256424493565,0.600459028567796,0.647937886166913,0.670715145510984,0.646506872823698,0.626996119047724,0.635948040578193,0.631118757220971,0.659671615168643,0.669063499525932,0.64962543282798,0.6605484770888,0.72345138813237,0.68730985266283,0.660208914748862,0.66717296473693,0.688254724554212,0.704845436316396,0.696311252147264,0.72383205902916,0.767029240733934,0.746294660833735,0.742211527400237,0.77206011516541,0.767753220990436,0.807605224482663,0.739255477745346,0.781715199462246,0.80262137413412,0.809709829056466,0.84182454302193,0.752572737349456,0.816959417102127,0.721050548618443,0.833091077070248,0.829468033061214,0.887604604097491,0.927484888257715
0.623543012798918,0.624861042130248,0.640997106333481,0.634244887172519,0.661873029205598,0.614677795138701,0.614030012718961,0.606059128246701,0.598390695835802,0.608654112014705,0.596272977679428,0.606121748109502,0.579813697312104,0.597132460888325,0.554610085361355,0.574744758119797,0.538540197078876,0.543494069545922,0.522218654677531,0.546329391422215,0.526603952916624,0.562917609530333,0.551890424844608,0.521368587421768,0.519148828483458,0.538235359032119,0.541566274923908,0.539460486911825,0.528482143459721,0.493893907479264,0.551634831785875,0.52348676379929,0.534375040118166,0.522148932071198,0.511857941772477,0.518911095650024,0.511798758976084,0.523839820259783,0.485762940113281,0.571913808672458,0.528946666030877,0.511288183289703,0.562477080923587,0.595386974693828,0.508277662019715,0.569040649719774,0.569094111282959,0.604000780130743,0.560527239809778,0.613003508542149,0.558539624558836,0.623473725612795,0.633706184371338,0.592123193303732
0.821397266111224,0.844324650783423,0.845280711910942,0.848962485094931,0.868042988657711,0.874977177211162,0.884389818073999,0.880920964149813,0.887129852404278,0.888732164069121,0.883852709153675,0.900256299187326,0.917973977138407,0.904066145380479,0.933891600833575,0.89003706326951,0.963574762066613,0.889604430615014,0.973366942318593,0.946504328533024,0.948216226916624,0.934716857819603,0.974484227456321,0.992692739096632,0.938275627943631,0.96389178238961,0.952808400770127,0.956229154367186,1.03038763760116,0.962905028380597,0.964650536948286,0.975834422032951,0.955020052083112,0.951234396362812,0.976048003427675,1.00574432602379,1.03120982158808,1.07243307165196,1.05921906256854,1.06848180742371,0.98696947522928,1.07283729142796,1.01330863200683,0.97939283569696,1.04342548277526,1.06730441480879,1.08556069610246,1.02537725769423,1.02504962382209,1.02115070928738,1.10792085055506,1.09042627520447,1.06480942239256,1.05080675097294
0.713104756974855,0.694537251673033,0.70225958836564,0.684662843884868,0.660392119584901,0.624953299121807,0.609585657386128,0.604995010515421,0.578556003070818,0.578597374423993,0.555727233982008,0.495416250146917,0.47375117989574,0.445037674158561,0.419912762417941,0.444145949653257,0.394865819447273,0.398278864043186,0.38915227915619,0.351479207091778,0.346961930739588,0.332637783935455,0.315509671071899,0.262372388665942,0.321571700903693,0.310437077565606,0.264249768718217,0.2546942110891,0.171040241608542,0.229251387566243,0.211731638436961,0.239386580582012,0.266615025899537,0.247987754068526,0.216843380407972,0.182273595568228,0.211476178587909,0.200703224369207,0.192173139539227,0.162469552315498,0.200200776240462,0.196507118129853,0.25640467030095,0.237066048372898,0.21796408911944,0.237009247163713,0.260481595634752,0.211913908324333,0.229289445824754,0.224659957366194,0.219002144337225,0.215743878731905,0.268835212895555,0.297068107360646
0.502348047415965,0.479546176196633,0.494964214110432,0.511650019132475,0.56074941746408,0.499868009364279,0.512187257784717,0.514833523448096,0.530185417135547,0.538554081694538,0.518487006496662,0.548216108384829,0.551837745132082,0.567714982927011,0.58592077467924,0.550979163761945,0.54965986046933,0.605139374024862,0.588689602450207,0.610360692109875,0.595664188853465,0.626545235139133,0.647063375388842,0.651476656669915,0.626380403497084,0.637716809864079,0.675761442934279,0.6925068229231,0.675592242206477,0.684702418116751,0.725592217413334,0.708258152645123,0.774158003701819,0.73082469718374,0.750010546598023,0.70984374495007,0.743342224815729,0.768664394726239,0.790450913805198,0.825091293157271,0.75336974556432,0.814068158250916,0.810817564861428,0.813345846063442,0.802451819930216,0.800792074717094,0.822697862355934,0.88060708835067,0.787579451545969,0.848540187973445,0.823956933230993,0.832686592365143,0.820637039810987,0.828941077747885
0.856797706068247,0.838538916170662,0.818837388324602,0.81328001221485,0.78302247318553,0.749541919099447,0.728795680408901,0.689893308708153,0.692053491986048,0.664691842832401,0.643889576747256,0.632328720672165,0.609134842282561,0.576992533028825,0.566311161116764,0.543948114903605,0.542448320919097,0.504165955222686,0.50778291290748,0.496034001127559,0.46144684550695,0.455776859465293,0.45092861197158,0.428615174909461,0.394985422820439,0.394756765608172,0.404953768991322,0.367475906106315,0.390265540749045,0.34958577396878,0.34944082003839,0.324594019796953,0.304267228144906,0.327432053272224,0.33297475229098,0.27974248251216,0.293004081260455,0.318289691959366,0.264248874220713,0.249056504171904,0.248984988947155,0.287280442982181,0.230374513111976,0.261705271690604,0.238379518252571,0.257383578003432,0.236850367004672,0.214614008960114,0.199265330758651,0.234248433682199,0.223375314914576,0.268664065088512,0.198531680775888,0.225002036992038
0.91899868624639,0.936592949136286,0.951337780197325,0.951913164389792,0.951747474234208,0.970620598319817,0.971529692446896,0.97908286959936,0.97349865651162,0.988542579891354,0.95876478890659,0.941941550976307,0.921910735281935,0.954753087475933,0.940556743730101,0.920553513949065,0.936283283691255,0.916045946406864,0.885431741808998,0.917653533296198,0.878942597795429,0.905342180778041,0.876749251144232,0.846905350600367,0.84621270222998,0.854283168580488,0.910970851389856,0.815957277225515,0.880253014560772,0.852688668876934,0.79700340952443,0.858483858754678,0.804866958074802,0.847592335622274,0.842611637525938,0.812278753141122,0.825223246962003,0.851487899375841,0.821727747405473,0.807124754938265,0.834179324875096,0.818082097535668,0.803419058013996,0.808134298423902,0.832291962005465,0.780376825311326,0.801928847813063,0.84180371886549,0.823858825209048,0.825873661681818,0.857579909722879,0.817578580436892,0.795707373502552,0.736021014123041
0.670170256632243,0.631526704105882,0.631749058207021,0.589921858321277,0.600530054299602,0.567709347467338,0.589538536717608,0.544558638441933,0.555471734795585,0.551089243129499,0.54822050280582,0.532455792936193,0.513192475714181,0.48422823198471,0.50061366130569,0.486622947410372,0.480625594721431,0.460848079047603,0.408057230264676,0.429429281816689,0.422605372604094,0.358640830465196,0.370263264485275,0.368427817944857,0.343515260589531,0.337021277144768,0.303588172275092,0.31152717415995,0.292635002105324,0.281735600941513,0.255221927273512,0.214162336339636,0.199033125657865,0.250627225162092,0.232094708760505,0.145088507225337,0.170444762772063,0.202478650998906,0.149608005662134,0.164059695814325,0.096047683572125,0.0894647457729997,0.157430848467261,0.114007262660591,0.0975453358157715,0.0654300198057797,0.0450989218959172,0.000172017983524884,0.0517077409915546,-0.0178709629933697,-0.0333894021411061,-0.0232124175162105,0.0896805084307618,0.06389764953628
0.758234519791161,0.7164266458844,0.694774586800989,0.704526279048335,0.692930794754184,0.641265353980178,0.642374776354293,0.645153899492184,0.631577549818636,0.620860419783106,0.606506530772935,0.650967864812455,0.62611846015268,0.620670796427142,0.632450838585083,0.626201686720043,0.590114733419242,0.604935207442914,0.586992592211695,0.622465353847739,0.584057131060383,0.594985973657922,0.614402826344368,0.588110912020573,0.578237994283039,0.57093170959859,0.609030432780972,0.573759273409879,0.61574896736514,0.587346977889311,0.573397487985468,0.560512862534115,0.527669681926519,0.564513957791811,0.592877995487024,0.560743218006435,0.583633676727099,0.55671793385242,0.544113673233437,0.565950096023134,0.557388344642696,0.531099826130263,0.528036853658022,0.498055072868411,0.542787327838266,0.527643823171117,0.517709922645478,0.488465625767875,0.502111424808173,0.508226762943198,0.46764909678797,0.498155078917344,0.43924256675595,0.498939122912139
0.717152104030835,0.729084004519708,0.740766560829264,0.736441092014344,0.726910801701149,0.72572368298294,0.721665891940594,0.726969268045885,0.703907701480441,0.697350848055036,0.687611212928117,0.675031914026109,0.656018149688141,0.665119188005286,0.665617451588254,0.650727527029312,0.609116742167528,0.61276231562556,0.587460279028051,0.595987164579299,0.606804112887249,0.576473531508434,0.588288341822677,0.557679771434187,0.559570500371036,0.53622823028324,0.541046193697297,0.538088221362706,0.523175865467103,0.504070578000891,0.478738354960041,0.498105001101213,0.475530768079315,0.473575364259117,0.493819871321861,0.476952222929881,0.455058397895806,0.463920782634189,0.465383153919834,0.451803784620386,0.443617172382024,0.446912715322445,0.44521483059755,0.424951589147928,0.392587679207351,0.399797808017397,0.395517192080399,0.415894343819902,0.422833820868195,0.396512000356536,0.376470850731783,0.350550183750958,0.38980762023583,0.362861487980702
0.648438486341643,0.623365327488159,0.612472663674728,0.613107706502948,0.617044203167546,0.579149998458776,0.580611202510213,0.594163029670935,0.590293178293972,0.560830639419151,0.596524789016518,0.566598940419131,0.55499522026595,0.551572467682388,0.561919220420377,0.549041584484714,0.501186049098649,0.531010500660588,0.481095029510317,0.523176875378119,0.507735863411129,0.483548322618571,0.465379251832154,0.46907114652474,0.464608665449825,0.474336477051714,0.475022257668828,0.430681432884302,0.437155274826177,0.400592563667897,0.410210662534288,0.43139066777624,0.412180562815973,0.435232178645962,0.385012159235442,0.393353933846926,0.450594638553999,0.429703681427387,0.409907613413069,0.396234646350933,0.414020197170075,0.424906466501468,0.425439276147388,0.463224724144079,0.418076779905722,0.434552938172851,0.418289148843297,0.397187837975256,0.476983930401235,0.45662726193666,0.37235120294195,0.459355173034165,0.482629056472808,0.528583618081645
0.625975050508695,0.608089027286081,0.621423860528179,0.62514465442076,0.63049084851568,0.621261992949615,0.611349499192258,0.622280466243314,0.623743287596704,0.590278244977332,0.587811811174879,0.5761079112308,0.583334836644978,0.558150033861432,0.556631850021105,0.543871191143495,0.521175743194862,0.501530740457824,0.495612642284906,0.470541868896251,0.462938462039936,0.422490098770056,0.412525426368231,0.422756029581177,0.35222539860228,0.383442923220803,0.392960516589376,0.374356253319111,0.323566159020514,0.319150215920358,0.312907440458218,0.256700872326946,0.27374119218274,0.227749903760022,0.23557923307295,0.192768103769006,0.159651196316429,0.135658222052548,0.208437059851066,0.129037696902775,0.0969891450088791,0.0939283846038074,0.106663957875657,0.0758092457405877,0.0692250938203894,-0.00835883686084863,-0.0370505347525484,0.0169263327065898,-0.0429666504335968,-0.071418338607395,-0.0156490148609653,-0.0256853714211792,-0.0879447306515273,-0.104055100943406
0.699409560541645,0.702598757864276,0.688393294979076,0.694719521813499,0.688525643773778,0.675521568301651,0.662267911590088,0.674169059885693,0.650160644182519,0.652897277902389,0.643472189437339,0.661193816020943,0.660092580478686,0.670750971369396,0.674900521875904,0.665235647953721,0.694673468368802,0.665886203066225,0.668276794912949,0.701008310656344,0.66959467652376,0.702467643484838,0.665385193680992,0.691728032353702,0.684447135089429,0.672732474194366,0.683666121692873,0.708419486082722,0.694986547076633,0.685970466126231,0.710378306247836,0.751850479010563,0.707606668867252,0.706113266207135,0.728981313253365,0.732583396551702,0.673070448696793,0.720213309375903,0.709101016403471,0.727781973840053,0.708949704003889,0.689778429397184,0.688741549265357,0.676459555414374,0.692783522747439,0.713494641898969,0.720416407407319,0.724531201304425,0.718879840160343,0.734447307066547,0.728373777658973,0.687693786256749,0.649973435539738,0.692209724777226
0.617726989948148,0.627055086898796,0.619829265883786,0.614624766131236,0.612287252596339,0.585626804967208,0.569747223509839,0.567386807577592,0.56374086158912,0.564865555221569,0.5601467440123,0.553991819270408,0.527926731059359,0.548216038024549,0.53632737147831,0.515558074126475,0.529849405588619,0.498325048704148,0.497374296727868,0.482815761409466,0.496816448501509,0.492737144863035,0.503204963810228,0.505188605496406,0.468983377904875,0.478737212615541,0.473150637317707,0.47811715240468,0.485818485631708,0.48831491925276,0.466934023940972,0.480762585599044,0.483454895812035,0.466367128969366,0.486003555716121,0.491402482875903,0.442459549147571,0.498596057784726,0.464524117878502,0.50710351945483,0.444116646306084,0.487534248440435,0.48584078759276,0.539479568274868,0.468220338409544,0.515029383533274,0.517434026981384,0.491226108733436,0.4714054249512,0.514317306317468,0.502401695167535,0.545095302125683,0.520251778902999,0.493699023907364
0.715931302589719,0.720545158454688,0.707898151754094,0.7249688019503,0.708258767322609,0.676269887551917,0.673978672666493,0.650430032599595,0.650032649877898,0.629139929869183,0.637091824227094,0.616407697367844,0.623932369571366,0.611480452906301,0.605399197893547,0.585592358304211,0.572193361257003,0.563984302487861,0.552455402705243,0.575717549322932,0.552994211882012,0.554292748712472,0.522148819064053,0.494761711424239,0.508771067294946,0.500366632714961,0.50276594257538,0.477829309111222,0.488481987796108,0.45141045406668,0.461756471074999,0.483555000727688,0.459160313812955,0.436382952799902,0.457822361413851,0.439992509562843,0.369696258674337,0.411845883927786,0.414536276582343,0.394579612185122,0.395964612761145,0.368926448971656,0.336851531051157,0.353048211306976,0.317053489417388,0.317128711823133,0.31632927236032,0.374094341609116,0.310500535286101,0.268996931137307,0.28149387777953,0.240260646210872,0.224080877789277,0.19826126423989
0.700600042503031,0.679339633116514,0.662169480221544,0.652701758841686,0.669069555281886,0.616552520492416,0.61406538265307,0.608903932957915,0.595713224171636,0.556131321198584,0.5636099325477,0.54906023821054,0.532382047496736,0.518495966056909,0.489034386057285,0.484198630878352,0.458488948413054,0.456694728119944,0.456282675762345,0.431179309011075,0.42378829708836,0.390539550081357,0.403925448145416,0.39012872687751,0.391962314257743,0.373670682052499,0.369891249631702,0.332918564550011,0.2820710847437,0.313983591124905,0.335339038046024,0.299397574067007,0.304281622837607,0.262900187029155,0.23873552257191,0.2624772500563,0.196926401189632,0.215661739571834,0.224417775191382,0.206800021160238,0.219753491038564,0.191772022091843,0.180339174497854,0.185653816458618,0.165321052288618,0.154028173996634,0.130314705729182,0.101191105662786,0.138778690060269,0.120141411408379,0.0839365995197083,0.0636991260239298,0.0692118280537252,0.0687433149130029
0.674093217450874,0.717213670899111,0.706846576277874,0.713111988356544,0.70883300987326,0.735487060701376,0.723014085478256,0.729697759734203,0.751098515924339,0.750766896437225,0.726098836771276,0.704460337756848,0.73371592780253,0.722499943548096,0.754484103273112,0.744697081542809,0.681325192805504,0.744394645144256,0.711905734383856,0.707053313563051,0.700385780469781,0.694601311107283,0.678469901154326,0.655116229827115,0.709445183996502,0.671264463880595,0.677474016701023,0.636324382323434,0.627394148766422,0.67262749194583,0.624141489121756,0.648379565951946,0.629648670640208,0.653110164794791,0.577780465798698,0.591084970245074,0.584298279835583,0.574843694517391,0.578729021759828,0.541481253760632,0.574574434502881,0.545816250379076,0.563679538476071,0.526644599433863,0.52119889634222,0.489590751566742,0.505734386143462,0.446672184209493,0.461036715066775,0.419368771774223,0.45639159000785,0.368072764156734,0.406205137733565,0.38368190541197
0.658827715884984,0.63240696360891,0.5963877112218,0.599350366183703,0.573862857773323,0.550262055536892,0.54036010619294,0.515888433675692,0.50397433305688,0.500995856336793,0.489181056507894,0.470856452020068,0.464243282773722,0.451026273997269,0.444619968786183,0.411157925533665,0.400522083992892,0.447707550856839,0.402476332518759,0.418207552762023,0.383951467086282,0.379881905166822,0.370659197118342,0.348337241251556,0.357723168601912,0.33614030484443,0.316712636201434,0.310681376083262,0.31550591631291,0.323939606465943,0.298021991123223,0.305055856676143,0.304504060263975,0.297154664751944,0.283504172334198,0.254711833318281,0.269645059612756,0.292139908132044,0.254535419409433,0.295189625502106,0.287282408115954,0.269454718317423,0.246905706398653,0.242881684792719,0.208476544595003,0.225842348464829,0.259093612184577,0.262477326484089,0.234954633844828,0.216031175153998,0.218328972070087,0.240261031910123,0.208328584612212,0.219898167513058
0.793352307323959,0.811315203596635,0.816731373748267,0.826193657054359,0.820065660075026,0.838227528554545,0.841923262973452,0.840824386297467,0.848548233980236,0.845489730007102,0.864168393871783,0.842573779584871,0.822625447619001,0.844907664798029,0.825117489851293,0.800891986230538,0.803225249174262,0.843376639379736,0.820358355977374,0.817780737455112,0.812935367611943,0.813382137397005,0.802531378943862,0.75968994595144,0.761552719106319,0.750161813594009,0.77612877518411,0.737076948931821,0.735593301404883,0.748631876858435,0.700480462355908,0.706361453964898,0.675477847840155,0.695074814750254,0.674543268303204,0.710691191585157,0.64181060320645,0.659618958347005,0.645177668837724,0.604766705934941,0.641905969471981,0.563207068095688,0.635078625094686,0.571701340473308,0.57852504491079,0.580995799442077,0.562121818231597,0.553783075945642,0.527017268427,0.510400404191636,0.554863526704127,0.502836818641997,0.436027327619645,0.433808580315432
0.909607872952574,0.906300264116975,0.921844005307112,0.899407938008423,0.927498721814949,0.886585456711293,0.916750319652663,0.877813761810702,0.902484452593447,0.884501875280688,0.896261074818111,0.890773281877873,0.900798453575555,0.868626445225396,0.826669440290542,0.85124748420739,0.870004915797349,0.859109982671932,0.850741518486096,0.825609583405332,0.875243306748981,0.792608767967603,0.813546472472241,0.83255838099908,0.828874089165586,0.815961218543426,0.788829189608408,0.764971168263101,0.711261811647852,0.759444903935164,0.762195917008054,0.786384996522802,0.753529277210338,0.794622209775917,0.720081868699966,0.712779552507386,0.696879480086001,0.746475681292824,0.649673015317213,0.686323356599132,0.70673735200404,0.766693340665376,0.728789687155726,0.686559442247527,0.625219994514889,0.631655857543764,0.613552489406373,0.637318407715292,0.673970085975064,0.533390162805784,0.539783063118084,0.577281516602077,0.530877474922094,0.52776804994093
0.798894710881644,0.774454469645627,0.774202339174928,0.773625056732414,0.773543491671425,0.747316158117829,0.758978027814034,0.752013780991166,0.756707157201734,0.751140399233936,0.75245729541248,0.747167862383104,0.76183823150616,0.743617813033207,0.738378166565807,0.708763289043126,0.753205284259505,0.757416273426274,0.766569393660023,0.735116582722651,0.761151314115206,0.722060922972218,0.740779957194311,0.719884871008077,0.743957123532394,0.724956840435776,0.722162837931542,0.710707354792758,0.702557632867895,0.739416659566049,0.710341160907393,0.728399621324692,0.744335206988922,0.725467636626222,0.730037892053565,0.69894516955372,0.68621739067998,0.708220183065455,0.73140806069425,0.728780271504548,0.677235144687025,0.728190748095895,0.694534809351037,0.680385673143637,0.716910884635302,0.713001027675666,0.770664745582695,0.7356270843817,0.710329912134779,0.670068743361021,0.672418695138935,0.679936191769696,0.727994609802971,0.657843618853249
0.733447347945855,0.736680077743115,0.752008461691417,0.760200306600696,0.781846691227472,0.777426275030323,0.803795474388044,0.799895434073884,0.799901594744033,0.803635900556629,0.797424329959285,0.829894035268242,0.837991232385058,0.810393897913946,0.817693823319273,0.829762053955192,0.833615425713778,0.859773311335903,0.863604348682604,0.83487861018799,0.857771930869609,0.836868028258666,0.836367002771413,0.860668768932958,0.845954784763593,0.854634000476392,0.84636522603069,0.835370878315741,0.821878581338306,0.878075900596249,0.812945336270609,0.828160256167848,0.845786811668099,0.839998162120143,0.855062252226558,0.834448753427049,0.834558651734321,0.80557483939583,0.873458187158461,0.859695194346339,0.863899569221054,0.85930671258625,0.829965951215641,0.820534170463808,0.867819187757553,0.830221154688995,0.868892773714956,0.888423682058351,0.873442789712954,0.825876018047653,0.899390969123991,0.852037948452637,0.797749254410443,0.859051844282376
0.685822748830568,0.685672848429686,0.713062770944112,0.695668647254129,0.67603480936951,0.687803719619958,0.697035445871576,0.692284017917484,0.676612139858628,0.641237784773829,0.646667874882438,0.622298570483584,0.63435127131073,0.628180208930546,0.57694606506155,0.585008654947298,0.577127004250743,0.553937849341616,0.560003475568844,0.552884939066545,0.523219208561757,0.534326064320334,0.539849734261046,0.485275342089769,0.483238351931317,0.511865250853528,0.477604664969582,0.465673728983896,0.469140771107407,0.44825041083921,0.440121458060754,0.514581044796616,0.458914926998494,0.412893745437661,0.435781201641522,0.434878526723081,0.432033942380742,0.442548576536652,0.454971172349521,0.455859083671418,0.448788251118005,0.451398506656076,0.441588537339771,0.453658317497854,0.404640131627854,0.435384213795299,0.454015270486397,0.437102995053155,0.483623534334736,0.45743051143978,0.418609818843774,0.423336924149085,0.475899033242494,0.475478208169666
0.553286602811844,0.56221201104263,0.54907282199783,0.549357045900856,0.551486347262728,0.54556994966453,0.51827398187976,0.526406489676176,0.524708152728957,0.499838373877651,0.511163925285766,0.531845202842603,0.570958320387484,0.511476225579996,0.530012771445559,0.528996788857634,0.558790172704152,0.480642793552567,0.543010788652357,0.530177920684873,0.548526703181184,0.526678286231,0.509699486538692,0.518705784704923,0.49004450846144,0.477429126617192,0.456540566053099,0.519691576738184,0.530530185160877,0.515974316188111,0.505455037378657,0.453405792481885,0.446281266818129,0.474820082148314,0.483083740633633,0.409616561926511,0.515253473416594,0.432759393157757,0.440633576816796,0.529136592716449,0.410782154687767,0.498382064021356,0.410678362968884,0.365058121322082,0.505742282904112,0.460969979163158,0.490834046642855,0.363926499675592,0.483511284207178,0.467701167809171,0.425987369396007,0.495959313695579,0.409998910089963,0.475943115846865
0.675778175708628,0.618182254727663,0.660036652861332,0.627870357060928,0.605167769845556,0.562813854996375,0.571853386937853,0.581444259402707,0.54334867407384,0.495687962789081,0.491339088520766,0.484972215131686,0.487455265311482,0.490446161926813,0.423147198375315,0.46195174143089,0.409221936844195,0.402201760596221,0.391980545832193,0.435011888035344,0.386486886827049,0.39243597562627,0.397656174193378,0.355528347427263,0.354713822530988,0.346845271202928,0.364618281292699,0.30445890334431,0.272711950623084,0.319068050621538,0.279972123326032,0.326974961122041,0.291352270233201,0.263083782731829,0.28970561080534,0.214318482573982,0.19566083647355,0.219369457633042,0.25231027182966,0.237760461208311,0.177638986880647,0.16741670440131,0.222960821701154,0.183003063573525,0.10605733064223,0.138627033971861,0.0958882421546118,0.0562397065174703,0.13138356438523,0.0797645669849333,0.0351231173741453,0.0823619594016153,-0.0484157716598586,0.0227941761770807
0.728702800660001,0.717417034479016,0.709931528159585,0.696182214687414,0.703127684453886,0.672475195333445,0.663454809186823,0.63944917290583,0.636347031441021,0.650783013251981,0.612991356437934,0.605874554850925,0.631419707785341,0.604578117689893,0.612352948616846,0.570846065429701,0.567066234428172,0.604196463283937,0.616869014463081,0.562959474172031,0.601169736468129,0.569763634472681,0.573108980399995,0.566560970075877,0.548308716798313,0.54915568247249,0.544374435965606,0.576027921145024,0.515109580205958,0.51856642891792,0.510157945886945,0.522568844062174,0.495165911990553,0.521419197699641,0.517443178380702,0.517158853925461,0.517252682142482,0.53632122340653,0.48645614967126,0.477603740930145,0.480576312042382,0.49520631561181,0.452071115656313,0.483765772688477,0.451146858923461,0.43639651276399,0.446310068329823,0.444756169534253,0.428246027708404,0.473888219233108,0.432779525233483,0.477479954646186,0.445616275596772,0.42876347342607
0.841810322585214,0.824260355866656,0.804923789571263,0.778467970543559,0.757985667807833,0.765853535039992,0.750677153579042,0.756755758655922,0.72682958542997,0.724218756934262,0.693910221686252,0.690123397099938,0.682194296779105,0.666771938199458,0.643326852541074,0.641030643109476,0.621588589420784,0.640262164268811,0.625808694834832,0.607022373202087,0.600707555105776,0.589684091994584,0.584397960002247,0.557170957781154,0.549072074778589,0.5627743165004,0.523301071482421,0.528189530546095,0.486427009678297,0.495611624507419,0.44878713237466,0.486525822116117,0.455188404999148,0.44133895555489,0.414747330676612,0.390936061618436,0.414596357147984,0.412614318673335,0.369057528609184,0.385298320838344,0.371802103055881,0.347438796946761,0.308597737474998,0.312755332991772,0.312824139598525,0.311536633060655,0.277895420960358,0.274748475178001,0.284588382205408,0.273946931969362,0.249103342328818,0.190899734304315,0.263903407169612,0.244834341548454
0.713591758726591,0.695652407584206,0.688493088186358,0.682181271057696,0.67881064712194,0.651502482759586,0.66328957264358,0.631219462324406,0.638065244227255,0.627694826327663,0.621300383897853,0.643385384202173,0.621488955767687,0.621149601847656,0.621384857632905,0.57330832467955,0.573376857154709,0.560482676873751,0.593616447278177,0.577996664233323,0.592249860909996,0.555274206084947,0.567010511365463,0.576859957209432,0.55081519566098,0.530402862270152,0.550547472211063,0.54643515852699,0.526077703272435,0.540926757643026,0.541502030130008,0.523634611976749,0.547844902575728,0.534728891475449,0.536076653199944,0.519094310760887,0.533589485548082,0.534215826018646,0.499281634919963,0.5286632991463,0.531904543010386,0.532997470753386,0.534832545177341,0.517885775318717,0.54683305458274,0.529914366337913,0.549499255280672,0.548826082225633,0.566850769293551,0.527599671830305,0.533222067373798,0.536180935377022,0.49646027251893,0.529854767260236
-1.9116110584293,-2.26702092166578,-3.26651092680774,-3.78170294174631,-4.24156296977958,-5.22819114923354,-5.26272212943145,-5.91478735744279,-5.25705135406569,-6.45189681133008,-5.92207864997062,-7.16476091851266,-6.97577062339029,-6.77787651357113,-7.93298055229925,-6.85509037947245,-7.48932953490836,-7.11340782861087,-7.9236917345828,-7.99776826588939,-8.56542781452947,-7.74996536387804,-8.19714271227304,-8.77366573476502,-7.69295952360763,-8.04371222701249,-8.18304576262376,-8.56727909944241,-8.52213021376876,-8.69075315819681,-8.42127793673381,-8.75944350162782,-8.7740463401701,-8.36895769308061,-8.88787202159787,-8.66537377127834,-8.28854048161839,-8.48490201368915,-8.85847864739022,-8.74092935794092,-8.10744754922914,-8.57784664622572,-7.97234244618372,-8.36671919617106,-8.94300336447904,-8.72296733306657,-8.08300007781074,-8.89600053636001,-7.97712652654566,-8.55493652949783,-8.06960596096986,-8.08467007317711,-7.98868361622166,-7.45078467172263
-0.944992365414032,-0.299215951243529,0.252074943552127,1.39016721848585,1.43409578737348,2.43459890657099,2.359560953037,2.37424230551155,2.86460216308561,3.52414711850185,2.88533641711928,3.30207697934243,4.06424428492422,3.38188139041874,3.58860247541813,3.9171934218213,3.10213444807512,4.42279086448614,3.6756847324001,3.83924193324273,4.07403509093719,4.17741818771757,3.89218138249852,3.65182670350632,3.59481719223533,3.27240483338933,3.99907029790089,3.70414421252115,3.86855652505186,3.81629519415065,4.01250330007981,3.70732119182864,3.99014614127151,3.74294070033357,3.26170798644038,3.37860384720276,3.64412183080573,3.66961837842171,4.00155499419594,3.35780488655567,3.36969814537878,3.53857206520487,3.11318923526444,3.04707189069726,3.13333896870732,3.05535730402327,3.21131074460619,3.0076882123243,3.07114872803264,2.99663033950185,3.86626038454319,2.7008121383372,3.17314801571503,3.04948458329967
1.08893694909113,1.22080185171298,1.47221394882355,1.54908316210794,1.3244220304735,1.85208775749718,1.7177643113967,2.09862862161712,2.00186329743873,1.98362456861045,2.13993578635025,2.04592559295462,2.1749339214025,2.22329894592578,2.01229152120997,2.22477074633094,2.21788391783753,2.08817526204144,2.35128360547834,2.3769581352541,2.33305377313363,2.23716327687648,2.46529241736035,2.22893871505867,2.19843897601639,2.54809529280935,2.52953039282502,2.52995046109939,2.34461952129842,2.32157984658208,2.52625846538837,2.63855943279746,2.4111022726745,2.47762643123877,2.51764669297457,2.43568648257686,2.72709129144603,2.89363470084686,2.80160259920832,2.84265788032303,2.91851605201255,2.88805693735748,2.94675711354364,2.96432935852563,2.9402215823382,3.26494503966423,3.16101993326572,3.27515446607945,3.53623593923848,3.15690026552297,3.49419100387277,3.4484667920286,3.42069442826744,3.59004940633786
1.81242365527871,1.68935293160995,1.58289098551298,1.56924777900783,1.46223681252816,1.40623212596673,1.33747751774119,1.34223227533634,1.25399448543163,1.21633167253644,1.15386274882673,1.2125329468861,1.20153707635221,1.13148741544867,1.19410673045935,1.15166460284342,1.08258214845837,1.06092249989431,1.03830985392718,1.17173150965371,1.03621936066262,0.991439583308246,1.00208167293925,1.02053894783929,0.937446545204495,0.949232392234125,0.979050565745822,0.922197082847843,1.03713259183182,0.98615250855709,0.976297413364232,0.88328368989669,0.913979799406764,0.805865182234532,0.897330552211522,0.876956310295372,0.917231595132817,0.813323184187365,0.937723926659561,1.03502253380064,0.895294149594654,0.814805311537939,0.733705602115293,0.879311405607852,0.80532492669983,0.832313815785638,0.833422181471769,0.996912312155219,1.012983399298,0.914794474572986,0.97955527514086,0.933342712287821,0.996040973468998,0.932065358694715
0.999540191035515,0.931260203408633,0.956341402722099,0.918113625534738,0.913278537858482,0.926097167535916,0.912516081975373,0.88396561697795,0.887907677307311,0.898900969133633,0.88577806957775,0.950181412672717,0.930492666993511,0.905184186878086,0.935301367989482,0.883986310536892,0.932932542367563,0.915939129702278,0.975811438334885,0.957051874172113,1.02024353766573,1.04611121385571,0.994405831494181,1.02560181095012,1.04120148596138,1.03594108486976,1.04339733814443,1.06700685620218,1.11640986636178,1.04063367719729,1.10195544699356,1.13591390795454,1.16415378065683,1.18741765918517,1.17240557231973,1.18555543075079,1.25362518057217,1.17051662900379,1.23412156839163,1.26176256621851,1.23534835370365,1.2762869234145,1.36045505120432,1.40350250343482,1.35579864532448,1.38270336861726,1.40072929467128,1.39758749489388,1.47609876467158,1.3997601705619,1.48700393288525,1.41444711940058,1.52566600085493,1.49513303614267
1.13046724107376,1.17692611442632,1.20260914644853,1.20204708270952,1.24520490732534,1.20937979983273,1.17518167078686,1.19820879927442,1.27200325952502,1.19253959763793,1.19765378343936,1.19745473167899,1.18451295075507,1.317639980113,1.21320038199966,1.16298051429408,1.20853459026769,1.21570490868972,1.22026539784913,1.20200959583389,1.17058389647303,1.14076722421643,1.15405303409679,1.1566263957113,1.10787794726523,1.18423479821225,1.1597969930621,1.16303115478833,1.17676106975436,1.1517094546293,1.08300572506418,1.17798367998351,1.08148261854184,1.05822529843664,1.13442898981897,1.00754709907406,1.0783923959522,1.00257462801394,1.03070811204679,1.12306589291459,0.967049078364747,1.02783026151735,1.01835032409484,1.01710906199763,1.03320939226732,0.936729316535199,0.916672520086921,0.913649259533931,0.926994731836572,0.866978751034968,0.845864130716929,0.889550308082921,0.88363946688896,0.867741387335435
1.05434672851623,1.06869538644213,1.10516608523168,1.12004821832354,1.15047887965845,1.21652302155128,1.23797467268275,1.22317870040572,1.27682182645057,1.28024539946702,1.31265694585336,1.31349112716114,1.33718828533426,1.40286329166277,1.39117802195175,1.38044124706454,1.39683578676973,1.40946775503343,1.43149684493286,1.41306770411175,1.47330636798399,1.47381797877769,1.52009813021395,1.53922586529566,1.48816580794914,1.49739240729617,1.52071055365822,1.53753018045155,1.51277151416898,1.55511927667602,1.52357797801121,1.49164441283888,1.55971367187621,1.56354319763866,1.5444099760116,1.58023297870769,1.55138989707393,1.55680334361307,1.61281483834996,1.51612590935817,1.59460530656337,1.58023986436804,1.63522817668716,1.61860378594375,1.50439533298216,1.6056609700457,1.52833930365731,1.59648948476177,1.58893987931829,1.61615169301411,1.5720851406317,1.55654885129106,1.52747805051078,1.59356033525523
1.14576482092826,1.17925628630891,1.19672581163942,1.23654974153805,1.21707812420996,1.32182386476887,1.30365304453951,1.34025411250508,1.32243880729637,1.3812779140051,1.39762525353112,1.39770328756678,1.38814284470522,1.36041856040374,1.37460329100654,1.3952271578622,1.39067414640527,1.39718015368001,1.35794607449273,1.39625745917382,1.38043799880332,1.39300030955378,1.33026768220544,1.3713647461337,1.34100301428897,1.38006974794583,1.36063565790358,1.40015978682522,1.43882372944364,1.34319540326573,1.37334533458613,1.33402335571164,1.39930352888499,1.35372614085104,1.39189004191486,1.36239588041327,1.33598682440822,1.35537769551019,1.31378525821108,1.30325780116657,1.34473896907466,1.3686557135605,1.23228563246097,1.30785756905841,1.38703715737236,1.37466118325974,1.36520807919706,1.35316195416541,1.28077203666259,1.37810933457661,1.444521366825,1.42065154188507,1.45459692607803,1.34516031229848
0.75308749793137,0.774333471413293,0.832449299221809,0.85569191989318,0.857224820435281,0.903198717839875,0.916079073358117,0.930228344140109,0.941803848796315,0.925053606372674,0.960957986902923,0.876557027191149,0.934662907436472,0.898068060362432,0.890211770820678,0.909007625424008,0.876968556975058,0.916895065157757,0.907308005932379,0.876742077865725,0.910061732827889,0.92468915808681,0.893977153978727,0.811995353593315,0.880681596317209,0.89803157412671,0.890430043676848,0.909314654531987,0.900569704263226,0.829677291810957,0.885210079573829,0.90611735058873,0.899655867247317,0.853121948721777,0.810130692323113,0.840650991816506,0.92415547051598,0.894634144663805,0.893849767953065,0.854830973554794,0.90446236066371,0.95713802242566,0.857857254531285,0.898129468107224,0.886639599661207,0.862172992029094,0.872354522974501,0.873533061522249,0.882641286244626,0.914417485053531,0.949139771758285,0.983117714919271,0.996468941075012,0.999023784489483
0.534970374051426,0.573899866333605,0.635332566993197,0.71995656833211,0.699409822846542,0.726529065839976,0.782102729320543,0.769730461168197,0.73407597960851,0.769962643022736,0.732074267884801,0.777449777131193,0.752401110605387,0.781054098070836,0.728710471477814,0.730893085777116,0.752613004173584,0.711926045327068,0.767661054006739,0.790040861549198,0.781154875406186,0.697732561942422,0.762223428518046,0.794967424663537,0.764082839895765,0.744229287273523,0.723841638091938,0.702968053016652,0.739520611343805,0.718233890421107,0.692604222007326,0.765050952382019,0.759997096721646,0.67607296588126,0.722187073575496,0.705123526592849,0.700640590172357,0.800950994010403,0.804587941362313,0.768077463088647,0.792577270848643,0.768456555536242,0.689102978192005,0.790958841238006,0.818652107993161,0.734438020483268,0.820315510024202,0.795554969019009,0.820141399985343,0.802405925246211,0.820198224911571,0.80031268342859,0.859486260407507,0.774366502979814
0.584419280644144,0.613434090939647,0.600904751045651,0.620065270128319,0.56967827375392,0.567478118922323,0.566819961608105,0.561262764276831,0.543898048645044,0.540968733896157,0.528054544809596,0.48529924938217,0.505313937975313,0.463065157414167,0.49257011401088,0.481674395631609,0.471486314204494,0.468839863095825,0.452500911651799,0.472948860310461,0.417232351149167,0.433853281090338,0.392208563276681,0.37518119540697,0.433435110164036,0.416350942411417,0.39848257081092,0.386434381294183,0.428681155749033,0.377912364662565,0.385896726351242,0.363886925996482,0.343560420733003,0.361752581221027,0.34095333420991,0.371429601490666,0.331016640025264,0.339966217641973,0.333306855958657,0.361564400081829,0.281414228141991,0.296499320840761,0.30826418545924,0.295847423469467,0.338222976379615,0.269680214830797,0.304161341242037,0.338317720871525,0.29221159212918,0.298327022159205,0.281705052513511,0.224115469258718,0.311659809890606,0.251618531505175
0.778429075983003,0.768136817918613,0.749414249499124,0.772399790722187,0.765891693849182,0.795582158670416,0.801243500346584,0.791401692265547,0.782394309439745,0.816688033938703,0.819759782258813,0.811952029540941,0.768603716115748,0.756386008223772,0.790638209080821,0.753532619627127,0.776041004282293,0.781839876161757,0.753832655181157,0.731395100773475,0.726518804205643,0.732436131772556,0.697875510466069,0.716337358195703,0.720022206898256,0.690697967088584,0.648897731466382,0.639458211141631,0.607679600089828,0.595705061964535,0.670059761952547,0.551736325756946,0.601252073182011,0.573233819691842,0.555475011891753,0.55482707671174,0.514787141956174,0.508899048701156,0.437723297307284,0.446911326159992,0.440565153857437,0.367879787135219,0.379485902361746,0.356336467421768,0.367128659309673,0.33950085140155,0.320895422302235,0.293664195328457,0.260049101413438,0.304723033251875,0.302179972574938,0.244485414095366,0.273505376305142,0.210080211079079
0.76844399782887,0.758138256858435,0.763517530972936,0.748582044454694,0.737321290368517,0.787269725833292,0.807513883498847,0.799241476058658,0.824088881088756,0.804326798974252,0.840040340986526,0.817187546796307,0.813158619601595,0.82557914424254,0.852059948239429,0.803687729184912,0.831506669363498,0.843963988084291,0.811644284958166,0.864002575931188,0.884239727423455,0.912499222728844,0.898777887656371,0.927312451270493,0.887145566100876,0.869865030226815,0.866671963502653,0.829849349649625,0.869423193332282,0.889656179947735,0.836600819401391,0.90220612916827,0.903659475756457,0.902499010525642,0.851189679278525,0.846603469825808,0.893054086406548,0.843206303244706,0.923639377329421,0.881790989315978,0.839617642928862,0.854723027839229,0.89121137103852,0.908113085791317,0.861510624804819,0.835341310237891,0.853804823529023,0.871806842354754,0.875813483673532,0.818240005098225,0.875695138678021,0.793708293645835,0.869313098425662,0.80464738873865
0.702720434015889,0.731455595033583,0.718497172756171,0.714091701062514,0.718287821371103,0.736799274078555,0.73992037549497,0.738446561826746,0.755762908775603,0.782336273359951,0.7941180821019,0.753767031005043,0.767377504473359,0.768356507445635,0.78718710373439,0.78195703781235,0.786472566609377,0.816982167809553,0.812994488851938,0.771019491172787,0.765337036234978,0.788848494797709,0.787880589847354,0.798360969972091,0.795843601861526,0.802399636483017,0.789935527344524,0.789632022446525,0.741717964160055,0.782763898914116,0.82344788673205,0.806144709241018,0.785644510095395,0.796750930437944,0.793238520447183,0.809944062160311,0.781863314544167,0.812178980569836,0.765729839878615,0.810895486832677,0.809059988763018,0.792371105144814,0.803573923365842,0.778485196479441,0.819664941730753,0.831438250422937,0.834865332628047,0.860184912972563,0.799020839948678,0.84141840563802,0.834464052786737,0.850695056808134,0.860888715829191,0.890327215668122
0.666345443198928,0.641669473180186,0.622233871540807,0.612581090806099,0.57037882569627,0.548759783362376,0.519265270729356,0.525870981994936,0.476721707410974,0.45355353347713,0.447225337966585,0.414995812066922,0.428191895182138,0.411066751624029,0.406644417318238,0.40628682052297,0.355972101007856,0.363412477453462,0.345924822928531,0.337752030744823,0.349927574038633,0.366836139725651,0.351472356073749,0.325797037824104,0.345650677082756,0.377490191802297,0.364940381245623,0.336986467758715,0.372494639051897,0.328869312460702,0.309265338571159,0.342063999678717,0.374100487017246,0.328074069906875,0.392318759769949,0.348011453398018,0.381177027186036,0.337541611093398,0.37754250676244,0.364862125411422,0.390333243263478,0.370635477138602,0.338596891055966,0.369816855367237,0.378656193720708,0.316314532188874,0.392298945292234,0.37794024093392,0.38986313476056,0.419097650621831,0.38343500924379,0.397743481537631,0.446583362709887,0.440332861177476
0.730646051232272,0.68246487234171,0.663778791945257,0.629501890692037,0.615312833225165,0.579852324335823,0.590736838401247,0.582298139108316,0.580084995800413,0.563697921964127,0.596301445079354,0.577436478372034,0.593437042031457,0.595195524551558,0.531934718616771,0.565672119319114,0.582104225934686,0.605862004262987,0.658611578333366,0.652751140522565,0.644135332563043,0.664402640899487,0.634399521985064,0.667649807661476,0.684356468344747,0.686142240363153,0.676007604843015,0.685431976815755,0.650407251932326,0.664504101466893,0.749854342699857,0.728524977892134,0.776408039876447,0.73987071818328,0.718558865654206,0.751193578053464,0.747928073097917,0.767191646748377,0.753076251511226,0.822086577772478,0.777929556996733,0.800228008167373,0.902516810076639,0.788330605275362,0.806832278893426,0.897039520644206,0.872606749736096,0.863812049986673,0.895846295314819,0.893255556357745,0.897815222741814,0.830358751682109,0.91180307306008,0.953002085372235
0.62250872360834,0.634241895877259,0.640523080378497,0.63170087389973,0.614818147241377,0.609940194971761,0.610078253380032,0.59112544762552,0.585772726016095,0.571292984649088,0.582209032649942,0.53320774967234,0.525118185981598,0.531597113507928,0.512831586854532,0.517532652485329,0.502987628771231,0.515340892348667,0.49266328389225,0.475533020313322,0.453236340359751,0.466115736937623,0.462610789127672,0.457716283969262,0.471268040762992,0.475983641232716,0.468295908595862,0.470000229571887,0.456472533767962,0.431944102462551,0.428672452680101,0.435031192095325,0.432073335677034,0.427355989275826,0.403436432974031,0.417971890811185,0.408312766810204,0.456202887220454,0.412828830461724,0.460990895151055,0.431013716161785,0.423954329482091,0.395921199006008,0.421981698789302,0.422559160951855,0.408492842993267,0.441698448080817,0.482631319830994,0.448528848173937,0.455967793532667,0.446191057913001,0.404741499715458,0.461681375158431,0.473096123950007
0.6263882337183,0.616504788429767,0.600366980765744,0.594986239115129,0.601131378821918,0.590611903882034,0.583322671371341,0.547374992671818,0.540387154292295,0.551942617293697,0.561100913262976,0.552200907260884,0.522025242439144,0.528390299208023,0.554992510004211,0.519307147701135,0.526606444832685,0.548169510094308,0.522868291052862,0.518529399825144,0.504063406681562,0.523181018146967,0.528810395394073,0.524174713442508,0.524723778377106,0.522104690300953,0.511926352464436,0.529159233833495,0.514197633329079,0.492419175323595,0.536025302044945,0.522603932191569,0.485015553600256,0.479482162809676,0.520033433639257,0.502777399304221,0.475721677374655,0.45816434442471,0.448711471155798,0.48448751202639,0.49778858759114,0.444050240093936,0.466306720981059,0.478903207156816,0.459846799052219,0.447131703359866,0.444135545333318,0.449299892374126,0.446397815067676,0.451163188064913,0.419469648488481,0.450113999910106,0.438531093207732,0.443114853983715
0.663889650051337,0.633934491074495,0.608768333567112,0.587298018367667,0.557953404846853,0.523365695718533,0.532201930585456,0.499562167757777,0.513812323605368,0.511917754593477,0.53390308649298,0.522854191170685,0.518187458262575,0.51132987792299,0.523114846723301,0.523619781450195,0.53310997710643,0.528109014655117,0.567276141091776,0.550107748603873,0.560702769479804,0.572916048456084,0.55175251491919,0.587940834567004,0.578551489488417,0.609588476136386,0.573785945505044,0.596688415336223,0.613653288318923,0.627803985106777,0.622723798784987,0.629568383721717,0.623297637970426,0.6398734542897,0.655320149264745,0.651723845161346,0.665044234321633,0.680334399770033,0.679650192591957,0.697347715714063,0.676954002996288,0.711127821781552,0.70774458668384,0.740153472146277,0.735772161314788,0.730974954674743,0.750101179758668,0.764152488739474,0.733497941547138,0.740249546298117,0.762886357459882,0.740083041991486,0.768934916279228,0.792646708516296
0.71527059849265,0.727922813119313,0.715219698832185,0.697576184788409,0.7060274221052,0.723866753737566,0.706459917558815,0.717698198284224,0.709509078842278,0.672065764055963,0.695703950513114,0.6206449567873,0.65145150236108,0.68169695155485,0.599545622439187,0.61818507653755,0.610864341289627,0.622733182131509,0.595429385377774,0.555072128704802,0.598408406086216,0.565598779545703,0.565510185110435,0.556474384713373,0.559350158318587,0.567970923865379,0.526944269774377,0.55202898266178,0.48981578383121,0.530517920023372,0.448550889189707,0.495624289125705,0.482889543692803,0.492463547541937,0.452945963353736,0.450975231322864,0.478686767757317,0.491886856497991,0.475899715455397,0.449498432175788,0.453105790160035,0.450557418240185,0.431460340952034,0.459449617382068,0.401611708740585,0.438879373774027,0.424611337273806,0.440225911187061,0.457954911402769,0.437690808775423,0.438796315353291,0.41014618194828,0.457904303113671,0.480678495722366
