"vintage","target_date","target_year","target_q","k_main","MEAN_bivariate","MEAN_fore_rs","RS_fore","LASSO_fore","RIDGE_fore","RF_fore","covid_excl","actual"
"1999-09",1999-09-01,1999,3,9,0.950907144428374,0.932243919448186,1.07437008838762,0.948583442804815,0.954978772531525,0.977093247784107,FALSE,1.32588322950578
"1999-12",1999-12-01,1999,4,9,0.903492061815266,0.986416056589434,1.04643593024599,1.00590828567696,0.85293434124906,0.952527777771869,FALSE,1.64066708656838
"2000-03",2000-03-01,2000,1,9,0.964483147412267,1.10629282062499,1.23596377071051,0.948275298099932,0.904962931895912,1.18887132248454,FALSE,0.362793408726381
"2000-06",2000-06-01,2000,2,9,0.848795545466561,0.748989633882132,0.724673957476906,0.860452586117996,0.86883030722877,0.816187557380171,FALSE,1.82128781313526
"2000-09",2000-09-01,2000,3,9,0.739908524412284,0.739908524412267,0.488654270774794,0.435280822305195,0.588214828715867,0.683333770481578,FALSE,0.10193258635609
"2000-12",2000-12-01,2000,4,9,0.752921236380235,0.752921236380224,0.459026250243274,0.199567147295085,0.576693239421833,0.694563239617996,FALSE,0.597038792781657
"2001-03",2001-03-01,2001,1,9,0.725660010984873,0.725660010984868,0.425129319524517,0.294158813550447,0.561686718400798,0.413680556879129,FALSE,-0.327798807640167
"2001-06",2001-06-01,2001,2,6,0.755275820996093,0.755275820996084,0.451464983860027,0.400693210577081,0.60519250481777,0.512276189848406,FALSE,0.624502930243831
"2001-09",2001-09-01,2001,3,6,0.741910420723744,0.741910420723739,0.583238984201346,0.818679176946905,0.75225800429801,0.597765454814661,FALSE,-0.400639195319075
"2001-12",2001-12-01,2001,4,6,0.722215107276272,0.496528797237334,0.237043601009048,1.94245475396295,0.544642206623322,0.404069906153399,FALSE,0.274775447859077
"2002-03",2002-03-01,2002,1,6,0.894336602138913,0.774187895250795,0.760545824394331,0.815559685065378,0.781195954657193,0.641294380813228,FALSE,0.836358656432412
"2002-06",2002-06-01,2002,2,6,0.789296081867439,0.786166371194444,0.717633916038571,1.14960628348693,0.761348972612006,0.735778737151936,FALSE,0.612706584005807
"2002-09",2002-09-01,2002,3,6,0.854162821337461,0.796896449801969,0.76531544505464,1.211143910969,0.824129330229036,0.65672796566201,FALSE,0.406511430035095
"2002-12",2002-12-01,2002,4,6,0.753289353635493,0.668634972292332,0.548404294458179,1.08868349023183,0.706858742012908,0.463930346626465,FALSE,0.123605052551956
"2003-03",2003-03-01,2003,1,6,0.873283454425551,0.728149343975972,0.78029978381727,1.50115301833071,0.725985595966796,0.624551693423012,FALSE,0.526641985805054
"2003-06",2003-06-01,2003,2,6,0.687818249944855,0.630867112824056,0.458650357661789,-0.10186768202632,0.618250157758049,0.345617383834632,FALSE,0.885621672871495
"2003-09",2003-09-01,2003,3,7,0.893449429207515,0.891029367594397,0.943395187927388,0.825452181770185,0.871351867893944,0.785158459110438,FALSE,1.66319995697106
"2004-03",2004-03-01,2004,1,7,0.896511296165442,0.948633084738975,1.00417533359606,0.98214132371454,0.964516644530267,1.111340917833,FALSE,0.566651453956935
"2004-06",2004-06-01,2004,2,7,0.96281171477158,0.896564846334288,1.13574969063302,0.260307769415978,0.949501822125082,1.07120162503533,FALSE,0.774952323742117
"2004-09",2004-09-01,2004,3,7,0.891521717299364,0.868769070461443,0.92611009595847,0.815250782363519,0.89402839662004,0.988606595703961,FALSE,0.948593888793092
"2004-12",2004-12-01,2004,4,7,0.897380038095576,0.906810266329934,0.965267150073482,0.830079253385478,0.932176966663841,0.961526540929767,FALSE,1.02020812862096
"2005-03",2005-03-01,2005,1,7,0.895916468467906,0.917064214387905,0.922688862560428,0.871901243754778,0.905173192643196,0.837053118854854,FALSE,1.10936335419582
"2005-06",2005-06-01,2005,2,7,0.823506474162733,0.866270443759626,0.880365394767905,1.00870481183044,0.906210857560202,0.886045260666952,FALSE,0.492624454810731
"2005-09",2005-09-01,2005,3,7,0.873772975672556,0.797521701559337,0.85909427302844,0.686375781529137,0.818912886173693,0.796214609450527,FALSE,0.783814034507291
"2005-12",2005-12-01,2005,4,7,0.881505672959411,0.86469005988131,1.1090332923677,1.65925046125122,1.00280900153405,1.11717802915481,FALSE,0.555516539651735
"2006-03",2006-03-01,2006,1,7,0.870240984726442,0.807738438659804,0.808172854425446,0.776709690421566,0.807283875028923,0.803076141606189,FALSE,1.34538376848747
"2006-06",2006-06-01,2006,2,7,0.855608761768842,0.942995918824329,0.967501758576308,1.19810712611546,0.926087340792571,0.979963072557804,FALSE,0.25875276349554
"2006-09",2006-09-01,2006,3,7,0.787442700932133,0.675137810748963,0.635840026928393,0.462134200602608,0.671039122360274,0.619664536436663,FALSE,0.149955925631562
"2006-12",2006-12-01,2006,4,7,0.84135455438528,0.703773786911901,0.722367552482798,0.39805331348393,0.676579468427374,0.545290517962849,FALSE,0.859449800611878
"2007-03",2007-03-01,2007,1,8,0.79388047865501,0.797098889597908,0.700032129711471,0.81238955028286,0.737032692668582,0.801203326995993,FALSE,0.300835666705646
"2007-06",2007-06-01,2007,2,8,0.78092923927648,0.674614795177715,0.690061674818326,0.723047312376622,0.649496817250843,0.478888293174177,FALSE,0.611761957994639
"2007-09",2007-09-01,2007,3,8,0.756280919364036,0.71125416132714,0.554823377593527,0.79718021970148,0.689287701712602,0.618223792572654,FALSE,0.576025795961232
"2007-12",2007-12-01,2007,4,8,0.77812544785175,0.732085654169916,0.742296342162347,0.781103549711042,0.707441473162866,0.579421766741261,FALSE,0.628236731812626
"2008-03",2008-03-01,2008,1,8,0.690827951097501,0.668044801058256,0.233752009639574,0.479225703897566,0.492671276596837,0.497997840868909,FALSE,-0.426764320899475
"2008-06",2008-06-01,2008,2,8,0.697116345917586,0.46060651042432,0.40966985638607,0.48837311053629,0.364471498704907,0.35733385101182,FALSE,0.595428261812936
"2008-09",2008-09-01,2008,3,8,0.554950789089892,0.52020214912781,0.00470109126506399,0.433995376005202,0.346374756019275,0.33264377580352,FALSE,-0.525258050516886
"2008-12",2008-12-01,2008,4,8,0.446814546555596,0.211016214130905,-0.49625467600591,0.333903447572946,-0.124696746588177,0.314534925321229,FALSE,-2.18902659529812
"2009-03",2009-03-01,2009,1,8,0.42679593068148,-0.185236628298246,-0.588006991076616,-0.296725039164878,-0.493924481529371,0.0364155367292796,FALSE,-1.1348742974823
"2009-06",2009-06-01,2009,2,8,0.473536868682162,0.0596471826060955,-0.381210196267367,-0.264767656117102,-0.256763790791629,-0.36919011722366,FALSE,-0.178650950635106
"2009-09",2009-09-01,2009,3,8,0.672420218928682,0.456332388432525,0.567203603102206,0.985020496954967,0.37730157607261,0.482609017661198,FALSE,0.351192395175048
"2009-12",2009-12-01,2009,4,8,0.693827224007342,0.608082359905642,0.488755388625283,0.880634574555314,0.526188887995398,0.494814294508925,FALSE,1.08091365081857
"2010-03",2010-03-01,2010,1,8,0.695829115524357,0.770311262371394,0.718186389633926,0.829808790982813,0.751838914408168,0.72091589145896,FALSE,0.4845009505686
"2010-06",2010-06-01,2010,2,8,0.773891896477966,0.708326172823877,0.782351979784085,0.66766309761278,0.642642617076639,0.832070884768665,FALSE,0.967586118312402
"2010-09",2010-09-01,2010,3,8,0.707873542939764,0.759709909985834,0.622665815111574,0.552289789305025,0.684954898198664,0.719474283833171,FALSE,0.771084936047317
"2010-12",2010-12-01,2010,4,8,0.703237822028593,0.70954286139101,0.630591643820706,0.618072238013578,0.655465785074354,0.592536127600771,FALSE,0.525110260826867
"2011-03",2011-03-01,2011,1,8,0.79910610056477,0.751768524354919,0.815224556839188,0.751846847166118,0.712876581595296,0.777595458803359,FALSE,-0.237204897109011
"2011-06",2011-06-01,2011,2,8,0.642115980773118,0.413964013478918,0.320895753647955,0.354537271395635,0.327991499362313,0.154401997011419,FALSE,0.676582293143668
"2011-09",2011-09-01,2011,3,8,0.739186109942515,0.71869794211473,0.699636871978484,0.646619444063416,0.6457735463249,0.727168630673459,FALSE,-0.0223127359171404
"2011-12",2011-12-01,2011,4,9,0.739661005452548,0.558282833462073,0.579687693026838,0.702906223023379,0.478844520062684,0.436649629393888,FALSE,1.123049056758
"2012-03",2012-03-01,2012,1,9,0.821739446869635,0.90227406059216,0.848509707816072,0.835481348526756,0.820457378892094,0.717998097214313,FALSE,0.838590819971663
"2012-06",2012-06-01,2012,2,9,0.710495756593246,0.726697262018356,0.673619964521025,0.63500036847605,0.677534302814103,0.677228036686127,FALSE,0.446334746165311
"2012-09",2012-09-01,2012,3,9,0.730622145314683,0.663482943489014,0.52531735839433,0.643068024105737,0.58906015658053,0.456428709792685,FALSE,0.144027997322937
"2012-12",2012-12-01,2012,4,9,0.684647671466523,0.539139405786956,0.530677560532562,0.524897972566355,0.493291788636858,0.520815715242631,FALSE,0.115640553760366
"2013-03",2013-03-01,2013,1,9,0.793968163017781,0.635908044690952,0.74448464257916,0.676504808459059,0.567693786519832,0.473676770940946,FALSE,0.986560663863845
"2013-06",2013-06-01,2013,2,9,0.734715300904524,0.786102517958139,0.652363359885796,0.751834212611121,0.692603780775426,0.608277402803538,FALSE,0.267636334812926
"2013-09",2013-09-01,2013,3,9,0.743037787803805,0.629306063278665,0.61970569588722,0.536024202545859,0.556261690784702,0.41542743204304,FALSE,0.851393569084391
"2013-12",2013-12-01,2013,4,9,0.805838762328312,0.819746727720998,0.884966210074254,0.94314751362553,0.769859061970246,0.681597561754131,FALSE,0.871741753427258
"2014-03",2014-03-01,2014,1,9,0.701946861201786,0.72634099445124,0.587808957350751,0.281501471262772,0.629425409272443,0.542950870919786,FALSE,-0.345095985284771
"2014-06",2014-06-01,2014,2,9,0.780080097599008,0.518731575260311,0.524987918012088,0.500233495434084,0.432298143401314,0.45670606569094,FALSE,1.29184212921329
"2014-09",2014-09-01,2014,3,9,0.74418976642853,0.857038855615444,0.713404787470813,0.767734283413921,0.753768397224264,0.603918974528717,FALSE,1.21539140931679
"2014-12",2014-12-01,2014,4,9,0.813205186021821,0.90942219642104,0.959709807298081,0.899773861895784,0.846920266172704,0.938269862117691,FALSE,0.50573313621205
"2015-03",2015-03-01,2015,1,9,0.742764855067192,0.684310055616871,0.564829525582845,0.477466913149885,0.573724748600821,0.446176887550134,FALSE,0.900484977565719
"2015-06",2015-06-01,2015,2,9,0.743493895243227,0.776473530821356,0.652462157002803,0.567452756119475,0.636253543967627,0.51259139399704,FALSE,0.619405086758862
"2015-09",2015-09-01,2015,3,9,0.751307911111587,0.715320147206639,0.712923139520077,0.552501982754141,0.66762286049635,0.572625862062447,FALSE,0.400245061252824
"2015-12",2015-12-01,2015,4,9,0.736393815324441,0.657127589397851,0.587973401671722,0.307651079884812,0.573411330618453,0.440104076731185,FALSE,0.184479126463644
"2016-03",2016-03-01,2016,1,9,0.765195575045898,0.633483372139155,0.614122872471,0.41678786853574,0.566282175556655,0.547703985748325,FALSE,0.579519406045015
"2016-06",2016-06-01,2016,2,10,0.759099539877729,0.712121032647841,0.67316595187743,0.809118629095598,0.632517672550038,0.531128948244309,FALSE,0.321124068438117
"2016-09",2016-09-01,2016,3,10,0.729393194285214,0.624938044784366,0.582070041150737,0.399498701948136,0.54766332055627,0.492306730338745,FALSE,0.709390255078635
"2016-12",2016-12-01,2016,4,10,0.749564118259857,0.73628695033878,0.655179435641718,0.697512831076037,0.655340211751097,0.50419982744514,FALSE,0.554299112748469
"2017-03",2017-03-01,2017,1,10,0.759815867748598,0.706107854173448,0.582930569370546,0.272829303928917,0.622928733221108,0.427645442694623,FALSE,0.486890210041757
"2017-06",2017-06-01,2017,2,10,0.771952684375405,0.704296130827044,0.727937630851473,0.680182694159056,0.642539089304119,0.52041140893176,FALSE,0.559872562311114
"2017-09",2017-09-01,2017,3,10,0.722537827990253,0.676795545056927,0.507017610142905,0.337806781115098,0.528650077282651,0.409975624080268,FALSE,0.788524130554702
"2017-12",2017-12-01,2017,4,10,0.807391892687466,0.807564527365689,0.837632085916578,0.779892760739918,0.720175023579214,0.728221072231684,FALSE,1.12704662676928
"2018-03",2018-03-01,2018,1,10,0.84946879961482,0.918403347776239,0.910173570675455,0.53871132608266,0.809715685207304,0.871841520307578,FALSE,0.813409801818232
"2018-06",2018-06-01,2018,2,10,0.799585628806856,0.80587190593101,0.746744777143898,0.707114849636124,0.705367334397985,0.638644524303836,FALSE,0.530825141012969
"2018-09",2018-09-01,2018,3,10,0.797222144173321,0.73771257670509,0.8004568899773,0.736662923235888,0.673458656617905,0.593351045402607,FALSE,0.623697425311431
"2018-12",2018-12-01,2018,4,10,0.740712604069863,0.70276679167886,0.653686412397431,0.501721450552865,0.628200385732855,0.553172117529691,FALSE,0.141644219115711
"2019-03",2019-03-01,2019,1,10,0.71846987433479,0.577061261330273,0.526172040641638,0.739664258302376,0.494382381752334,0.558870946856099,FALSE,0.624318082446607
"2019-06",2019-06-01,2019,2,10,0.701950433002189,0.671307229482035,0.540332262611258,0.506002975242736,0.601815621968609,0.384104711391445,FALSE,0.83514584070854
"2019-09",2019-09-01,2019,3,10,0.727550265766346,0.741666099153282,0.639857991949178,0.669789329025247,0.657466982497204,0.543816403874044,FALSE,1.17000185659106
"2019-12",2019-12-01,2019,4,10,0.772257529896875,0.858803067113368,0.726084359660278,0.472523791687992,0.733669711838213,0.615765747296742,FALSE,0.681877869564174
"2020-03",2020-03-01,2020,1,10,0.751983956264582,0.72667680829587,0.63693938683216,0.608540370413415,0.641598345852969,0.65709843451446,FALSE,-1.39244108584196
"2020-06",2020-06-01,2020,2,10,-1.30468444362847,-1.68626048243013,-5.88148936706337,-10.2110004621828,-3.0828881830032,-0.709946517528972,FALSE,-7.90896523782312
"2020-09",2020-09-01,2020,3,10,1.20186377691147,-1.68019709794812,2.64925482463791,3.90690184726605,0.582813598546319,-2.84870495167113,FALSE,7.83022506040816
"2020-12",2020-12-01,2020,4,10,0.903448659462079,0.903448659462072,1.86766640390559,1.54164527021602,0.649303611957896,1.02051733307423,FALSE,1.0847255116152
"2021-03",2021-03-01,2021,1,10,0.792434921617156,1.8313894990678,1.27855695080269,1.38334303688982,1.23156395727083,1.02222924247732,TRUE,1.38018613891377
"2021-06",2021-06-01,2021,2,10,0.819529802556052,0.98379448625999,0.900926394529319,0.863619512145936,0.82956372163758,0.860363049356015,TRUE,1.57004487382433
"2021-09",2021-09-01,2021,3,10,0.92363808124606,1.1358922952142,1.21421003467042,1.57093221616826,1.03940738114713,1.02403469594411,TRUE,0.852849396220146
"2021-12",2021-12-01,2021,4,11,0.950403403121785,1.04959283001365,1.26959551696363,1.26774278774248,1.01977408473186,1.12370134656792,TRUE,1.80315891104252
"2022-03",2022-03-01,2022,1,11,0.954307003546772,1.15948470885014,1.3638788268064,1.18834306786646,1.01902960829,1.11089284796402,TRUE,-0.257454467562235
"2022-06",2022-06-01,2022,2,11,0.782679658915271,0.704606193078149,0.916803174945101,0.800355252707491,0.700598437216257,0.702180184756007,TRUE,0.0701794433398906
"2022-09",2022-09-01,2022,3,11,0.743682460510718,0.456055562635785,0.776584246440021,0.707544772142869,0.588572447017607,0.595264360174161,TRUE,0.673208200546527
"2022-12",2022-12-01,2022,4,11,0.688231488498119,0.584519813923286,0.539551365195781,0.321128032639577,0.498924463144264,0.489187806647623,TRUE,0.827827924540347
"2023-03",2023-03-01,2023,1,11,0.776236527480659,0.782060142334869,0.793882310912192,0.680412342842024,0.673400438517014,0.69466427760854,TRUE,0.692043793064823
"2023-06",2023-06-01,2023,2,11,0.760635625477618,0.748765461579831,0.818404600431502,0.718276724675694,0.690845296438201,0.610768850452263,TRUE,0.606973885924189
"2023-09",2023-09-01,2023,3,11,0.763501644179011,0.724432368548437,0.759671391736317,0.671635103397861,0.641174347530165,0.686001171954546,TRUE,1.07152278732308
"2023-12",2023-12-01,2023,4,11,0.63061101124705,0.670329384189858,0.478161543525861,0.592133637366895,0.538139166031542,0.530401024079741,TRUE,0.788672702737836
"2024-03",2024-03-01,2024,1,11,0.708431906483326,0.758525942900686,0.587182109638737,0.364595502184081,0.57588530352207,0.547687703838171,TRUE,0.404802139316907
"2024-06",2024-06-01,2024,2,11,0.69527480037416,0.626428362681287,0.567502350472777,0.607437993518915,0.587496444611221,0.614457798357479,TRUE,0.738979623307401
"2024-09",2024-09-01,2024,3,11,0.706673503450035,0.654874559859169,0.557039848826092,0.595756460845663,0.56640565331541,0.595079752023263,TRUE,0.759510480278403
"2024-12",2024-12-01,2024,4,13,0.700978371217395,0.697473252662641,0.541009019616819,0.453845586369271,0.498107775999924,0.629287898435782,TRUE,0.607065022345421
"2025-03",2025-03-01,2025,1,11,0.76770420325569,0.724191636852148,0.684477715600897,0.509631151287661,0.668959461640074,0.550781573476878,TRUE,NA
