"","k2","k3","k4","k5","k6","k7","k8","k9","k10","k11","k12","k13","k14","k15","k16","k17","k18","k19","k20","k21","k22","k23","k24","k25","k26","k27","k28","k29","k30","k31","k32","k33","k34","k35","k36","k37","k38","k39","k40","k41","k42","k43","k44","k45","k46","k47","k48","k49","k50","k51","k52","k53","k54","k55"
"1999-09",0.975507508143909,0.967592173135302,0.961662489529459,1.00621070958758,1.04089888810191,1.06403745986058,1.08320231894631,1.07913936038362,1.09901554584304,1.12212565216639,1.11301096754442,1.09739505840774,1.14484125044701,1.1368603468657,1.1131069473023,1.12374749986486,1.17766743542531,1.15432635566184,1.14259431533719,1.16830387327822,1.1875661428159,1.14208484680028,1.1884628550451,1.19568708463199,1.17544716554685,1.19045911973424,1.21486394981037,1.19873830775536,1.21637519025757,1.19020311755901,1.23469281765706,1.22146600648497,1.20203210033226,1.21150068273514,1.2258694327749,1.17481951131086,1.19494722328474,1.23253118223102,1.20791517532373,1.25553363475843,1.21080092020363,1.22235530704588,1.18634485812536,1.25786053355609,1.26064753122973,1.2605040810071,1.33614915985858,1.29887562738825,1.2723026416714,1.32025590415093,1.28823754910063,1.31404237920948,1.31369627946666,1.32417475508729
"1999-12",0.933802725567696,0.975444212604651,0.996316177467982,0.991166251717561,1.04326191643521,1.09296976728782,1.0769205409735,1.07743457805011,1.1012104603113,1.11443471654271,1.13231179431738,1.1383039037703,1.14919280647589,1.14513940394202,1.11072885216692,1.15394662907112,1.15977906501546,1.10202219189086,1.14265519764321,1.14154264599915,1.14457509625754,1.13462451834108,1.19125917102791,1.11970241834096,1.19996022191093,1.21498961053276,1.1988073229555,1.16693474804659,1.2446186960875,1.21165877092556,1.18080039562285,1.22291992403629,1.19107504516851,1.28572870524529,1.22883491740808,1.27535901893598,1.28417315260469,1.2385531592212,1.2372571524219,1.24493600365681,1.23644361198036,1.18240454559549,1.30431269804977,1.25318955594155,1.26019796340732,1.27304011595589,1.30184945969163,1.31262273247287,1.3183958035493,1.29472196067013,1.35670559883057,1.35839421220223,1.36682563782241,1.2984923858797
"2000-03",1.03149878246298,1.05705701891467,1.1154682941242,1.15462734480136,1.17082282377806,1.27381269322381,1.25692567443452,1.2992792266564,1.27888839739076,1.30752818504096,1.3098223949689,1.36468821474986,1.36727198388807,1.39399101921379,1.39654350764398,1.37181418673193,1.42413653228736,1.4795470969503,1.50927615350426,1.43716484646895,1.48063362676176,1.48931927236782,1.49116545029008,1.51208150619098,1.51684537902839,1.47889015924737,1.61506781340816,1.55088498278705,1.51569808366681,1.56436346877532,1.5854860512026,1.62552727104682,1.56635631378549,1.63822194406395,1.64052213510096,1.58742794454051,1.5587080579169,1.61723495962877,1.60715667372774,1.58761277320657,1.581268057856,1.72442301846142,1.63763140176191,1.71246900527013,1.61096979340848,1.67109952270632,1.68841816295977,1.62250353458257,1.63728289574762,1.74807048409061,1.66856754792174,1.72520794851778,1.64692312676763,1.64594384687919
"2000-06",0.835721443771808,0.834877717582435,0.787574722622891,0.762308727967333,0.785680937505768,0.745794293072811,0.746791223153546,0.701685115576337,0.701640221962333,0.654307908719283,0.67260173162857,0.645870271244395,0.688350353530247,0.619391353978623,0.594537010261666,0.60718554820641,0.591579218974929,0.607895635581391,0.676868937644261,0.617782051617193,0.691131831059147,0.647361920526291,0.678891302224944,0.673729462766102,0.689681558182402,0.684805313291467,0.709238553217744,0.668064598999028,0.654857005756294,0.768192539294821,0.722396918246703,0.779969262290674,0.779843955360633,0.887293872525107,0.770089697641874,0.917015666737008,0.862241711720195,0.915340728931036,0.97545030354119,0.956565722142806,0.97087188771562,1.01870076218424,1.08699178596496,1.05012775483611,1.09204892518156,1.07456008444645,1.15102866890253,1.19508327858753,1.23530492235542,1.19987578451281,1.27698339465744,1.40592934262085,1.3301076440631,1.39489869709359
"2000-09",0.717449838767274,0.660982457780301,0.607552829052144,0.592530413975218,0.569860515534078,0.545493991628882,0.537778607441442,0.476757713817625,0.498815484605266,0.451160023005028,0.410742554985382,0.437731239253796,0.442521084492734,0.412382346500934,0.362892058837507,0.410097506013542,0.38480960302176,0.381789135538134,0.353869929884104,0.296929804228504,0.30191630744483,0.328024117589673,0.296811934847779,0.308602343631605,0.276767147825471,0.291814011107568,0.195623167938166,0.30215508143801,0.208775961845581,0.184219130690324,0.215420123577234,0.202226613018275,0.15636937753223,0.15554076937947,0.132162028044158,0.145436086915178,0.126569030252325,0.0942558323031821,0.0955437686583179,0.0976157003818537,-0.00677301245677171,0.0156336342015516,-0.03608539226928,-0.0109240767084726,-0.0218821252314497,-0.0599256466577267,0.0534328957492856,-0.0502947284936462,-0.15066106764982,-0.13850726895243,-0.158802268813455,-0.0745198758251857,-0.115341678613935,-0.220146932710603
"2000-12",0.749295060036219,0.669213401413203,0.658930817896291,0.613619043994334,0.582380484226598,0.492292711420204,0.49056781379999,0.410411919174249,0.375942738983355,0.380530190233887,0.378325697388237,0.367528086169342,0.341365029052888,0.323341362210983,0.309581128440114,0.266023310295274,0.26962755465211,0.225313599500313,0.195528126646011,0.225811150881412,0.210285787218607,0.168861407541007,0.174110804227355,0.0823657513888731,0.166848416370535,0.139351722936366,0.0917348110932183,0.103211403259992,0.0957256523667322,0.0316244197699953,0.0914078967712603,-0.0224396553547901,0.00365122745041504,0.0221029898603002,-0.0153284613217269,0.011134815476508,0.0388428425928002,0.0218110093952263,-0.0333066891056399,-0.0478252302517602,-0.0706731730338241,-0.0557990298308339,-0.0643724816242879,-0.0964840900046276,-0.0916353505782756,-0.161287609496117,-0.143099195619084,-0.177552930273083,-0.136206302228389,-0.179361405501757,-0.13221020342991,-0.30545298636782,-0.164735350382898,-0.115001108598578
"2001-03",0.684133676927562,0.615904785404097,0.580202801981598,0.574685243011903,0.550973807615716,0.453337677514976,0.427317152479888,0.429522559749352,0.40580808321461,0.414619922632759,0.45092371895038,0.358186832525146,0.368034985317231,0.369094967856951,0.385627612008512,0.352152487616717,0.40255344218822,0.371811034008271,0.336130260209534,0.366939332138732,0.346588123048898,0.369026273547608,0.306573273192315,0.322678639492376,0.367352470107944,0.392257768440387,0.306052051368244,0.360419043476304,0.348859482093176,0.347665828302753,0.263396786242889,0.246782341884843,0.283683912658273,0.216121662852607,0.184805812346063,0.209410913305952,0.22748776889312,0.215429537158462,0.169169148492443,0.119665848457825,0.193545574354545,0.145404002626727,0.157437235157022,0.100058816623406,0.101548349577582,0.0687641137677831,0.0307352727627486,-0.0907467555057743,0.0367304810311175,-0.0627177257237681,-0.0281604038208866,-0.0792321660572621,0.013649307782449,-0.098294704757158
"2001-06",0.778787890434658,0.643379226469867,0.554832217522159,0.599953258221499,0.51851479324352,0.390006416208854,0.413874809983714,0.448348946171702,0.435701101055891,0.468571811753614,0.39663041677262,0.457273089869603,0.516351000760148,0.454731479098732,0.559720575722108,0.588963020440562,0.463713427942441,0.524461203642307,0.623505172854619,0.682294074192959,0.582316407289348,0.567632734245332,0.675465516542708,0.619995108762143,0.689853954539196,0.62377035281366,0.630062431609761,0.489581253372686,0.640447118907442,0.431003981166892,NA,NA,NA,NA,NA,NA,NA,NA,NA,NA,NA,NA,NA,NA,NA,NA,NA,NA,NA,NA,NA,NA,NA,NA
"2001-09",0.785602257751481,0.721647453521862,0.666348760477641,0.655956473754796,0.664452867810452,0.539421937680474,0.63071494034494,0.530979178379953,0.482546881107245,0.550424466124496,0.491465839280994,0.586237302209387,0.558500128696957,0.466865734065832,0.437379978012989,0.497820774038073,0.521531736762716,0.441175978752324,0.394165450646294,0.536605964989906,0.439856627419467,0.496282650901389,0.518417480491189,0.54557232332246,0.391766751757739,0.282342051576554,0.267162864989635,0.529979422904004,0.469907486972135,0.131082901404665,0.238660765375099,NA,NA,NA,NA,NA,NA,NA,NA,NA,NA,NA,NA,NA,NA,NA,NA,NA,NA,NA,NA,NA,NA,NA
"2001-12",0.776471369841617,0.687881301132268,0.571751871578797,0.485749685115508,0.41248541139285,0.456672932596807,0.556001824387378,0.447505731719758,0.210148107022434,0.41683226623014,0.157314594465478,0.445883185352573,0.169236284206975,0.232860579602485,0.352177571773288,0.181075653509398,0.354321234451041,0.0986817841761557,-0.0417772961187111,0.571086401653296,0.391284663835012,0.227169443660599,0.469731660908001,0.413012567342188,0.0190746953125405,0.381914700141693,0.323372234913886,0.744468402298469,0.741170733597015,1.10381734385369,0.984594898097002,1.04669961914809,NA,NA,NA,NA,NA,NA,NA,NA,NA,NA,NA,NA,NA,NA,NA,NA,NA,NA,NA,NA,NA,NA
"2002-03",0.887471098443867,0.816051776992124,0.798189709251284,0.825110489764269,0.83298905096484,0.824668510412996,0.803722882089524,0.843327737786601,0.840738782435567,0.851294074482598,0.814647814861295,0.917475466510058,0.919767292067549,0.866966657951856,0.923933636597624,0.987174987641794,0.920807149946292,0.915541460851755,0.972628799254159,0.8937711504925,0.860627786312801,1.0081021026269,0.886736016046251,1.04119060005165,0.909999817713044,0.985705606602172,0.933227615977136,1.00604210406239,0.898151569408383,0.836522407025097,0.850707342124095,0.905349511074025,0.583115650355003,NA,NA,NA,NA,NA,NA,NA,NA,NA,NA,NA,NA,NA,NA,NA,NA,NA,NA,NA,NA,NA
"2002-06",0.768529738057127,0.759856618089855,0.73114263132286,0.74084046641219,0.72368087701721,0.694040170648445,0.70469585003423,0.630581957783937,0.669623597566342,0.680963171383283,0.657527722835181,0.73392710035384,0.70664025446142,0.660704075852215,0.764479276729827,0.687587356972244,0.649576947134542,0.732989662549095,0.67442019342249,0.781315450737717,0.736189042674828,0.698489158699539,0.703780453522932,0.62860063529477,0.769176775222025,0.752930764195091,0.775353031824802,0.969663583700309,0.849725728509555,0.696081859666177,1.05971768440191,0.758860439711321,0.916988396266756,0.856380668044124,NA,NA,NA,NA,NA,NA,NA,NA,NA,NA,NA,NA,NA,NA,NA,NA,NA,NA,NA,NA
"2002-09",0.850962404044857,0.817805179475011,0.802479440687421,0.802063605164237,0.789374548975537,0.737079038423315,0.785942487610801,0.743356884964424,0.767107808676879,0.808988012322705,0.729356433336871,0.832380781699079,0.765569028970509,0.817506750057796,0.791812470576189,0.830312866274055,0.743940803917482,0.850138341512894,0.882781296465835,0.883004270256004,0.845513833870329,0.837398454965968,0.805407292833396,0.854112732600136,0.845378124427764,0.878453893318425,0.900781882579691,0.852283518087667,1.07730001557887,0.918367655886408,1.12647554963878,1.12903601272415,1.17074641150875,1.16554340505292,0.865762356773388,NA,NA,NA,NA,NA,NA,NA,NA,NA,NA,NA,NA,NA,NA,NA,NA,NA,NA,NA
"2002-12",0.70663271195577,0.697889655794636,0.64440268687412,0.601954082388577,0.616767984841634,0.566643328766745,0.554075702701074,0.529957955492912,0.571692187992227,0.563720216265466,0.540051145852619,0.493098729136427,0.451549146035529,0.447587505621508,0.532667328998838,0.444745892690442,0.440167395013882,0.429929845646147,0.518453095609279,0.473937112190187,0.364617252032457,0.517516187051724,0.403072992648874,0.542644525068255,0.462418185237969,0.422712082571003,0.401890697409633,0.469469017341283,0.429909081535734,0.41286033384952,0.36107934745592,0.331791590598169,0.29305560195151,0.782745142140458,0.510027520278921,0.380433933796001,NA,NA,NA,NA,NA,NA,NA,NA,NA,NA,NA,NA,NA,NA,NA,NA,NA,NA
"2003-03",0.85160083604221,0.850912014302396,0.857132514031039,0.833390086639877,0.800015187029019,0.871370404140789,0.859948396800224,0.842463720419277,0.886337999066865,0.940306478631663,0.874945200416464,0.873025273633549,0.916512324182577,0.929922461895512,0.924953044274784,0.891619077881913,0.92147833828876,0.953435933311003,0.894871967269232,0.958024558583423,0.943555643035661,1.01523536492393,0.952854192072419,1.04605448128212,1.05974014159683,0.982112237343774,0.993071761880967,0.980348247973672,0.990523841016867,0.947258575411126,0.999722552977923,1.13651417822478,0.71668077580269,0.995589372332753,1.1614889038286,0.842626454348301,1.08835202058706,NA,NA,NA,NA,NA,NA,NA,NA,NA,NA,NA,NA,NA,NA,NA,NA,NA
"2003-06",0.658648217823622,0.59969948926047,0.533093614872671,0.541220065596227,0.485335919688993,0.456512902029902,0.44899923742928,0.422438255654106,0.421776156993395,0.396158429053173,0.332630206715923,0.360347020609031,0.211330002270506,0.272801134338673,0.285399332007988,0.292057460925288,0.208116352716034,0.154327223826583,0.190780620635632,0.27445230658358,0.19969018644261,0.0921039382204448,0.150457395781097,0.113942446498616,0.210440148708427,0.121774879958496,0.173617338184034,0.14988958500982,0.0559743577635511,0.0946057012046502,0.234922139210304,-0.0348237106860202,0.0165842923561236,0.0879664438378869,-0.0235194349206545,-0.0288210690910145,0.00550871429223221,-0.0714479184991145,NA,NA,NA,NA,NA,NA,NA,NA,NA,NA,NA,NA,NA,NA,NA,NA
"2003-09",0.860477213286922,0.901782482119647,0.897797852299884,0.869002557206229,0.88113957396916,0.955392395017716,0.921179327720485,0.992067169864494,0.977926101523665,0.980963217947564,1.04412125750382,1.06733392764312,1.096108442788,1.08722593729322,1.16933085025546,1.13081706538741,1.24531318917065,1.15410925780667,1.22853495201272,1.24597884473412,1.24883276229324,1.29495223200049,1.34514044928712,1.21599392083212,1.22998007904603,1.33310316139306,1.2934965629622,1.31027281262642,1.28873826181341,1.39997215429346,1.34107774186444,1.3649217505312,1.40993171536262,1.46417744254576,1.26006129866817,1.31973689768191,1.29722948944185,1.25002842820791,1.21967591344469,NA,NA,NA,NA,NA,NA,NA,NA,NA,NA,NA,NA,NA,NA,NA
"2004-03",0.877777803447003,0.902605837314468,0.90538574898508,0.909001742037358,0.947314461864112,1.01168433739697,0.987365627467426,1.07851049859332,1.0129991315306,1.04021027186045,1.05033575909838,1.06811388341157,1.02302754428409,1.09602543406499,1.05916399554299,1.0572114929559,1.06603126278119,1.04728982288883,1.03524410153381,1.0906648543029,1.05205927121677,1.09743061074936,0.990697868249549,1.11975046394029,1.07657283318016,1.06163710926275,1.06993071345136,1.04805808214587,1.05021485647164,1.11486783913909,1.07861100104002,1.07392746371471,1.14445969781706,1.12500968792314,1.15322869936105,1.11025268845632,1.18799720811636,1.16714063449971,1.11495763794346,1.18723185755278,1.28396530973935,NA,NA,NA,NA,NA,NA,NA,NA,NA,NA,NA,NA,NA
"2004-06",0.971035683495165,1.0560593453165,1.06338090297998,1.03212961314259,1.16876884304504,1.17272234745534,1.17489613499441,1.1834519648513,1.24543600316556,1.2901343241166,1.29150150366253,1.29747517609736,1.29379634709404,1.29784967031772,1.27623695697886,1.32896784869703,1.31574660237782,1.32272113621628,1.26116171143671,1.38614189714657,1.29653911817489,1.30426546391293,1.31644028894849,1.24920767233801,1.36080995732496,1.32945574064126,1.31250063601994,1.24025681487335,1.21932204493327,1.26468015981503,1.18497046998428,1.30152433829068,1.1905406804051,1.20747050247296,1.16985710719401,1.17087073548207,1.12696210102499,1.26459493407382,1.12322102305807,1.24050713519861,1.21107183613486,1.11199915058105,NA,NA,NA,NA,NA,NA,NA,NA,NA,NA,NA,NA
"2004-09",0.876329396377275,0.885157033550584,0.870675376947859,0.887657381328462,0.91667856628148,0.934578049889255,0.937838855331676,0.948864230743628,0.959481699256795,0.948572508214454,0.934501723897441,0.955333152625723,0.868086248841752,0.877235866332313,0.945594947193796,0.875405619632977,0.895484984141783,0.786927205716312,0.787692143717451,0.744627120863211,0.755704966792368,0.743005355889945,0.788747145128078,0.759966347722581,0.741487801948672,0.676791541863919,0.637553263852437,0.643864784897272,0.61088901324342,0.568559658769092,0.676742191409679,0.587019984598375,0.579708731330237,0.54341756729819,0.569292505655296,0.448739586007557,0.578476147569881,0.393915023767718,0.460703246336538,0.444818567638279,0.423854976406027,0.497840063952953,0.350605995506467,NA,NA,NA,NA,NA,NA,NA,NA,NA,NA,NA
"2004-12",0.889730296681787,0.918766867176577,0.909995847082976,0.917146460642542,0.948377303813627,0.983411259546314,0.980495115008174,1.00327744620484,0.97826011835572,1.02604129615876,1.02805226868436,1.03515333922101,1.04402136474392,1.02912303518574,1.032313332268,1.0375099742388,1.03802133487997,1.04296661554539,1.06275868653011,1.00642942547145,1.09203342085591,1.09167597423179,1.10981855243505,1.04876400571619,1.09173061069866,1.07852462589818,1.07332608473706,1.05274307465818,1.05210697293441,1.05536275488291,1.06031345645128,1.13067547622937,1.08819786982318,1.12579445861361,1.08319959354034,1.1701536724822,1.10051554445693,1.14922082223841,1.16475939609723,1.12603210931777,1.03396865979456,1.20150107372932,1.06742248579308,1.17836240815152,NA,NA,NA,NA,NA,NA,NA,NA,NA,NA
"2005-03",0.899027328186679,0.905961880595363,0.885563193934928,0.884761683252689,0.883018491447379,0.906247741734919,0.923486098832225,0.942141351954295,0.916907617611377,0.917828626298917,0.934645417644117,0.958977893815475,0.949227368179171,0.932222182724945,0.964359591564753,0.95533350890602,0.943818909521835,0.916866333566987,0.964396682660934,0.939144696738778,0.969999793460247,0.954935683715487,0.983489485752738,1.06759508441846,0.944785401849582,1.02237428381779,0.9867113229837,0.976005665578417,1.00040270910458,1.01136402964144,0.980090193597042,0.976756792542635,1.04312477946412,0.944955949931231,1.06001909335766,1.06894056065335,1.07032480274417,1.08072095616024,1.05501250036201,1.04973792923152,1.01935029553229,1.16383150332821,1.08421306102641,1.05774121332776,1.16367856811048,NA,NA,NA,NA,NA,NA,NA,NA,NA
"2005-06",0.831389332988733,0.83151294233451,0.830915306499477,0.881760329632926,0.867575753849544,0.877972802563449,0.830804333611818,0.816863055216572,0.829303768211173,0.806947062368691,0.784906076878641,0.843817174240787,0.808757393659677,0.78755224079118,0.767128351187904,0.737761804572622,0.676338705172879,0.73057898262589,0.768244769193334,0.734843199749133,0.685685018324965,0.693840399409012,0.764044190815545,0.630373400827864,0.634805963354868,0.76481728675353,0.672704931653853,0.735782612992434,0.680784442636377,0.670486833724029,0.770348642650051,0.592741592173584,0.729115404132422,0.610983320674221,0.847222944105082,0.733747361151673,0.737487020297953,0.799685531877587,0.748903872176325,0.862325697308661,0.760346364241488,0.851685108896419,0.88905970740616,1.00713919912385,0.820509196495224,0.908432228881019,NA,NA,NA,NA,NA,NA,NA,NA
"2005-09",0.855463815330864,0.871516750313254,0.894543945857011,0.894596697169744,0.899437962223035,0.941343302576737,0.953473043998152,0.969523942310066,0.985049351408952,0.988400155720168,1.00561688961834,0.9990490477497,1.04646475236579,1.07849970120282,1.10688649310557,1.03122951344125,1.07076964216065,1.05817402900759,1.09307420222269,1.0900292424935,1.1787929420951,1.06389622158654,1.1428836048138,1.22384353072277,1.12559303068105,1.19246167883698,1.24993448856363,1.20634316404612,1.19172490090888,1.23342719349441,1.27359147796895,1.31199267667932,1.26399984865923,1.26718506105676,1.39583478357666,1.31034928675994,1.35724777475319,1.36540732863539,1.36124715874448,1.42215131152283,1.50091318077727,1.47240676920157,1.49166470636033,1.62797982978084,1.66951108285862,1.46983431955364,1.56721674137101,NA,NA,NA,NA,NA,NA,NA
"2005-12",0.929498478573047,0.981628321304588,1.01692984357491,1.04706493172165,1.10607209759643,1.12296589618692,1.11348621687452,1.11965173196748,1.1068554033875,1.08674721494433,1.17488684812099,1.1086314805337,1.07252256171808,1.08471787504249,1.04736269227634,1.03693834793579,0.988870950965419,1.0386166235366,1.093999129474,1.0011227717589,1.0884746388889,0.955865223983296,1.03060694623964,0.956028680363338,0.949361502729386,0.901750038585538,0.819145841655841,0.921351660459154,0.85262216222741,0.987968107071261,0.914315428413537,0.828859056309812,0.916180550633226,0.84994631154426,0.887377575144136,0.867300567180064,0.852571127261392,0.81333968715305,0.86544377064154,0.974119700464022,0.8934842468244,0.975857150147634,0.861721874157783,0.86227620861883,0.905816719900647,0.725767293490578,0.693470917288345,0.863786427786172,NA,NA,NA,NA,NA,NA
"2006-03",0.848191319479043,0.875209011446982,0.857711891798024,0.880017134605552,0.882287099858561,0.886600746843889,0.859315912068323,0.876666869787467,0.848517165048282,0.86245185429223,0.886251074712469,0.907454197032386,0.891329024271555,0.865464453625775,0.938651068091378,0.913978783842803,0.840440693013273,0.901620693870354,0.893315020000963,0.863016531666748,0.917189979856655,0.844979378496494,0.83491236163483,0.939664582492672,0.818563002847154,0.885121821583139,0.844720371634174,0.771483092725296,0.933696077728155,0.911544389072525,0.874293886787826,0.800111476216118,0.920272992963212,0.913707365247777,0.98345962545458,0.869674779304486,1.02494093810542,0.876816217987163,0.903309472884178,1.05293837866222,0.909396496743259,1.07056253297312,1.07311986100315,1.08115259909668,1.03547416392722,1.2141233455547,1.12251510829917,1.14746212955266,1.13438574154105,NA,NA,NA,NA,NA
"2006-06",0.847925772083351,0.879946823833461,0.86871175920933,0.862209199249341,0.903826827248184,0.913213166159598,0.88591018584998,0.903886192326755,0.944681050668066,0.944459573679481,0.956211002692951,0.948837859825993,0.975069496169068,0.977345881947584,1.00438722747404,0.975555201659833,1.0298062756277,1.03661011308818,1.01845215517427,1.00831909568201,1.03110665008335,1.05301528445911,1.08424604992288,1.01826905151758,1.07947763569455,1.12211873091666,1.08963680706571,1.0831423901487,1.03232160659073,1.05126563823878,1.1365638611736,1.18423921123297,1.21445167855234,1.18317396681964,1.15281917786161,1.22942280660172,1.16171113546979,1.13780614246896,1.14395391763337,1.31665915228481,1.34140457007885,1.25323843635153,1.36880581281608,1.29958877317784,1.29736163326388,1.26768588837206,1.43580705983727,1.38800712229495,1.42912327926653,1.4492519616824,NA,NA,NA,NA
"2006-09",0.769948262541437,0.784200445073361,0.753142749789838,0.746024869809737,0.699223279695009,0.728743707088443,0.674315215253913,0.695621282028859,0.673321864940818,0.656933582978796,0.650040790945722,0.666711622575713,0.627331324985826,0.625483752418627,0.660154626007415,0.637709993059614,0.622333831127024,0.637340770376425,0.62926043433913,0.571686902987122,0.608009382802848,0.569085957215545,0.619775385425995,0.566927777155325,0.541596484511164,0.620384571076169,0.524182950400938,0.580523171946094,0.558371554371164,0.555282834080922,0.589869364452702,0.581947328220631,0.542951002763982,0.521747763050331,0.576963821210407,0.64375403447458,0.590224767121715,0.553690405267251,0.664059387034298,0.644274755177044,0.64289725451674,0.620994022682601,0.629607755923281,0.664635639236024,0.674368831639448,0.664577986514231,0.661069437634038,0.76352819892321,0.794283015370962,0.811419819119429,0.831593704170323,NA,NA,NA
"2006-12",0.818033478993129,0.826714785542379,0.81194083578859,0.850462438423542,0.79839864807274,0.830535796981554,0.805839138034983,0.791543782844101,0.789481858471835,0.80961774765128,0.764996318871653,0.824081597804704,0.752077219896805,0.740685748294395,0.802211534558241,0.723443487380602,0.794160690810032,0.703324436301314,0.747918003083741,0.689662012072199,0.699334256445116,0.703679904864722,0.686973555138922,0.669704437636229,0.604454921728265,0.636235848945807,0.5810156879662,0.59125852268351,0.691159549758826,0.641674658452392,0.539009794880033,0.584734921985147,0.570794292421834,0.561762490020918,0.616647241216548,0.565334717849967,0.560425072752882,0.626405341789401,0.626506431051609,0.532622117332887,0.626957934324683,0.619445700719967,0.549666896299773,0.554965860181409,0.61112456455848,0.552355251894228,0.468726248325764,0.44654241433743,0.559090524188826,0.489017522504686,0.75033365560042,0.492010015384343,NA,NA
"2007-03",0.77433153069774,0.810481319366035,0.79570114868763,0.759664363160146,0.74537413503074,0.740272283062731,0.680342807007051,0.696394070735003,0.672765501770564,0.666039135753946,0.610407693398048,0.643752943910252,0.543515775908088,0.557957915670951,0.592612426605123,0.565996442359226,0.509851280511906,0.464937022904789,0.45736341582539,0.390827448822887,0.405262766265364,0.378282433838716,0.318495658427524,0.324451752414419,0.281999475286609,0.31868334998504,0.242686084323104,0.271646186955308,0.203290747819969,0.149945960015632,0.21643319634606,0.150575002593539,0.116464874549535,0.0804002983883142,0.15890590300636,0.0444401688219528,-0.0391400579533245,-0.0207920241140919,-0.0679712249490553,0.0141175981022559,-0.0111592082140504,-0.115212004489446,-0.144525489588754,0.00339971092536674,-0.0992249397401669,-0.148714556768606,0.0750709952103292,-0.222031349360676,-0.123028405788699,0.0380645330152081,-0.146265714245967,-0.142458429367792,0.0152283640449252,NA
"2007-06",0.776498774251807,0.784138222131873,0.779043750590553,0.758486234603242,0.731166666095068,0.756219293408416,0.721072098549084,0.713474733341029,0.731856301705008,0.724070315820819,0.687702637929741,0.696541907497976,0.671543318371926,0.654571569029251,0.654172529296616,0.656598454752617,0.713356275474891,0.687273799385244,0.665485053650603,0.621443208035769,0.642918690463105,0.63007174962186,0.606074275616538,0.615993095134762,0.569746606900092,0.616158406715826,0.591131637523515,0.526009689648759,0.563214694007396,0.475328883067353,0.568304925056821,0.489629183714052,0.527818755456707,0.538198283063416,0.533040995216183,0.492800265924049,0.529047057634477,0.500963155366309,0.475823305955965,0.454317302454218,0.526299858136836,0.482333347542219,0.47966290015344,0.463571769284018,0.409759870570321,0.490668292844747,0.462269830972074,0.489578913503373,0.468480195254762,0.459370854111221,0.469545485164163,0.445872818691632,0.500500611241362,0.524933816583419
"2007-09",0.742492342878935,0.731034645669034,0.709119674333165,0.681464955285664,0.661851870187558,0.641312189114732,0.581493122296478,0.570516995273787,0.539265090812611,0.559816743966895,0.477705303698055,0.485908107666299,0.405526070881377,0.424816224221408,0.441797955708992,0.375954032776143,0.369971890404168,0.368969729820878,0.288710143978314,0.345933046975065,0.21601565973629,0.209289497503276,0.263644055776879,0.239313480732154,0.150733932209455,0.253500790246767,0.222071137315557,0.239886487978191,0.208076317413782,0.136649527059578,0.225698977399128,0.160717138163481,0.215790200555365,0.176726020470314,0.170510570066974,0.153167344255409,-0.0449820568468365,0.0920356191592924,0.0405416488082599,0.17819936413096,0.155082531728283,0.0318292344017387,0.0948277277458835,0.174058865150854,0.0809999000691973,0.205122827377494,0.0412139618628622,0.235569923478413,0.0350418014668221,0.269521393097255,0.0176495215746635,0.00915451119208697,0.0645462835863538,0.128339673289375
"2007-12",0.763681113365065,0.749063464698574,0.76140105273032,0.777515597881412,0.777533514920706,0.741423393435206,0.776048016277099,0.741910968361117,0.776537620059469,0.818729373587806,0.782739655515722,0.749983065246857,0.854239568332641,0.785327038134633,0.867832452324328,0.833079931599945,0.939976063225151,0.86169153367601,0.917212634396042,0.867917015876568,0.90239148303137,0.941232454964793,0.958361880698268,0.97856680472046,0.866674309882857,0.992981159252491,0.992201573607033,1.04375816125184,1.0887284196582,0.967811253263196,1.06125666908699,1.07006460031381,1.11437642847094,1.06003659412837,1.17819767041978,1.25847869145887,1.23825931283325,1.256115078908,1.19430526662047,1.37108393435992,1.38094865469396,1.29781113229402,1.35770436122352,1.33833357118733,1.45507527241528,1.54857739733505,1.30872085346988,1.59768640254436,1.57869044388519,1.58081535067009,1.78664755712058,1.65879293272483,1.73943813011682,1.77420850334907
"2008-03",0.634353291792888,0.591664029583672,0.510699671558681,0.470776058341586,0.395580261650857,0.368878803801901,0.253313864615742,0.225907609827839,0.164872195426727,0.111978713933184,0.0375407667245281,0.0352694015154902,-0.0260558562477621,0.0143111182751064,-0.0427343692574045,-0.1744046139404,-0.196143529897992,-0.253617506615758,-0.274530954757689,-0.349362711989331,-0.394822824455605,-0.376119013682991,-0.391095795339402,-0.436844057504823,-0.395125279746534,-0.46530472826667,-0.541328915009634,-0.561187273409816,-0.513761718512836,-0.519300711101776,-0.795806150953292,-0.643869996937061,-0.64009026743626,-0.71675169501229,-0.577975514511892,-0.770240698307828,-0.914773210136907,-0.855454694025096,-0.857268513011126,-0.870694443541856,-0.8851371710136,-1.03470958595701,-1.02908040807684,-1.08226498499767,-1.03111915216353,-1.34831112093427,-1.53459858905196,-1.02700151069585,-1.06664658750938,-1.26808924980043,-1.27527328670021,-1.61024786331077,-1.58138163742639,-1.55535215762759
"2008-06",0.677973857487432,0.670533492371886,0.615176079268153,0.627545222555155,0.554310120704643,0.551844284005841,0.513552703433492,0.503573222033437,0.463297731166525,0.464018716544553,0.451490450538204,0.443057533950423,0.467484348095343,0.305396052121879,0.362667783973352,0.42561803698854,0.412062765372878,0.39417293580059,0.457591469352118,0.345860451962852,0.356728650155036,0.375092025490556,0.29149050778208,0.396698414405819,0.317308884356692,0.346105782207237,0.295573016746266,0.333679213527025,0.391872192356291,0.346321433263742,0.356072090128274,0.212795456554429,0.202364416262128,0.247212068963225,0.307363143473428,0.286216625280361,0.296802949412932,0.278873052021299,0.278543355086537,0.282893457652487,0.332518576225724,0.307285218976238,0.209596455689138,0.394255080937093,0.425628859293581,0.347107003271473,0.361813322983732,0.431121416810691,0.117029824421981,0.597432511868601,0.487796657279984,0.33999030254235,0.413907888092976,0.169128800931561
"2008-09",0.564910329877522,0.470705818900292,0.385011322069785,0.298996749091587,0.194953410065234,0.126812501209954,-0.00496110491509068,-0.0565982386003054,-0.157647092450763,-0.22111146911514,-0.319237632296722,-0.384373851109132,-0.470588106355016,-0.598401987557306,-0.670466828279611,-0.657734050063655,-0.770889489972924,-0.83395526446472,-0.854174767068132,-0.907953563305353,-0.894040040143233,-1.01451631825876,-1.0627933136752,-1.18039605564327,-1.10043431717386,-1.24704886256391,-1.22230765439249,-1.35452637899972,-1.27082412133449,-1.34979149718371,-1.39754072115477,-1.49956058823713,-1.43576685088751,-1.48081547464661,-1.57099232839395,-1.60713568878428,-1.59795868557163,-1.64186059931742,-1.65718051302687,-1.66669936120628,-1.6021280667211,-1.6497066676171,-1.66163803790345,-1.78004980383771,-1.61206667497972,-1.74342525501481,-1.72828873502506,-1.81625153492308,-1.8019655518086,-1.68388812928193,-1.71537398367366,-1.86818951900896,-1.79925083163836,-1.77464957728215
"2008-12",0.407133325248151,0.315898541694088,0.18557736606294,0.00926006963829981,-0.0581382265319427,-0.135619484278831,-0.379810491405592,-0.438995472165887,-0.503524952164125,-0.566739655783958,-0.563977685783362,-0.7626572749058,-0.888543805255373,-0.956890909851342,-0.944003721814873,-0.963273498308155,-1.20240562265657,-1.18483222328743,-1.3634803739673,-1.41394063265558,-1.45715648026726,-1.56185495407817,-1.73424750801482,-1.74484866499916,-1.67492814459689,-1.71393444814264,-2.00085556708785,-1.81146563892727,-1.88476704986904,-1.80011548264428,-2.05942636634087,-2.02817728630046,-2.09906484423396,-2.27775927143214,-2.20948858597972,-2.3395091459911,-2.57318452068062,-2.61008563626208,-2.76616696511212,-2.34336964886854,-2.48297700162836,-2.89191922814224,-2.90700379876065,-2.79927518147556,-2.84543977658362,-2.94371833150516,-2.8986388183575,-2.77733324342753,-3.32797844473058,-3.17373037397622,-3.29437970145606,-3.69110250066944,-2.96129090242414,-3.47343853900746
"2009-03",0.365169693570024,0.225912337105995,0.115471634057356,-0.0277558509450051,-0.0888878988627409,-0.262317132807202,-0.277953651648675,-0.378481558044105,-0.340454113179376,-0.443085735274232,-0.362859434758051,-0.541819472703111,-0.467881233324353,-0.773808720783515,-0.597562503666181,-0.573029070791009,-0.241447082018964,-0.541575677440653,-0.3908323901745,-0.561745863497796,-0.784969430333937,-0.785789909561976,-0.858400582988073,-0.689634639710974,-0.933551235010131,-1.02916494861731,-0.927163930302155,-0.925082506166942,-0.772482989802018,-1.09223762688832,-1.10131732398838,-1.33507465475305,-1.121096322005,-1.32817139966433,-1.14815162312658,-1.0719989769335,-1.32677088762274,-1.4055605503138,-1.37061081928348,-1.38803227406116,-1.2058447097011,-1.51835902973324,-1.45211942141923,-1.04109472599554,-1.26366375790639,-0.929811546894718,-1.65355717103847,-1.61104113068346,-2.04477352978152,-1.58329310404964,-1.24749575134425,-0.769118236358821,-1.42175057001888,-1.49340267019718
"2009-06",0.37685822920991,0.171869709118257,0.125034427217011,-0.00466405691993252,-0.129338619881009,-0.328954555624279,-0.33416088497821,-0.256474839596526,-0.369591528982117,-0.532894832358101,-0.535164474336366,-0.455775810578911,-0.533095168436823,-0.632568432742817,-0.756698346934558,-0.709927197651113,-0.623779117007164,-0.791718669051563,-0.856149788510614,-0.668634309239009,-0.800043084006338,-0.752691149481473,-0.897562382583252,-0.915595239766556,-0.912688868669101,-0.778470332912614,-1.06757421922799,-0.993167578383033,-1.13799419800649,-1.04129664335724,-1.04901481855752,-0.911292728427581,-1.13002650347819,-1.17649322184625,-1.23768573219574,-1.16560461751358,-1.18042087987741,-1.06637127845361,-1.13187683928503,-1.35640099500841,-1.04170971458238,-1.08207536711471,-1.34917262152232,-1.44528903402914,-1.34952492968337,-1.55058068466438,-1.52215212678586,-1.204470550015,-1.30879624461525,-1.40661727948738,-1.3709465598651,-1.63561417502262,-1.42897993369133,-1.49076351464453
"2009-09",0.658389585659369,0.610096944928398,0.69337396079314,0.60644771345937,0.62786316503816,0.702558956844023,0.546949576147863,0.626903213247663,0.571466430488763,0.698124886786931,0.625868084191876,0.595149449881863,0.699914896487893,0.730893287108087,0.735371684224329,0.712869419742703,0.829071723587808,0.84100898298606,0.847361753144868,0.833155493761739,0.9647838134036,0.88345839045864,0.949402014559092,0.963712604333934,1.00446659871388,1.00499326301787,1.03265397686107,1.16748976266151,1.14452192304124,1.26912449682824,1.17097445287245,1.05445667865118,1.14237044460217,1.3054192049351,1.33079395853877,1.2741016933229,1.51384949082211,1.37820339832896,1.38734146211565,1.5054810554887,1.59772805741661,1.45335535473638,1.43007041128031,1.34620411433409,1.61606050779247,1.69905079653763,1.78516087965102,1.58559598752969,1.78837319813836,1.76019336511911,1.79635479646788,2.02301798930714,2.17010815143027,1.90232256322258
"2009-12",0.622968392926097,0.560193174142303,0.557031523889426,0.493822415446533,0.507872056731172,0.426896956089294,0.446451204900717,0.45886951370289,0.418721172946876,0.427753695237143,0.392218065265184,0.410769584444838,0.433024767138921,0.354382436874313,0.368868195681016,0.392579241924783,0.414448801284642,0.344499430128729,0.423139836237691,0.345988028028309,0.341671902015899,0.367710179504484,0.313755476008954,0.258205642264113,0.242438325721716,0.245364265983774,0.262763110064933,0.227180564480797,0.204268516659595,0.140858901451296,0.264831760168836,0.201492783655613,0.150432081340897,0.141607182117079,0.129774974025583,0.117962387872847,0.0629645080267454,0.187388021597335,0.115732126229806,0.115062265707027,0.0868735525787439,0.154714851137684,0.0136266378824339,-0.0144285595108683,0.0494045457454117,-0.00561451444264243,-0.136589117405834,0.197929880920839,-0.164225725409258,0.0433737149746458,0.103492925400099,-0.180627645041029,-0.152663785863797,-0.365694392043133
"2010-03",0.689469269866785,0.670418703757981,0.721275655082729,0.687348301184058,0.675976198381533,0.61203165737103,0.622422554148075,0.6223752058951,0.567799784038694,0.539134396520375,0.517450304333371,0.475372557895404,0.456577120404832,0.419390389711475,0.425341908788463,0.3925878290125,0.361054295404978,0.332448411656226,0.322928938296048,0.268505088152253,0.28332627455928,0.245936378007546,0.18715813922396,0.152869953765539,0.152092441271796,0.154320331672866,0.131569423264072,0.149471844212422,0.134775627394603,0.0122497756857278,0.0651988737856874,0.115991246904949,0.0367594312498567,0.0483994735364158,0.00547872706498393,0.0126708710368975,0.0155505510187006,-0.033685587628712,0.0139515946475274,-0.0697364876758648,-0.0994047339913696,-0.0944523917029754,-0.162059558434107,-0.0754749118294415,-0.138944572329533,-0.149474286249703,-0.289309052784463,0.0131789951003045,-0.186146948066219,-0.268536904413783,-0.271453645587829,-0.392524764898337,-0.264205060786885,-0.274737902558912
"2010-06",0.782895881912365,0.806910154192895,0.830755764897046,0.83201483455391,0.893333425696579,0.760552671737796,0.788589633845635,0.846992199763875,0.83811816887184,0.840909214596988,0.814434836514907,0.795136466741376,0.750040657931338,0.776122720009128,0.738419070047632,0.753959238150674,0.700180089611222,0.672196662425461,0.624785802036432,0.670127871418407,0.593227185196212,0.624365028127347,0.575466200673314,0.564073414582201,0.578478086179514,0.589446188544064,0.58652101010365,0.536918305911449,0.468461482969748,0.498676516159178,0.501207790120473,0.526183710646393,0.473758637696567,0.572169263113254,0.427138200922892,0.351943575368489,0.380815648517048,0.271514878854967,0.348316994916389,0.29392564360746,0.252584883294045,0.3452106058782,0.271394970740624,0.144900500366944,0.162427259382632,-0.0295276712334904,0.0429662352576499,0.148476833502683,-0.0501132251646667,0.17315079220712,-0.155878398411786,-0.301615766472867,0.0367836746952935,-0.27120996327452
"2010-09",0.661684723613418,0.617829136819137,0.619982641986243,0.565150832614858,0.568018324165486,0.559349818987992,0.571407472071161,0.551333343773,0.504797628083698,0.462914956286988,0.47950456759505,0.43724356604991,0.415528395163833,0.375414984831071,0.343762199621121,0.338340262249128,0.3029139145667,0.345738425499507,0.324346945688157,0.340901905800208,0.189765428381845,0.167485348133324,0.123855022822272,0.196882760674469,0.196689801158676,0.0879665177817001,0.0361108767681103,0.0724505386538069,0.000327273039074841,0.0105231154425015,-0.0345598858519239,0.020468549518219,-0.00170962142691225,-0.158562322728616,-0.142871134060008,-0.0912294706193085,-0.265982147647638,-0.188002959245425,-0.16978762884099,-0.215471859383453,-0.313431188659146,-0.195210720258507,-0.228289569846698,-0.174495272854422,-0.275805940589017,-0.286681297770812,-0.38588450238404,-0.246973402659698,-0.479746660094368,-0.250044962183718,-0.374421476556126,-0.463493643044454,-0.536763016148691,-0.478706016010475
"2010-12",0.673789527951706,0.657993917325922,0.627550153194471,0.594967500005849,0.607043342945937,0.569023923983631,0.57489288302994,0.582588472569455,0.548977921007318,0.564895700916775,0.55509091152573,0.567476968004456,0.587860107811082,0.530609657142672,0.543810055295449,0.582109376217556,0.569905024198548,0.519028692631576,0.557814485241459,0.538955872771274,0.586611664307639,0.57074045428298,0.583048187064131,0.573429283324977,0.570261547433682,0.558187530879379,0.550835343735474,0.580254208904017,0.577949152994547,0.616286548926976,0.655970799960468,0.605603387544428,0.630962775619667,0.604773303547645,0.579049302296506,0.684414883867789,0.698127592080714,0.680222548461782,0.682319199689043,0.76886785358661,0.646320140049315,0.791776417928812,0.704942346763446,0.707520628461415,0.830775307778154,0.830178424550359,0.73704512355703,0.818484609747067,0.873926657546005,0.842337279183459,0.858356341666535,0.944876524524858,0.782733883817334,0.878163255134426
"2011-03",0.751252004575893,0.775676574794401,0.78490161048995,0.84170862351253,0.832034950398775,0.776371626675779,0.852805087857855,0.83302536966157,0.828218090721747,0.804842140987635,0.802846195522478,0.847637156110194,0.85841485537277,0.86587863723371,0.844308631504293,0.84952608151623,0.817457126784134,0.796165162784141,0.781689972471583,0.875008299039762,0.792579909064438,0.807285304076926,0.789449145216422,0.871721408305532,0.803608738212862,0.839921891489231,0.881430526652329,0.875789890005813,0.861813407717189,0.86526590734374,0.888956366062237,0.911258749960046,0.94434664289304,0.898366530814784,0.910615490705739,0.912734904673783,0.968576012306768,0.972260224076649,0.953350005992782,1.00668661604869,0.981318632355266,0.967776612366837,1.05245683073046,1.02972032634195,1.04332470407021,1.04384080678887,0.954453120819301,1.05967227545511,1.06347310982272,0.996143572949874,1.19836675507927,1.06896865542492,1.17852559417229,1.23444182449041
"2011-06",0.639263988888458,0.589414103228617,0.604449099904592,0.545116805283599,0.486387443301125,0.438456611108863,0.416155391694101,0.401151152608956,0.375797233842887,0.356135212506392,0.292192640561995,0.247517376149672,0.273801392997228,0.210766625228365,0.167174912962748,0.170112756249668,0.155733625947692,0.123212990554417,0.118411631498923,0.0791095803498893,0.134265087862023,0.0975341356055734,0.0488991316024582,0.0625820731325769,0.10190929462299,0.0819152496694663,0.10259794238861,0.0799369645979814,0.0525748118558209,0.0793941344461223,0.123634336321867,0.102056277992316,0.126449771740266,0.0651493384131173,0.100027422471311,0.113608808523509,0.0563033166944934,0.142773443914013,0.209378003342935,0.0934357644973881,0.142088308145097,0.215438382882411,0.157350987322995,0.217000333594441,0.198286159250007,0.243227986819825,0.103249858183922,0.263961380495418,0.258522543188474,0.260861838378548,0.283003492816821,0.294122781350634,0.275692251019163,0.296088794125006
"2011-09",0.694686220203315,0.696344525720544,0.69315761153161,0.699828860018741,0.677814151348504,0.683523244567277,0.706139440804958,0.692514069726391,0.691388206528712,0.74511470809456,0.690473784843648,0.677698532735828,0.667535418516314,0.68457847306231,0.6726923151565,0.666642843904439,0.712375651255372,0.766196365346788,0.689438983486241,0.657143856006315,0.723709106485431,0.659717549475494,0.704702593549905,0.695897369460865,0.731145392904227,0.681587328906937,0.777175865932568,0.717580931059307,0.703847932614135,0.753111165587969,0.758288536547521,0.769505630046251,0.78181694164018,0.74017135530486,0.761855500863969,0.8790971089905,0.818438597140737,0.877020143107892,0.782134991592534,0.880942342148337,0.883480285792304,0.968977972071285,0.895500643217224,0.967979658495793,1.03533400782548,1.13031569668695,0.948847311705835,0.989031946083439,1.04697582458589,1.11100786301042,1.20890997547839,1.17928649719535,1.25365328129428,1.21947233420579
"2011-12",0.732680398237275,0.712165176447187,0.724143057106893,0.738279975716894,0.741483951285677,0.675827277383786,0.683343409204011,0.670160865076116,0.658138480469077,0.649101974192498,0.633320452656228,0.666509463799125,0.641191755903266,0.666325780595019,0.683914432593442,0.625133930261469,0.653839385785667,0.644544026207575,0.648620303775731,0.694343646349343,0.733898774584724,0.66128610613531,0.709760781821572,0.746237494002608,0.700174166786903,0.701311910257628,0.78293967482761,0.725776586916869,0.811681792633845,0.806299542456398,0.817114647945539,0.808792108571148,0.766131833588895,0.790984308575958,0.845276966437957,0.891361611920331,0.847836316642419,0.903506315281426,0.948782185233895,0.911930602061493,0.894676432847678,0.980451325922985,0.932994824892687,0.931461531699535,1.10654888369987,1.07321175911674,1.07679538152321,1.14751327342603,1.10575562137774,1.15875193053659,1.16181182416682,1.197588174241,1.16262071404845,1.06006596599656
"2012-03",0.794032192775716,0.782911956800048,0.782313008320754,0.782871469859195,0.79446162547972,0.772131544322131,0.794920764331116,0.816114595124001,0.769963332798005,0.783665483170335,0.717383416325519,0.783033107833661,0.75813758794022,0.724933063852151,0.76353708102814,0.75385827391348,0.770928210221288,0.725482611709518,0.710642790430627,0.647587970302769,0.710820678036391,0.681781182756455,0.647100970621922,0.618081394489107,0.671218556740378,0.631950994283944,0.623659147691352,0.518995799463912,0.562951324620636,0.521312073833548,0.542737551850307,0.51833207945618,0.481729145543186,0.505478569868506,0.418561548937252,0.468767407059706,0.481675070650325,0.452237634413323,0.461798152761255,0.419590389011434,0.320461012255823,0.393422793942362,0.320897282856062,0.368989574368282,0.270175928461607,0.331961396500127,0.177707875256343,0.195736231371202,0.396510082065475,0.232216953926325,0.286606839726018,0.221795122307204,0.260861547495906,0.18674941336589
"2012-06",0.717239326210572,0.721263058865763,0.728640669362749,0.720429178684227,0.70056228962711,0.665488717655036,0.648666097679974,0.634666311388469,0.617157359750181,0.598356671371982,0.552807742188351,0.56100672590122,0.523973334693269,0.513637828711251,0.513159726621669,0.494870297358237,0.463542377551488,0.422249514065263,0.431957880452672,0.411670620350196,0.394354063380274,0.380018456796357,0.369837757474235,0.3082702120338,0.324576830137074,0.334262519633137,0.302858279159788,0.318632859406078,0.300126156505292,0.274361988652358,0.276785197100797,0.268886890680227,0.248392381901259,0.207746193420436,0.203470800750504,0.215748268841101,0.184324549204055,0.172216887736529,0.16019820354204,0.155748423161828,0.121388590482307,0.118661608410533,0.0829288373296496,0.103522781728634,0.103545064917044,0.103920479622057,0.0389308258007018,0.0890129079950137,0.0556556692741299,0.102602160845051,0.0129030891206933,0.0597386658373776,0.021341471154624,0.0335059631965591
"2012-09",0.678852031188783,0.637144884920643,0.601785556048603,0.608328811415265,0.581528091945086,0.556761733264966,0.522059240595952,0.516024029474959,0.511280130282556,0.524115227302144,0.473524654575951,0.527129081898847,0.528239256490227,0.473210787728659,0.491704094030706,0.47426549412858,0.483222451477887,0.491653935772452,0.453525905748239,0.485888752260267,0.434727190734047,0.450128870533028,0.483256434621775,0.436928003264141,0.38956326731844,0.404991210734683,0.43938451869472,0.387998337841557,0.476718625840181,0.367837036966169,0.389805252109917,0.412864375047952,0.319765907106827,0.359650213960945,0.427079285523846,0.363071358289416,0.375938196710032,0.358376022963567,0.326083680014929,0.411658653704133,0.35763075244974,0.355594986634783,0.295160787287114,0.2832678641412,0.343844004810822,0.330561567283376,0.30785640982905,0.371978693486549,0.267517298730178,0.304341186938564,0.302010959828641,0.355650610037549,0.280021134811217,0.249682405447963
"2012-12",0.710873481291546,0.678167556158051,0.715085850853445,0.706457584209889,0.67913963492037,0.617770777567668,0.633699144558331,0.599509928876665,0.567476790783299,0.563993688439231,0.542872960556191,0.509179722674874,0.498039395642504,0.462471776344312,0.437022463016573,0.453099527459564,0.397640229174218,0.324435254675643,0.37823811126183,0.34061764365004,0.336579396459087,0.348191773525357,0.295977601563411,0.270827057956189,0.275555333096914,0.288986084845776,0.26463197665001,0.232872515008036,0.221871013631403,0.203909278760429,0.237084734862904,0.210732534161872,0.250778323154632,0.220195496423509,0.194874764607414,0.201719650126178,0.154153698379379,0.188588965028932,0.151048090011078,0.0835475958892813,0.100867455840252,0.121814152587351,0.0964660912820276,0.152273248330577,0.00706844706162494,0.148624631702063,0.0937906670196977,0.095677824699915,0.0333815953425857,0.0995941408784297,0.0315692378122605,0.0715424564664684,-0.03895507931831,0.0449686396053386
"2013-03",0.757131654751136,0.777172080070186,0.787883417174323,0.774089617729348,0.773377183311215,0.800089631163228,0.815503778718409,0.807639819133991,0.811730062646435,0.821046255350547,0.836273460376521,0.822685277748485,0.878174535430917,0.815060537365097,0.883235361160791,0.856648535839522,0.987128414996961,0.908013360659986,0.991146561581333,0.917987759523703,0.967791684538872,0.957177749845344,0.979674389271674,1.01115027244368,0.966267024512507,0.997994738518161,1.00429750936372,0.997668122286355,1.03801482055314,1.02220105817052,1.02480183829421,1.06548638317715,1.04102994444185,1.0236038458797,1.07201793005248,1.07913307688584,1.15514316338054,1.15291327440266,1.19556657422826,1.21732658617961,1.1362494517867,1.20394060634322,1.12512101490056,1.17561153266146,1.2596294107531,1.30235355270369,1.2453318289628,1.27350252101731,1.30245061767503,1.35675061026765,1.43073090605077,1.34848492918675,1.33572012026189,1.43934368879529
"2013-06",0.713425808859064,0.661284718152027,0.64881065083623,0.663185167069244,0.65638926869656,0.588358149030638,0.616708676907228,0.609828315623061,0.578123938261745,0.591666496542373,0.603320301656801,0.600110505855637,0.608990779932239,0.582386114350241,0.616432306051218,0.571910606464442,0.597940671867204,0.577478516779846,0.61945386902075,0.659275260672906,0.639639090003921,0.609289323290865,0.629997783042178,0.636871692968331,0.659964579542989,0.651918866037855,0.651939492442083,0.653147944865722,0.726281602603009,0.684710367250887,0.646943552436581,0.63434174385081,0.675856789898654,0.713441972203468,0.687439046200408,0.699626169956967,0.752412468010573,0.730580783135587,0.716625622393052,0.757413041916256,0.759188044317068,0.754082973142936,0.707956754766428,0.744708512542698,0.789138866358635,0.760556150599005,0.815205271447609,0.708690717471014,0.757837480255448,0.71241181170092,0.790305520543983,0.753042014759445,0.817023861473645,0.802624211051429
"2013-09",0.735317699335619,0.72415678691774,0.74065537163315,0.717890251341185,0.73077318911939,0.672973029984142,0.674263855191411,0.646344139112915,0.64185314827467,0.649183733390177,0.64145919128211,0.632126728040862,0.610262717381719,0.63043094665417,0.577024795502347,0.593911474636872,0.56441468388773,0.57165717492423,0.545330230504109,0.578217263227003,0.541975439861705,0.575644643463279,0.573840685598252,0.534842308371588,0.518199793154044,0.531774937357802,0.532798319060208,0.540408995749762,0.533583979543137,0.495704689453549,0.5327340922811,0.511749357721136,0.530945082672521,0.502554831609291,0.514254694681712,0.52312508893649,0.499313388958883,0.468437240478295,0.453193300740044,0.553294719916153,0.50526109974626,0.493360190275067,0.508912702218688,0.544989618253325,0.46901252895448,0.511520070403511,0.528679179270225,0.551637149112211,0.500215037691149,0.546806695348153,0.489976635526531,0.543160744834968,0.547149481706041,0.510546995732645
"2013-12",0.803616817254555,0.826425614113572,0.822904123015059,0.830387236587731,0.852973332542076,0.85622482812901,0.868586639665537,0.860812689198904,0.862399207928294,0.86980088154744,0.865283959985745,0.879720213472376,0.892255547680906,0.879569403178575,0.924503660607197,0.864365319744264,0.943004127371784,0.873549840725187,0.946678751824784,0.935798545553333,0.917981191689517,0.919593463402834,0.957760703072152,0.981343157397148,0.91146988882124,0.940431443934105,0.939321193854888,0.944428899900417,1.01473776409849,0.955154574262968,0.948730643998059,0.952313758072027,0.924378690757424,0.933093096247298,0.963521417804546,1.00961694287221,1.00242734832898,1.04748842130274,1.03920559420913,1.06658612370422,0.999622955457585,1.07222364414155,0.978849327014783,0.968815485395709,1.06762538809448,1.05761181495233,1.06398683423402,1.03499799722366,0.998514008729977,1.00843905935791,1.10993898095579,1.06822441025027,1.01690034771729,0.996203306074056
"2014-03",0.683673273591502,0.659294745011624,0.675846686904337,0.647206893217636,0.624545327098561,0.574407969422326,0.558704562882499,0.559072533165047,0.523312484238781,0.520871078824416,0.490209231035133,0.442783629599558,0.413912197739276,0.372527737265491,0.352073210919457,0.384438732273557,0.329977403483229,0.335678948907034,0.332050904249262,0.267239781229938,0.266280387649263,0.253105386765036,0.236884764335484,0.191836955523815,0.255677770648882,0.252213581245263,0.180905263680586,0.184562804597054,0.0971044734355182,0.137626304843348,0.154618042348445,0.18925257402673,0.223763369301953,0.201102006714513,0.15844813710738,0.141983740038042,0.170669298577088,0.176950677257237,0.137611615563196,0.150790373466414,0.17956948996407,0.157782884558532,0.277700326236516,0.238479945085957,0.188984901494543,0.255665382467621,0.279605966885941,0.217243295001192,0.282375893069996,0.257260926493137,0.24944958766618,0.265618398650111,0.372803729021789,0.403973273316401
"2014-06",0.762150860580028,0.719553969637113,0.737017534914619,0.726803003950578,0.754093639179768,0.686540726994898,0.690397741808738,0.666913077296205,0.689997443779719,0.685074183486952,0.673731304234962,0.682704291455104,0.689432015552289,0.71798403877722,0.697631813684653,0.664820178137411,0.681041135399436,0.729574504268972,0.710177473476371,0.747816736796815,0.723357356778492,0.738584176321242,0.769289611248134,0.752792471099655,0.705545004465588,0.723748802363896,0.792432005011393,0.795080681546689,0.780414777274831,0.802241723543907,0.80863705711052,0.815855694756714,0.850654754919218,0.80369712185358,0.843855058259734,0.7970834688579,0.801575810510842,0.819989300894968,0.884843143690746,0.889333407083775,0.832732963734066,0.904258873050678,0.876028320887703,0.914615380050899,0.914073843012014,0.893413823840939,0.920239979921251,0.938001652278698,0.824010689313718,0.938264465016536,0.894319141673067,0.926117370244518,0.853622082947277,0.895193230667357
"2014-09",0.741484190004912,0.724725545022479,0.714020928022451,0.722544963966681,0.69560416213654,0.666620063679051,0.647101206131317,0.619205214414792,0.607778008701508,0.593224913571969,0.563706699902774,0.568445447624369,0.544290820886577,0.515248467971699,0.516557750887725,0.49218477955329,0.485729447135569,0.46541620212592,0.452806542905147,0.454678357135501,0.418192713594615,0.419133942177263,0.405980353422201,0.418344740215661,0.372456068889829,0.376082803786789,0.37415831970752,0.331596104616094,0.369005910257192,0.334620805922885,0.326979008243169,0.311354725713654,0.286937841862794,0.331373320680882,0.333052050753342,0.291222053333232,0.293153667338062,0.287649255986902,0.275587107949622,0.287817065870822,0.290658745509681,0.302385078556329,0.219217422642372,0.257083993608647,0.266068799182882,0.267636315589336,0.243481816518991,0.248985102252419,0.203838021294613,0.268609374946982,0.242877435561639,0.272724507515929,0.223034065576514,0.210002268668001
"2014-12",0.825769351283437,0.85251837825425,0.867580309554298,0.878544456002501,0.882830594829115,0.897420389623535,0.900120922683591,0.900556934278705,0.894484627390609,0.914905934789243,0.879677211260854,0.862240541324092,0.827837788300116,0.847909949606525,0.858384967288325,0.827292521151726,0.852527389656612,0.81328191716401,0.792541186990498,0.813964994169783,0.759498891242186,0.788427287304567,0.7589930659811,0.744287071446735,0.735695398679883,0.746463380444287,0.782064374169366,0.686653232334995,0.746419778660014,0.70109409267815,0.676682523280068,0.699177820289494,0.681923024184115,0.696766533249324,0.705327595259927,0.668171622196758,0.680934046383,0.690293434231967,0.646611186042316,0.665724105177022,0.684349683134463,0.648879224176333,0.657060476570099,0.64435797535667,0.645853632842102,0.642818663228137,0.609751220116146,0.665461395844559,0.653909730085028,0.629346593691489,0.664065068719142,0.648483467789617,0.640483612097445,0.595062737794004
"2015-03",0.726285283629374,0.677126571571487,0.666130549225409,0.636668882436959,0.628304032942879,0.582478712455539,0.619374997262423,0.573446809241023,0.58087450865213,0.564433532884711,0.560316511810672,0.538210033154167,0.519128552801369,0.475283716491298,0.505277273383411,0.487726592960973,0.472426539165749,0.449203541162029,0.381891150644508,0.399851723829767,0.393282903440943,0.339396770204704,0.325982577313877,0.330414731882527,0.305723250234381,0.287020620300679,0.256085874503703,0.27757406822459,0.231146405290011,0.227391090662232,0.216827166750886,0.148984865816673,0.145212061577212,0.184161076263978,0.14176322607064,0.10679139523327,0.104003905902323,0.122275935074178,0.0477763528889622,0.0679124519513383,0.0418191773787261,0.00571515436711399,0.0616611343783698,-0.0205881264810557,-0.00238832485242412,-0.0355160513699021,-0.0781528752683133,-0.0733608957239593,-0.0298320063344782,-0.120988979107592,-0.140694209930354,-0.128806805976018,-0.0621243388057326,-0.0843610713164357
"2015-06",0.721896846168186,0.672161151337756,0.652081049013108,0.672541641601394,0.663568578816589,0.602789972170732,0.61629577739205,0.613414011953808,0.599096224477824,0.569793048217899,0.56106629887814,0.604967644049934,0.584728406446845,0.581950960560628,0.594518107768863,0.579917646400549,0.525954994223186,0.539928283272027,0.519381845362352,0.550823978022828,0.509762052191144,0.516118604544893,0.524600454158892,0.49272155623822,0.464609658939971,0.485234976820135,0.484372612601486,0.463503165020404,0.49045767745133,0.440284970372082,0.434736953385312,0.400410661279399,0.375871130004289,0.424750949569041,0.418420624967641,0.390678813580884,0.39587192788754,0.370970627771183,0.350034809778441,0.351676614301339,0.316596834985043,0.304126926819768,0.287438470316988,0.274567969119035,0.324882358973031,0.25080471276588,0.256499014202573,0.205420695462852,0.199556492976331,0.214213625294431,0.185218685964624,0.215006694324503,0.15812794481494,0.187530844707274
"2015-09",0.756280427278394,0.767205192870978,0.777175417713686,0.772744000723077,0.752154377885775,0.751508445691075,0.749847714218173,0.757506247217956,0.729892104359717,0.72235279630079,0.715132065636083,0.709807373028578,0.686705681765213,0.695667156118058,0.699532259097154,0.69180341281682,0.654938016380752,0.653470927665434,0.627050053321639,0.634231156138933,0.655799096612702,0.62984527521487,0.642986683871758,0.606499176401843,0.61812124407415,0.592216573450192,0.609866443733994,0.590643058106637,0.567407571997833,0.560160678899225,0.554286497785735,0.55927243113986,0.539307300182877,0.522466591923587,0.541694263650071,0.549241141087265,0.519293695880512,0.515725717764294,0.526013928723036,0.494605583842111,0.50786394522422,0.49534274173713,0.505307497641821,0.471118655800038,0.475611694565273,0.465769514552994,0.469317170447672,0.477400875626145,0.481503350302086,0.44415533092375,0.416180612574977,0.399310997253105,0.3791888662953,0.395956002062688
"2015-12",0.718871939788662,0.684840887029999,0.662200385705538,0.656828444597228,0.660135435455681,0.605104624408506,0.605485743350265,0.616333550301447,0.611252176101807,0.573333324391359,0.611118767536515,0.580215632071445,0.570734952713012,0.557936043634869,0.568490981830313,0.55193579935159,0.506015386696514,0.530093066179128,0.493141115016889,0.533103304813567,0.503948541589687,0.482893549701366,0.481683778290257,0.484744140724773,0.484103000266725,0.484928552038622,0.48920612196916,0.437379113210034,0.460486396910837,0.420377837347946,0.434313571258488,0.456425073744271,0.451120432287172,0.480705233553823,0.400581750857418,0.441950767032376,0.476278756406809,0.449387640197112,0.459058461860323,0.443607085038728,0.45116241575195,0.471531046661263,0.485779306783134,0.515183828867247,0.478949519562178,0.497126698427415,0.509155031167789,0.473946648932347,0.546907864271422,0.57313662892638,0.438634782921815,0.52268159589544,0.555618892042475,0.605211067856701
"2016-03",0.751871832242654,0.726435479529385,0.723787416301173,0.720717505583927,0.721154546866048,0.691773168491778,0.676607613632122,0.685848261832744,0.703220869283249,0.662116553848754,0.649766933912608,0.631197515928169,0.64448045555293,0.602488058136578,0.613125081535484,0.596816554233889,0.566425960693206,0.568669251645383,0.543622829385643,0.50406480464454,0.506385984862589,0.470719899321685,0.46591083324609,0.449144214131402,0.394983726534833,0.425474008966901,0.422111459494302,0.398647154187539,0.337882914399283,0.347282672245976,0.37464327335574,0.28675575210652,0.302952949098315,0.274302899833678,0.254197354250201,0.243030823176682,0.203483229306678,0.17539568666365,0.280311889021014,0.120468531816105,0.156122514685068,0.136524783983846,0.15458465383317,0.0957469521197381,0.0592382771646597,0.0363905386469169,-0.0118542545392816,0.0577126166287803,-0.0271253008401445,-0.070436911328975,0.00266243885038593,-0.0133886092366064,-0.0517752101885055,-0.075500195671058
"2016-06",0.738798996447002,0.73968566317163,0.724783896836289,0.72102415729246,0.716347691862314,0.707670635687276,0.687055945411295,0.708835246004084,0.685771748806837,0.682597537083117,0.68815018795488,0.702292276846842,0.70735541456186,0.726147830868005,0.722971040586464,0.69760338458625,0.7649292968887,0.728473004079983,0.736261491209006,0.781722562728262,0.733141797182122,0.78375306399822,0.764383754199105,0.773932599222378,0.755618709476808,0.736891018945776,0.776438565172438,0.786713363806362,0.772431740643272,0.771297681706948,0.794967689279049,0.835571219233023,0.767285848503917,0.767677445246711,0.803889885971253,0.790017524621132,0.738920957152825,0.76862914577213,0.793476593196844,0.778533603185762,0.761157393806214,0.728980994647042,0.73662466630876,0.737542913203172,0.756364216946298,0.748330388252809,0.748125346528794,0.772956646642698,0.72882529211731,0.755947789695322,0.760678068637435,0.67670488566509,0.663350869990121,0.687874241619318
"2016-09",0.720388720134285,0.719006420763312,0.704839929271262,0.688213417888156,0.679919828207575,0.649175609804588,0.623061483188729,0.610524532066244,0.606593179588752,0.608523025539285,0.591983448635823,0.591045752508835,0.556292322738248,0.580814809700529,0.559617928663983,0.542747915950783,0.559553867370305,0.516022248348189,0.515297375745256,0.491634014418506,0.516961102442109,0.498368590726504,0.505658878871001,0.511691443195719,0.473886289567938,0.482843095276025,0.469182816478137,0.470419350263775,0.462359926390945,0.466679411642685,0.445070499449191,0.443709080004889,0.44814946650664,0.440594387146536,0.445146938162788,0.448257241904263,0.391015543314832,0.453835074925071,0.419819679221257,0.436457882474853,0.40102910966545,0.420874317180896,0.416570787740298,0.452854518567302,0.380606895330632,0.436017120167876,0.403378660690302,0.379850354800972,0.385149498963141,0.417287006659536,0.39205872751679,0.40294366045742,0.418544651864216,0.382151832034233
"2016-12",0.721288289846172,0.724940599236873,0.712893035105942,0.731543967838649,0.709903796436745,0.680300428016843,0.678621276997389,0.656153377247675,0.654589353905836,0.64110138975175,0.654986021754517,0.640292146209376,0.646897948897793,0.647105133877112,0.641006899614742,0.61820464843425,0.607303625667649,0.607430478491183,0.596644912092537,0.630410908485437,0.60620259239023,0.608445487646946,0.582493729232302,0.5670825208861,0.573128188841384,0.566820150551311,0.592428693294401,0.553752894115356,0.563774195959459,0.541762887589485,0.538685338760757,0.566606940141088,0.539605867725952,0.52911198307576,0.559588931026272,0.511916388883286,0.465741526745401,0.483237752366677,0.516326411514186,0.51810658473597,0.489824132858371,0.4495529292454,0.453038100233804,0.490115450232939,0.438831536961996,0.42285715372409,0.40391357933688,0.516330763938837,0.431263435779984,0.398601479135951,0.407814513304593,0.336946722481149,0.3644048419249,0.324449907010438
"2017-03",0.752227531330646,0.729400719138068,0.707243966481234,0.694758535542638,0.707008514363431,0.65215587468384,0.642934923325979,0.641783337463921,0.630783547986541,0.584902919014082,0.593621211912438,0.58617709545923,0.569716259406401,0.566816334393883,0.540221167199307,0.517081387573742,0.489979047330041,0.506377552343264,0.4887781908615,0.476599205902844,0.483757359269186,0.442543909436279,0.463220535947044,0.453780888561309,0.458577800260549,0.430449992845537,0.444680998636002,0.398433519627243,0.348751501513851,0.393270492666717,0.406503656866532,0.378242574438022,0.386160351700025,0.349280641525591,0.33490021845634,0.358238962914488,0.317351734857319,0.315865040372437,0.31539152131529,0.328492175845382,0.338844784579138,0.318239314633492,0.312900954239197,0.323045254118395,0.315758066504464,0.27955007623036,0.292673382964508,0.271268810972095,0.295356811819813,0.285267712914971,0.253290753994539,0.219847155879437,0.256103402562474,0.244674282442008
"2017-06",0.732793171053358,0.775763699932006,0.759051605473702,0.758934237507003,0.752964827651114,0.773397637884785,0.757543935331298,0.760435109950285,0.777844110819089,0.782491128602555,0.760037565429676,0.723063622940398,0.765302319828906,0.759942930300863,0.772711932279769,0.761137306840914,0.719615007452555,0.773398051637905,0.746267257869184,0.735732720846119,0.73644832265727,0.732175835056584,0.714655254993942,0.695450861615434,0.74852175812609,0.713294595364229,0.728698283284647,0.708668201869837,0.675106582055878,0.731390122311666,0.685062368785261,0.725746027982101,0.69005460658367,0.724040857063342,0.65307249413512,0.66567890368807,0.653717846056215,0.667821905067435,0.69216318599853,0.657267705425794,0.655301628161602,0.645285853180195,0.70436658915218,0.674611458404696,0.680126125109272,0.653329861491,0.657718595679749,0.614271050692673,0.605971812701769,0.590321685143425,0.593862522892106,0.540405300363567,0.595389252238212,0.625519381732381
"2017-09",0.700699470140696,0.661255982818571,0.621931576568753,0.61638716892592,0.58465246250056,0.559965905335864,0.55417790742054,0.519467486511981,0.510719387864248,0.507111733606811,0.496112203543181,0.485451823100652,0.470722711956098,0.457548883518677,0.453682355311542,0.413550205472597,0.401804578789912,0.451793867245485,0.407866760451852,0.417262564410872,0.384854575853761,0.384374114615324,0.374952612879086,0.352547260306338,0.366710287810863,0.345000838751018,0.326556577889466,0.310756350418735,0.33293776525686,0.318204113042725,0.305783216964621,0.303717230718069,0.310814551314941,0.298662072531627,0.295208004494341,0.260418778292667,0.277280003242449,0.277422373363408,0.260249772913971,0.30904036726956,0.287523257078379,0.252379506591677,0.239830731812044,0.257526942486825,0.208821069088775,0.216923515322455,0.249037157282106,0.237091955921044,0.219244916384223,0.241606715074411,0.213212219355832,0.251906859236158,0.220781927793046,0.201192435029333
"2017-12",0.794193539280366,0.808488301772921,0.810505911750196,0.830307112837777,0.822269861234883,0.838575990603734,0.840581633877186,0.826398745325624,0.85057666555326,0.850341838068195,0.850365657717429,0.840137900541113,0.812496275787993,0.83556996893298,0.822407839993506,0.807727388432166,0.78888568940063,0.835287801934096,0.816209705914554,0.819413459464688,0.806907069622122,0.805292294250345,0.780625161915984,0.750244847076527,0.7531240575209,0.726638947117802,0.750875186089311,0.732069190627561,0.721891089667375,0.717929171435201,0.700152352685491,0.675577305974347,0.644429008666239,0.657459282653565,0.642057320604926,0.684085093659986,0.62232125708966,0.640499921097864,0.59258511045073,0.587115717281527,0.618153817585283,0.504930321086009,0.617879146065961,0.524619499381567,0.522208796102341,0.511776846678688,0.490761845596892,0.479624261770854,0.450940565628337,0.433838901632327,0.471779180637833,0.432550547526702,0.378996661944044,0.368170175430014
"2018-03",0.846813032275175,0.842330706730259,0.861247584618485,0.837344444894321,0.876466861172366,0.837517856596807,0.870264899175704,0.838566508114416,0.854520269881332,0.829623130674761,0.85354771986927,0.844261995462275,0.847646400747928,0.822004456276043,0.784664171377303,0.78118958889206,0.815309062458951,0.811721228272313,0.795554122935122,0.765660875906822,0.824077525353891,0.735167483128712,0.771518354584604,0.793754403840279,0.774721239890274,0.778570219320341,0.747006402726912,0.714621370535273,0.652626432637429,0.71652474853473,0.700738139468612,0.742128593573574,0.725045484651707,0.729456746698385,0.667323569430105,0.6374318677188,0.633654558939938,0.670755604645204,0.616012561649472,0.635110218921045,0.664580889757326,0.706268317103042,0.644358529390357,0.661494870797812,0.601349296261481,0.581767595713474,0.575295595523,0.605357520508854,0.631416709791924,0.574274728060011,0.526805437943667,0.518079549711969,0.509552235618468,0.514500508980101
"2018-06",0.790580145708087,0.762720721649588,0.758081062361407,0.764320861954737,0.769428407373714,0.738158341050386,0.752618640830559,0.738857063485462,0.758870621317075,0.749795829085841,0.749554761416635,0.74973740995915,0.759903792612382,0.747546750048521,0.746891745499355,0.720156572582397,0.751785629435117,0.769501943810035,0.781973218992689,0.733543529998717,0.776095416791265,0.752742186452579,0.751879243457717,0.745316278234234,0.755512553709168,0.750166647477007,0.736715787648328,0.73869380693123,0.726485688192336,0.75735712985131,0.737507292067214,0.751070194715314,0.774391253507262,0.722715204680402,0.758655784671054,0.721016965356745,0.732240382347616,0.719441073354323,0.763256111159452,0.747667779053948,0.739247405783347,0.761450370731272,0.743750337380282,0.71270534211296,0.763372665728421,0.72698334463219,0.806221212121372,0.773072815294072,0.781590499160316,0.745211497667123,0.709124308419136,0.718867124959297,0.761331067844875,0.738438460411771
"2018-09",0.79806552140793,0.788141233481725,0.800073257963577,0.80481013531733,0.81661637592491,0.803098180532523,0.833143180783939,0.818426568820597,0.825698440433073,0.825632687557252,0.800743160801754,0.840774195852187,0.841737428171587,0.810941673579491,0.820698974165861,0.843964173847021,0.823531036855502,0.868354541795976,0.860298605051742,0.825011852928968,0.849247847279497,0.826296415289852,0.821318248647024,0.84757026320562,0.83016643369394,0.837102696921132,0.825120375563745,0.821407654046884,0.808344989118513,0.83810067324913,0.808873291107856,0.800272387386706,0.816691171273477,0.801733894207958,0.837117497655569,0.801255163788846,0.802764412840881,0.768777615596951,0.832256928171973,0.827961721946539,0.816771082572537,0.784578382233496,0.780766100357319,0.785836528709637,0.820941361352974,0.762575347277426,0.783562374565379,0.816008178228184,0.810358697098349,0.776539049469932,0.821040342431157,0.73811058378267,0.693335921777182,0.769729350651887
"2018-12",0.722177713853538,0.715078323260679,0.749931126207446,0.727850285925969,0.69881315664752,0.693046388976839,0.703705653093794,0.697788372588458,0.678812443836331,0.634864456762152,0.638089984545127,0.591696716261754,0.62324437512083,0.604001592877307,0.537948507921726,0.5508501791849,0.554489372017632,0.51901547436665,0.508527047599479,0.507283187249906,0.473899186453949,0.478434132716067,0.464179624190717,0.423610931300946,0.43536412820999,0.445383269820159,0.425346508765211,0.388743260391528,0.387016704729306,0.383063153551588,0.383966965010622,0.441140606483608,0.396030564659865,0.360686836843423,0.356588413726131,0.363233786404659,0.364807520387934,0.369637834804204,0.382072154757037,0.405512123919339,0.377293059998633,0.400913350520082,0.385113949876116,0.370738691487701,0.322528291067022,0.377943208807949,0.382411474771526,0.36753485371472,0.415117069981868,0.403153765870001,0.356389901283867,0.377012886562624,0.413661217000704,0.422129540232528
"2019-03",0.685984969628658,0.682877638644496,0.64943539675633,0.647863227124319,0.630384366471555,0.611431061305364,0.577786140374397,0.580142667862124,0.563041453022428,0.554656379664617,0.546300720954683,0.559458783369739,0.59602193118586,0.527541772565417,0.553682030498817,0.552711333170923,0.55779462956837,0.502986782879618,0.548248905031127,0.511753252128084,0.540014028745551,0.525382830617917,0.491828967197511,0.500615756883785,0.474324225444885,0.459448658425935,0.440639985381571,0.488613999733514,0.490261565746778,0.46241864711534,0.463574565115932,0.381676357066923,0.384509733619266,0.396780519302808,0.445737356829524,0.36259617990806,0.443665151784591,0.3668145902973,0.375502958013023,0.428462126658364,0.329855086431178,0.415398800826392,0.316747920977479,0.285089317053873,0.439556368016874,0.328202924628202,0.377215160314513,0.276832468237201,0.353364138373633,0.35893131382925,0.34362182340433,0.38206017365145,0.343858565961189,0.377027128372907
"2019-06",0.712414426743913,0.643070616723323,0.689281382260159,0.646579791963745,0.622586444189485,0.575550978934958,0.587941507497582,0.600347124012994,0.563000366661003,0.508170379966139,0.506267545042229,0.506284005231347,0.502352959303654,0.507183222252812,0.461814058282713,0.483648190512876,0.42479345301945,0.424807318134717,0.435611769366396,0.459839525945881,0.418820084549578,0.428898810538915,0.453660741515762,0.386063197637116,0.391833548358062,0.379050263193492,0.390796964684971,0.349825305121715,0.309450166705464,0.350819924087992,0.323025514308558,0.348041647578398,0.333958214685591,0.290257739407873,0.303239468271808,0.260842475322342,0.24597016951025,0.262988528944069,0.27780701266512,0.266689691922382,0.229441524923733,0.196000180053431,0.249495063025012,0.208030493169183,0.157903162712265,0.173885014159807,0.142665219231972,0.0989799097054071,0.138203181689115,0.107826144988691,0.0492922513540408,0.088249831306948,-0.00601477115272817,0.0226795374122567
"2019-09",0.710274987413911,0.696249350885334,0.68327392973079,0.669514206014517,0.680593003082903,0.645599780592144,0.630948408259617,0.606922109206996,0.591746882816936,0.605236380401335,0.570947430342614,0.554080163971363,0.582101956103422,0.546680170961024,0.55059759499743,0.501340224494155,0.503836061251779,0.545385440153611,0.543638427259179,0.492867040955918,0.530455014623105,0.475671977901031,0.489572093806203,0.48748805326098,0.447070082682,0.45316015179703,0.446849252990658,0.467216160185929,0.411350331532119,0.434401209016864,0.405998858230594,0.422606497735587,0.392341587544627,0.399666596383458,0.40611814616101,0.402293037811831,0.394290311710925,0.418260331146953,0.371385286996284,0.356258014277366,0.356239477071081,0.382182151036324,0.312062233370264,0.338779325828658,0.320492748426089,0.314895708039473,0.323895348870587,0.327393105858139,0.317815212590058,0.341094019098571,0.327472342570795,0.339559956235739,0.323209470649052,0.319466762940983
"2019-12",0.753368992181978,0.73487376966272,0.720809850917841,0.695343304606417,0.682470572123893,0.697666979278209,0.681702742115868,0.69210954603651,0.66420582648533,0.665449011561458,0.639086047755261,0.635871091406155,0.631362042684842,0.619619213501796,0.598593000399196,0.589783364215787,0.571739328906847,0.592029431071323,0.582364690769194,0.562874982105849,0.55926161952133,0.554647143717586,0.549032255186867,0.526956091156656,0.517553789570796,0.535316690313563,0.501000553526746,0.490345630399651,0.453742804613327,0.465405353312076,0.436159425543389,0.465568421786692,0.452354406115059,0.428998131182018,0.408886297035212,0.387077217357229,0.407465838555458,0.414122670972659,0.37812313418426,0.383817144376457,0.388399998353645,0.363678352112168,0.344575302567327,0.334249885294224,0.340838892968353,0.351914208528691,0.319146135447711,0.30988662827076,0.327747287933895,0.337459472733152,0.304089578490383,0.272587492221127,0.325333768266832,0.343063582327763
"2020-03",0.740977034941206,0.713614520869286,0.706210279639341,0.694519099665421,0.690126954151895,0.656184781439938,0.66243208393188,0.621285694404898,0.630784426014467,0.635001036521822,0.617770279483729,0.635898290081351,0.617517071461009,0.612137536293133,0.620119524861938,0.561239511513942,0.563739187178901,0.554108548357663,0.586513458025197,0.560456898248915,0.585709326758733,0.552083502412473,0.553751890734809,0.568508438288023,0.544819795438216,0.520651419962283,0.541479205312563,0.536533396581426,0.524174252826571,0.519007228226242,0.526575885076769,0.50267762906852,0.529719222579379,0.542770350609526,0.528749138003316,0.523341864075588,0.515064686476669,0.526182246726897,0.488123588389216,0.527620575176842,0.527508875596457,0.521915830672261,0.535790697799215,0.527567869954139,0.562564970432847,0.528831091308499,0.559961975246944,0.568956682872443,0.575701960223336,0.536932539334347,0.560776098384468,0.548877172867184,0.518223309478937,0.561937264801264
"2020-06",-1.70479771619177,-2.21185034646631,-3.32741805695913,-3.99556960561637,-4.6259283635685,-5.54414658601222,-5.49663015223295,-6.17661854825707,-5.55885766824018,-6.77424761070158,-6.1216632354791,-7.31609518538934,-7.24763402727749,-6.90219145329723,-7.95705236672443,-6.95977170353516,-7.54229328745027,-7.12931721507007,-7.71379508026563,-7.70907124492674,-8.20136524770995,-7.31211496300925,-7.6965024363572,-8.21382607395235,-7.4282350588978,-7.7348752527788,-7.54123978060298,-7.86870181972424,-7.73343001408072,-8.08311584148999,-7.56214317648312,-7.96921423388475,-7.83641114354168,-7.56897848295043,-7.7541439800831,-7.74094310234734,-7.21515050057907,-7.30404218677736,-7.85797292941566,-7.28773405708512,-6.69923816173751,-7.43861857723441,-6.66750387297361,-7.02920491440416,-7.27078922201279,-7.38707248196786,-6.45440319512887,-7.3923205187168,-6.45258000311967,-7.07104936431174,-6.1231781568031,-5.89916120046136,-5.96748901815935,-5.71143754569123
"2020-09",1.41872648003385,1.58129477676723,1.70809201284944,2.37083915412782,2.04949057229571,2.85091799867658,2.69072604620198,2.58496837344272,2.697161311678,3.2235249142489,2.68345150662985,2.86974532366066,3.41886370664771,2.78567952122342,3.08570076466207,3.23683677384415,2.14846902181703,3.53963151957222,2.90170736433089,2.78694586693938,3.17002782507812,2.96271025360805,2.78784606585384,2.45344274542162,2.49473458607417,2.13146458555187,2.98689848511017,2.53959209801081,2.8122158862536,3.05024855709507,2.63007630789511,2.38707278773665,2.63781275518556,2.50960828668935,1.86261925699219,2.23647370640676,2.42679934236856,2.38571290495285,2.23156777753701,2.0994780578881,1.78348813446114,1.62980976159073,2.13160938073871,1.49772994020065,1.48815118284131,1.42210325159255,1.9028667522662,1.42876577275085,1.26451775663146,1.6220841772204,2.46027534628773,1.53960530422561,1.49115319653627,1.34638770078279
"2020-12",1.00901349801997,1.11890794156816,1.29119903842331,1.25675412438131,1.17798203564741,1.62776926368996,1.43354308617893,1.71317153800716,1.72350731604661,1.61858803722142,1.71513316444781,1.68489305694488,1.63574423297543,1.78227288251933,1.5525414161905,1.63751090612315,1.69573179072768,1.51019868871856,1.7514628406391,1.54304671358085,1.80278106286652,1.53425615195011,1.67383260436219,1.56877011628519,1.3555380449631,1.82412754220699,1.7721150764738,1.63487661581612,1.45723491253358,1.72338289423409,1.7731975676523,1.70975825403048,1.5023731490544,1.78732289945511,1.73560795604071,1.6005383985852,1.85009113185805,1.81119790183388,1.79149267092443,1.92430311089029,1.85461686127895,1.8996641726839,1.9694354909695,1.84661837560968,1.84858365642926,2.10630405059316,2.22383169379171,2.1930654700632,2.41264142556871,2.18047662177719,2.23307274793297,2.41067001683104,2.29438567162812,2.44828988216905
"2021-03",0.827098959492521,0.801796561827493,0.806285265114425,0.852020477189278,0.836278289497569,0.829349142192355,0.81285376179213,0.827981732800159,0.772546825186683,0.787171427755768,0.792365067195924,0.855339660612416,0.837522454009267,0.817753377420167,0.876895257375532,0.791431856684017,0.789053225959536,0.766550495616091,0.748804497673979,0.834435978237448,0.710348164143193,0.722870436135708,0.701194499439568,0.738136811216971,0.701306802834009,0.677790820288725,0.685022160518031,0.689278994502726,0.797918546113026,0.738822332544557,0.776885325390306,0.673010076389285,0.746486091135488,0.663437831583015,0.766646268034635,0.676783445631464,0.704682620370901,0.580722258025943,0.711926854207228,0.752432959263456,0.704410078218063,0.556674538176178,0.58580948616957,0.700159848599936,0.640717638827751,0.656441435231196,0.60966768440209,0.715677884674895,0.634604609978026,0.775096881941458,0.738219852637952,0.773177769165115,0.829060707005015,0.804759694609144
"2021-06",0.838962043480851,0.768463937026974,0.80817034388019,0.783872670712646,0.791583618344112,0.82642289249612,0.776797789527997,0.754320877483955,0.771001388788895,0.752844898932112,0.773356932646089,0.849086369861802,0.778352122068734,0.806496832247512,0.839331560858905,0.739550619602635,0.814818789842909,0.781252785801792,0.830511561769324,0.841808375636323,0.895414624453757,0.859569611079584,0.870173320289079,0.907566803888476,0.904032884061965,0.890005050508859,0.90850673678076,0.942268122019174,0.955842913238677,0.901277008840082,0.939572513847768,0.984674153279701,1.01179357448549,1.03258262354499,1.03869171527253,1.04237047241305,1.10216456485815,1.03953863472057,1.11380490667008,1.10214741870021,1.08300427632655,1.1808785292337,1.21382366618098,1.2571380680164,1.24989083078632,1.22348504088771,1.27428540460129,1.27681714571285,1.31536658924423,1.26026596346608,1.40840442249236,1.30865404646348,1.36575028036222,1.3701617967974
"2021-09",0.940028518077745,1.00135952289034,1.05100114377206,1.06741937024597,1.14167226409677,1.11389220513221,1.11295878175217,1.14632440816732,1.21383990982305,1.13096651518268,1.14920739365791,1.14786667168395,1.13603234195762,1.26937286889682,1.17646952282733,1.11110512257618,1.18564282966312,1.18884040364257,1.17833434189174,1.16420201498966,1.14416540660408,1.13922987016322,1.14643704832026,1.12374620351414,1.09545817273888,1.14715097882401,1.12200076499401,1.1145811986452,1.10345018233795,1.08312090268059,1.05454467137137,1.16858860988918,1.06656218052272,1.06540866837489,1.08749832810091,0.952030352837494,1.02896310533979,0.962774372163299,0.981362381966886,1.03838567677146,0.892361548850987,1.00383672709794,0.952084315454862,0.924844841550383,0.992552331103038,0.896026865007752,0.843087510666458,0.886362190750238,0.902472173812624,0.823293634712736,0.812916018511553,0.820462752869086,0.83243505611019,0.784861495639459
"2021-12",0.972255120553801,0.993517152303496,1.04895213231539,1.07643514264462,1.14681237967154,1.21280317701414,1.24920990302407,1.21918938790379,1.29748112434994,1.31049916846159,1.32880639788591,1.34226544134173,1.35545082627101,1.39829234908044,1.39657067373699,1.40106947180396,1.42626122284648,1.43975744712658,1.43123724537674,1.44474253335599,1.46301588702908,1.48451405950266,1.4951275289184,1.5101309036229,1.4998406755949,1.50987630162923,1.49913097178421,1.51051655876508,1.46361395381177,1.52105334620404,1.49329155669477,1.50868423211567,1.50811738049886,1.51905078099766,1.50267632626833,1.5163271826643,1.49293468645422,1.47372058016024,1.58050384279245,1.43433973176174,1.44658367789401,1.5181219601378,1.50943498409844,1.46115211923024,1.37283409734283,1.51268100042051,1.36797748222564,1.44826417543134,1.41339045068906,1.47327213522228,1.3996332194208,1.35213910189337,1.33894833334567,1.36362041065445
"2022-03",0.956119119241928,1.00498080887305,1.02629962452555,1.08191287789921,1.05471019475044,1.19395999139539,1.16216826437408,1.21801041382448,1.16441053266115,1.23871747489365,1.27195743660073,1.25874629628407,1.23255155493304,1.21192391043547,1.21937114067008,1.23344835867265,1.22210060769137,1.24117233212898,1.17605114070791,1.22380575482722,1.19601656870129,1.15876623084539,1.16117859645806,1.20556710274879,1.14692171357517,1.16021473631007,1.1631551524498,1.17355417215442,1.20520342713628,1.11246100580609,1.09752930616164,1.11021914514871,1.14867965164861,1.0862914472228,1.1443473907729,1.0887247348757,1.06355331156078,1.09770831427049,1.06181712443511,1.01204563921955,1.05572076490735,1.10726749624869,0.948119475003881,0.986155126345596,1.06605957935181,1.08763567318986,1.06978403945371,1.00929809626027,0.947800660080472,1.07511553173406,1.12006653943811,1.07294901487448,1.0845172884124,0.988013393371351
"2022-06",0.820665385888175,0.832056376898483,0.87612712528714,0.881709434481555,0.866502249186854,0.898759978470751,0.900132161278032,0.902728123432166,0.910482175771149,0.902170449043574,0.922947915476624,0.818042005043963,0.881368149844122,0.842492637591388,0.844250563877871,0.852792864719918,0.808535484410499,0.845407558843455,0.833171381414031,0.782865419773044,0.834880247909705,0.866023236240787,0.803336914414523,0.751493460096087,0.839211152727214,0.82170332510804,0.811646532366539,0.848449504782939,0.851397245092173,0.769856862418138,0.838888828842885,0.842647318326022,0.835071340105192,0.785917714857824,0.80636067932797,0.801734104242117,0.90353625108463,0.838190182814769,0.845189673835929,0.826216533958926,0.870268146417052,0.897510465875653,0.866750555009454,0.892341372360894,0.893549818427062,0.832748598379436,0.908890027124585,0.869055313669493,0.892939611882034,0.919591375192185,0.965432690416036,1.0143949895246,1.02500392063973,1.05687492966109
"2022-09",0.802946185866065,0.802061700537492,0.82784347963324,0.882242229656933,0.832778882046764,0.828506329535492,0.855977716146085,0.831283943301061,0.750848258777162,0.770824662339846,0.724942541951168,0.756679491320981,0.746203540145641,0.774344422512039,0.685602066288067,0.673786640498465,0.692235008024381,0.650457228229038,0.719515559052322,0.707625623661506,0.695316282613324,0.600163357234614,0.673992611215219,0.692070971865572,0.63947910644512,0.617243331097055,0.60906073028847,0.568492227976435,0.622539555658426,0.589299529054679,0.540446572385717,0.613969666052397,0.599116408400935,0.545004341532989,0.542698656983929,0.567174193895483,0.520359651428729,0.605150402107121,0.616536146059707,0.591973751886235,0.625707620402899,0.580134940089275,0.56327405902656,0.629486581917775,0.638130317879529,0.557246384009053,0.67594918751471,0.660329703155633,0.679249954183579,0.623243699845065,0.683016166346412,0.650908904087209,0.682459499643448,0.637947417619191
"2022-12",0.684170870424997,0.698801139272384,0.663178053264258,0.688976106520801,0.622141876974521,0.607976704577336,0.584564863306013,0.591637630322625,0.571928819950951,0.568766623386121,0.537222221287871,0.487398485623413,0.524325057351652,0.482967707069335,0.500734907939801,0.501869693777105,0.47870081271113,0.490808409760129,0.460948859502918,0.470442318013246,0.423897478602093,0.457069487636471,0.422755704568024,0.409282490186335,0.479705546470645,0.451062955846797,0.401178904650854,0.413493277034515,0.439329304692773,0.396268320170014,0.421254964440746,0.404230572902413,0.400554386154641,0.413640885846521,0.362794242206343,0.433369569212799,0.370508497044803,0.397814384353627,0.40326154426429,0.415160886306261,0.356288551909822,0.363330979183402,0.372665437958805,0.346313150212504,0.42128006274683,0.334665503865255,0.335163046335978,0.415378315130516,0.327073437301389,0.404010182152352,0.373557788348121,0.317702624109334,0.393742261103356,0.321431739443861
"2023-03",0.773549379586882,0.755480234528798,0.732600727996018,0.767247008256652,0.73557855525221,0.776997506331248,0.77103096410181,0.766302405344605,0.733468734349035,0.767662816440011,0.777683573989445,0.754365165649317,0.7142355191712,0.698227700954233,0.72521984837054,0.68030545283224,0.695095845363779,0.719907037994142,0.681597416180165,0.667549940219944,0.647762471920567,0.620027107076527,0.623330123439762,0.639664616019635,0.636491307027606,0.603890031774934,0.565852734923492,0.551587158098221,0.520893046818712,0.499717133135502,0.544387313858133,0.459317036406796,0.51694455373941,0.479758960097177,0.460788133623363,0.462644504035196,0.435291684409977,0.398443244206486,0.371061710349277,0.360770436517523,0.376164642908715,0.306705103702792,0.302585191094545,0.280107843608488,0.290737604800743,0.266398166823848,0.210395414694582,0.213281856761645,0.19367013554823,0.241916158486466,0.238337480977971,0.185951239124025,0.195647465129555,0.15015797606187
"2023-06",0.786277542033361,0.767302967788916,0.778801826787307,0.754484222978129,0.741378550971034,0.789152697067658,0.808061190868905,0.788589182386374,0.811607695902354,0.789456540012304,0.830591698632579,0.807654008008115,0.807323499320669,0.811959703814574,0.837952977633471,0.784263155486037,0.801088749848193,0.813654202195343,0.781851631564986,0.835711036044901,0.857768637958321,0.877629444608208,0.854495370797575,0.904795254001425,0.849252714509695,0.814918961399393,0.79529146992676,0.794603923284564,0.829633563637117,0.8436056475053,0.802157704768297,0.831105753678263,0.865751675425515,0.882763294462009,0.813845357954299,0.811412285692149,0.856205334728513,0.80328347576949,0.890272626540385,0.854136951496262,0.79283906816217,0.852619372159506,0.87007509779781,0.875007744346352,0.858133271976333,0.787812448312335,0.826455725638766,0.877973324790221,0.856530629393861,0.808322136658996,0.905064096891906,0.806926064315434,0.878921360096629,0.844556053605653
"2023-09",0.742027674113761,0.771790230090239,0.752476095809542,0.749154936920143,0.74549769703645,0.7611859910924,0.763649425644417,0.753111999573615,0.768250585042203,0.784576518310408,0.805197052680103,0.758042576923484,0.766119964584,0.76409047499209,0.777585037575624,0.778611336225485,0.775485104371661,0.808388063823524,0.793059458351026,0.756631135636732,0.744406874391206,0.759167886841579,0.768548061727846,0.79560992428335,0.775989433334238,0.765708682697343,0.753879333666393,0.766684651251833,0.722494808314302,0.75502262851626,0.779887893607596,0.764564784271146,0.756249927460842,0.768426630203652,0.751345491972478,0.760641823625094,0.755835088299658,0.769159143604066,0.748692043762026,0.758618204480304,0.778795656026683,0.768944285825514,0.776602709427963,0.746418309763542,0.781921713557645,0.801604573425104,0.79073732261735,0.800407453049863,0.766823704839891,0.812140761267611,0.795984566292954,0.808755004765622,0.81855790083114,0.851699099239702
"2023-12",0.618928871817218,0.586730991472499,0.562954244836774,0.549776615285617,0.497614246358613,0.492164880510225,0.451439485308821,0.47051231902176,0.410672492741864,0.38768131192626,0.390941434984767,0.357115048393615,0.363135003483429,0.354097595247928,0.36108925948862,0.338046648191019,0.299071684838368,0.311353079261674,0.308695969369669,0.285552695023679,0.30423968572716,0.324017503437449,0.309458359793923,0.291703582788689,0.322401528958245,0.349617521137259,0.345065236333755,0.328122344643284,0.350683798731349,0.316814446261753,0.300204408207643,0.327071938556409,0.367673805708128,0.338877855390365,0.389403811679503,0.346608206973584,0.389099990258644,0.355381750153179,0.375734083432808,0.382703939063419,0.401891765285693,0.399512029457802,0.375400325120837,0.424253309759533,0.413416395357145,0.369878286257806,0.443677744517306,0.43762978735414,0.447884257014771,0.490607880159798,0.459767641397385,0.496313182481416,0.525082321032094,0.500545073715807
"2024-03",0.686399297272707,0.634195718947137,0.618636847235191,0.584293393901075,0.573655697605781,0.55029446975816,0.557058215207214,0.55064532146309,0.567612990223406,0.546416478391086,0.584835124313964,0.560492181497285,0.574948779740552,0.583400482437761,0.525996952464819,0.568519101790126,0.578661945075463,0.611714476549857,0.660565135671592,0.663988824842505,0.651797697489837,0.681159331405185,0.640917482688343,0.688147984337385,0.710499557343709,0.696218941720724,0.697571584207064,0.731828920987183,0.679018176595614,0.700283178748537,0.788865893459069,0.75674674879403,0.825900526234555,0.783398699941505,0.746361411985311,0.820864599252172,0.786085298850251,0.833890934830197,0.820255813344598,0.900453013477831,0.85813217671776,0.877365047679435,1.00064014294286,0.875318916756797,0.923492939449985,0.975203464664995,0.98256938371668,0.974687586942215,1.01583643211832,1.00092150675206,1.00335140116775,0.958794566634374,1.01761858549039,1.10716601830742
"2024-06",0.689667200130231,0.690979577868691,0.689818125269369,0.678813809470312,0.650607271164265,0.637721420349442,0.627738633831832,0.619001768389319,0.608281520921147,0.596291940727321,0.605535428114963,0.538886269006143,0.535370982777913,0.554265059571936,0.535233682571227,0.536854304882459,0.513205024316359,0.538205837811401,0.507023007426525,0.486567095431135,0.473953874073352,0.490761449303391,0.476536056349879,0.482080898958356,0.513708584936924,0.479225656655011,0.466882043833261,0.495367411848236,0.489781632160517,0.452839117869558,0.465128188027101,0.465796572508123,0.459198728426744,0.459966737159348,0.422713640870051,0.44648321782292,0.433269985010918,0.479333352746344,0.447679684956156,0.494949409911498,0.453865260770577,0.456487688475103,0.436360541940035,0.435897948131995,0.462372732887942,0.446991482234981,0.461802327799799,0.50461669306672,0.470375186759132,0.4817092481292,0.472160611076849,0.441534158307682,0.486683931776857,0.490158841168163
"2024-09",0.680373674841507,0.663899116725211,0.641749652934371,0.639578057338706,0.635882383948382,0.626315978718444,0.619160496449113,0.578110495579099,0.572153292585828,0.578549691861226,0.591215268323524,0.570105740892873,0.540559967835099,0.551083669016588,0.580373630430792,0.546818586696178,0.541470223597672,0.562320288923025,0.528122958666775,0.5372225491772,0.512960525215871,0.526569790047102,0.53114178607423,0.540030289663758,0.524574942617706,0.52876831363853,0.523137437915282,0.544434051870322,0.518088285054799,0.505525342353199,0.526393260515499,0.515970272814379,0.482042141367497,0.490974190565308,0.51782191466814,0.500777806015685,0.486297301143271,0.458595998326434,0.447432455081152,0.486031273489774,0.486269106504085,0.467570428336,0.480795395426632,0.489058888079551,0.474280096257319,0.459014230569838,0.425959382294511,0.456970896966726,0.456515041333101,0.464928842439991,0.445734373854509,0.46292272074634,0.455095210365725,0.460466001567477
"2024-12",0.67011003887388,0.64111512508655,0.618055804203104,0.591583780459398,0.562162505956977,0.536824515502856,0.542947391959716,0.512820224522244,0.521638262517294,0.521170666475743,0.552554425990195,0.540638911965706,0.529597326122738,0.53199792028077,0.549472599284543,0.556753289070329,0.557856322354033,0.550234869499838,0.585327132233256,0.585535451820988,0.595791142883152,0.613296674684623,0.577795462121768,0.627680014642371,0.624266009555536,0.642261064146224,0.613931350508422,0.651123989853104,0.660463929477792,0.681835455483065,0.671681204560032,0.686042039832588,0.698112702991616,0.710347639307869,0.724012306036723,0.723427415813097,0.732171530269878,0.752840151717009,0.748974904109019,0.793144909133383,0.771569839752184,0.791906591040901,0.782188786864871,0.816402589481503,0.833490506401916,0.816857731187679,0.852830875385928,0.86362415134563,0.856664803291232,0.834692640860058,0.86820748469618,0.861033974834706,0.892089660290354,0.917762538866975
"2025-03",0.754444109788547,0.764800935533551,0.743072385349311,0.725636985725244,0.734104086841703,0.744410959268772,0.73484417769094,0.733123965074513,0.72727577917296,0.683472443489955,0.700368374160223,0.614421351911208,0.648450479375277,0.676468703284912,0.579113557638457,0.594412324812553,0.593482377955418,0.608853847830345,0.562194125069224,0.536158785516612,0.558868558455736,0.519166443570558,0.533476044023377,0.522495953913016,0.5128133355595,0.522664500386453,0.481039819027869,0.488382425562834,0.434888927693733,0.495831674554698,0.380588428278151,0.452807350452737,0.443380074967821,0.444804851430185,0.393563809096115,0.37029930867755,0.39587121081317,0.403131863601409,0.436273271883458,0.368960267697342,0.375414129413689,0.398475791620201,0.336437998912045,0.377234313809633,0.317350084429137,0.393909695451512,0.350591544106538,0.37506603542799,0.378322748576478,0.377700842233689,0.369897555307028,0.355457400062539,0.402286608244176,0.391292507665004
