"Var","Selected","mean_weight_nonzero","w_bar","Prediction","Hist_mean","Shapley"
"RPI",0.069,0.0510029178881999,0.00295816923751559,0.779011479539671,0.762314808917124,4.93915774045485e-05
"W875RX1",0.066,0.0576458482710072,0.00357404259280245,0.84235328668425,0.771360348297917,0.000253731785580954
"DPCERA3M086SBEA",0.089,0.334486606145633,0.0294348213408157,0.590937983541684,0.76380685442811,-0.00508836432993049
"CMRMTSPLx",0.075,0.363345929226398,0.0272509446919799,0.255754828271582,0.827983886501927,-0.0155937824169789
"RETAILx",0.079,0.118562319094192,0.00829936233659347,0.545930711376985,0.765756818966721,-0.0018244165179302
"INDPRO",0.088,0.473190814621519,0.0411676008720721,1.07659072152386,0.777329841307086,0.0123198524733892
"IPFPNSS",0.088,0.554067495738838,0.0487579396250177,1.22372018573336,0.707608295419284,0.0251645523876873
"IPFINAL",0.078,0.475147501693667,0.0351609151253314,1.37879178115698,0.708226729346659,0.0235776808727163
"IPCONGD",0.088,0.364794942719355,0.0306427751884258,1.38172725751027,0.733184133078883,0.0198731611619502
"IPDCONGD",0.084,0.20304786221373,0.0156346853904572,0.944910085218842,0.813851436719469,0.00204906073698621
"IPNCONGD",0.086,0.155386575500812,0.0111878334360585,1.23832413649692,0.748216166558129,0.0054832463333599
"IPBUSEQ",0.091,0.259568847171759,0.0207655077737407,0.79686904963796,0.780119117385861,0.00034782084839061
"IPMAT",0.081,0.296560237536144,0.0228351382902831,0.902968765045897,0.829195949174023,0.00168461245249785
"IPDMAT",0.069,0.33383696054877,0.0216994024356701,0.697901338127149,0.865978600599201,-0.0036471761586668
"IPNMAT",0.077,0.0699213710493526,0.00377575403666504,0.724277133633411,0.727720224899218,-1.30002657454765e-05
"IPMANSICS",0.083,0.483187979579582,0.0386550383663665,0.881335111710912,0.778155539279685,0.00398841033095439
"IPB51222S",0.09,1.09850813493333e-16,5.3826898611733e-18,0.755347227617609,0.830555705267861,-4.04823910122289e-19
"IPFUELS",0.077,7.33418904372241e-17,2.4202823844284e-18,0.844962368600588,0.824885361388149,4.85920268883082e-20
"CUMFNS",0.076,0.22632078469634,0.0110897184501207,1.01404686052367,0.853122920628773,0.0017846011853185
"CLF16OV",0.084,0.00116338528748835,5.11889526494872e-05,0.692840105680692,0.817198038169062,-6.36575231773531e-06
"CE16OV",0.087,0.141240567364906,0.0101693208502733,0.437054707835993,0.727268212999912,-0.00295127424909433
"UNRATE",0.065,0.255545139116808,0.0166104340425925,1.20603838685234,0.919653454338715,0.00475697803230984
"UEMPMEAN",0.09,0.0494982696883508,0.00257391002379424,0.885130486072461,0.817080175119677,0.000175155377483685
"UEMPLT5",0.073,0.0689190472698843,0.00385946664711352,1.2666946164424,0.871164404194729,0.00152653566209561
"UEMP5TO14",0.087,0.28077728538367,0.0244276238283793,1.35537942929698,0.884807906693159,0.0114949441385137
"UEMP15OV",0.072,0.200753196077936,0.0138519705293776,0.733584197087733,0.890717409972379,-0.00217660463406453
"UEMP15T26",0.073,0.204591998090063,0.0143214398663044,0.55427525375904,0.882219916457411,-0.00469663976631019
"UEMP27OV",0.078,0.0932126873136403,0.00503348511493657,0.821638613268139,0.86182649417348,-0.000202285100337878
"CLAIMSx",0.079,0.126114469545395,0.00781909711181446,1.14613348607293,0.878003796964302,0.00209653207770099
"PAYEMS",0.087,0.437053194402723,0.0371495215242315,0.640634907430848,0.64635974419743,-0.000212674946682836
"USGOOD",0.079,0.224847845648957,0.0166387405780228,0.874835653380379,0.76537623820688,0.00182126681289395
"CES1021000001",0.088,0.0144013145515837,0.000619256525718097,0.911584883847993,0.830960977542349,4.99268801086547e-05
"USCONS",0.088,0.151536500960244,0.0119713835758592,0.727669562008293,0.853645434427145,-0.00150810549002958
"MANEMP",0.096,0.216872833020843,0.0175666994746883,0.859144126211642,0.700888152752699,0.00278003512582749
"DMANEMP",0.089,0.265506826815379,0.0220370666256765,0.839876677149776,0.744060190083449,0.00211151430931892
"NDMANEMP",0.082,0.109134223770534,0.0066571876500026,0.87443434305281,0.631677788143687,0.00161607593929819
"SRVPRD",0.095,0.385576648180305,0.036629781577129,0.479036426307711,0.519262797073963,-0.00147348317480844
"USTPU",0.081,0.250534841470079,0.0192911827931961,0.390977221160549,0.62884410700953,-0.004588733575361
"USWTRADE",0.083,0.2164369970019,0.0155834637841368,0.595636082678452,0.659055918332938,-0.000988300712117579
"USTRADE",0.074,0.231536218535708,0.0159759990789639,0.342070848863552,0.597951241348858,-0.00408794491467017
"USFIRE",0.084,0.260097055935649,0.0215880556426589,0.709976024991166,0.635486457293866,0.00160808493224692
"USGOVT",0.073,0.12151461552094,0.00704784770021453,0.609261970145014,0.720971097846558,-0.000787308918764298
"CES0600000007",0.069,0.0120797532689004,0.000543588897100518,1.08502385473397,1.09315334084778,-4.41909839060136e-06
"AWOTMAN",0.076,0.103442335916545,0.00734440585007471,0.746152367802999,0.838816827753217,-0.00068056540175239
"AWHMAN",0.086,0.0216063059959671,0.00101549638181045,1.05904050079182,1.12290642847752,-6.48556184857948e-05
"HOUST",0.088,0.196578146914556,0.0159228299000791,0.553369041878815,0.65291974955337,-0.00158512898473443
"HOUSTNE",0.081,0.201429870906412,0.0151072403179809,0.295428847267387,0.479341925098128,-0.00277841906440852
"HOUSTMW",0.071,0.310825890074937,0.0220686381953205,0.444037464297908,0.593923294348556,-0.00330777615399304
"HOUSTS",0.072,0.125488161624275,0.00752928969745651,0.677531987841751,0.803414268621402,-0.000947804159766553
"HOUSTW",0.091,0.195955708313312,0.0154805009567517,0.724686883858672,0.706798712528124,0.000276917853397086
"PERMIT",0.09,0.155085702684572,0.0122517705120812,0.68176654652663,0.79661246682233,-0.00140706585971169
"PERMITNE",0.086,0.232332268326277,0.0197482428077335,0.499138843672164,0.512636973867233,-0.00026656435254261
"PERMITMW",0.082,0.260467935016834,0.0208374348013467,0.502268751742352,0.713967625744349,-0.00441126148453513
"PERMITS",0.062,0.0896850472103612,0.00421519721888698,0.799963293203954,0.903404331047961,-0.000436024375038844
"PERMITW",0.072,0.185919455556122,0.012270684066704,0.729886889916287,0.730411028223644,-6.43153557683724e-06
"ACOGNO",0.086,0.0691486609610585,0.00435636564054668,0.697589549654465,0.798140086487207,-0.00043803490379668
"AMDMNOx",0.075,0.1781214973494,0.0131809908038556,0.495387101866673,0.798567118699006,-0.00399621301377978
"ANDENOx",0.088,0.0552647064436379,0.00342641179950555,0.540071838028933,0.740818996119539,-0.000687842431198859
"AMDMUOx",0.066,0.0701909509644198,0.00364992945014983,0.63471112415554,0.772903851353934,-0.000504393704797939
"BUSINVx",0.098,0.0822719987630127,0.00567676791464788,0.517619243736411,0.781365367809536,-0.00149722553475105
"ISRATIOx",0.069,0.0196510507610889,0.000825344131965735,0.752707999475177,0.857800060091765,-8.67371155460883e-05
"M1SL",0.084,8.92068609567475e-17,3.83589502114014e-18,0.746960545119313,0.835780802514805,-3.40705183119753e-19
"M2SL",0.077,0.0337249889308569,0.00155134949081942,0.813804616305491,0.830749818541614,-2.62879308608411e-05
"M2REAL",0.09,4.68336248689479e-17,1.49867599580633e-18,0.776721946574521,0.828150588690834,-7.70748714366323e-20
"AMBSL",0.078,5.25059222280307e-17,1.8902132002091e-18,0.822546748414177,0.843752605026732,-4.00835900907926e-20
"TOTRESNS",0.072,9.52040249808877e-17,3.52254892429285e-18,0.724581703338734,0.83529671339606,-3.89999039580508e-19
"NONBORRES",0.101,6.13313711486909e-17,3.43455678432669e-18,0.729450993799174,0.851667444239334,-4.19759339015577e-19
"BUSLOANS",0.087,1.7070001837728e-16,7.51080080860033e-18,0.798473860509352,0.825412229464279,-2.02328723329041e-19
"REALLN",0.08,0.0206596133147997,0.000826384532591988,0.764388688303441,0.829080469026262,-5.34602869751715e-05
"NONREVSL",0.096,0.0605495257335821,0.0047228630072194,0.661722838712775,0.841087935550154,-0.000847116780639586
"CONSPI",0.073,0.000956538762491619,3.82615504996647e-05,0.744603616428163,0.874970365339998,-4.98803394696726e-06
"S&P 500",0.085,0.0200550939324192,0.00096264450875612,0.783930507604835,0.831025960960853,-4.53361795605505e-05
"FEDFUNDS",0.072,0.0217451051237971,0.000782823784456696,0.794663989616096,0.824186564958233,-2.31109741562398e-05
"CP3Mx",0.074,0.215515400496104,0.0133619548307585,0.784902817143762,0.822687831670433,-0.000504881657384934
"TB3MS",0.092,0.0658047443863154,0.00440891787388313,0.81312498087911,0.821795307349575,-3.82267573480344e-05
"TB6MS",0.088,0.111000198019138,0.00810301445539709,0.822641711097094,0.821482529812747,9.3928627034868e-06
"GS1",0.073,0.141853899258345,0.00822752615698402,0.807302661356268,0.820633156449866,-0.000109676997068125
"GS5",0.084,0.146089212720884,0.0105184233159036,0.683900173947571,0.814843263901263,-0.00137731485042537
"GS10",0.097,0.144317353356115,0.0128442444486943,0.669863245238678,0.812042613851267,-0.0018261865660211
"AAA",0.073,0.0677631843724787,0.00338815921862394,0.686218127437033,0.810383274221183,-0.000420691286708514
"BAA",0.082,0.0135057534404875,0.000540230137619501,0.740060265777842,0.817461252332,-4.18143456180381e-05
"COMPAPFFx",0.101,0.0392798059195505,0.00255318738477078,0.7678744658842,0.8324169455788,-0.000164789044938078
"TB3SMFFM",0.092,0.00206094425649963,0.000103047212824981,0.910590125584965,0.987995165623171,-7.97637363454323e-06
"TB6SMFFM",0.086,1.22407613435179e-16,4.89630453740717e-18,0.895606885403666,0.948104298746368,-2.57043323152011e-19
"T1YFFM",0.086,0.0217067718061931,0.00106363181850346,0.805563475342241,0.862240304577997,-6.02832789470369e-05
"T5YFFM",0.087,0.0209721295453916,0.00117443925454193,0.78417752759945,0.899965996046536,-0.000135986522567547
"T10YFFM",0.09,0.00904059985606921,0.000388745793810976,0.785618316661774,0.924018755948072,-5.380258863414e-05
"AAAFFM",0.077,0.00189716023729903,7.58864094919611e-05,0.77731690510976,0.927937619525982,-1.14300652121612e-05
"BAAFFM",0.073,0.000774894643269338,4.02945214500056e-05,0.751759411637187,0.864749991743367,-4.55290135373704e-06
"TWEXMMTH",0.076,0.036348698135,0.001708388812345,0.693338858353676,0.72980886386037,-6.2304949393797e-05
"EXSZUSx",0.089,0.027853197626793,0.00133695348608606,0.739896395541906,0.82858510158028,-0.000118572674714466
"EXJPUSx",0.075,0.00353172366499259,0.000127142051939733,0.761537411002022,0.821576011051109,-7.63343080582984e-06
"EXUSUKx",0.092,1.54855216012558e-16,6.03935342448976e-18,0.801808691979367,0.822537612941537,-1.25189279798864e-19
"EXCAUSx",0.074,9.22672429307964e-17,3.69068971723186e-18,0.704305646070269,0.824783505950895,-4.44646398615527e-19
"WPSFD49207",0.083,0.00235800034949923,0.000101394015028467,0.630413722637968,0.833205810266097,-2.05619039806207e-05
"WPSFD49502",0.067,0.00961664877829266,0.000355816004796828,0.638337176106574,0.834526724029568,-6.98073811248556e-05
"WPSID61",0.081,0.00314702158335492,0.000151057036001036,0.759371023731936,0.84166817612157,-1.24315639113036e-05
"WPSID62",0.089,0.0908853880284115,0.0055440086697331,0.795985154232937,0.826622902914243,-0.000169855944310267
"OILPRICEx",0.077,8.24362815082126e-17,2.96770613429566e-18,0.768620954849197,0.82867829314376,-1.78232531266242e-19
"PPICMM",0.073,4.40735265955007e-17,1.76294106382003e-18,0.724441162952916,0.831918462559604,-1.89476144905118e-19
"CPIAUCSL",0.068,0.00815597751802003,0.000269147258094661,0.83110143353271,0.829256777072508,4.96484228389983e-07
"CPIAPPSL",0.1,0.000776097584655858,3.8028781648137e-05,0.743831932097283,0.824613638224956,-3.07202986349324e-06
"CPITRNSL",0.085,0.012349294978448,0.00069156051879309,0.764239479830486,0.834119993296123,-4.83266041458228e-05
"CPIMEDSL",0.071,2.32479499644065e-16,6.27694649038975e-18,0.707989924905128,0.82407483055256,-7.28658741090873e-19
"CUSR0000SAC",0.082,0.0151365787333504,0.000802238672867571,0.75434761735329,0.831667837563003,-6.20292708468685e-05
"CUSR0000SAD",0.088,0.0122085906762277,0.00053717798975402,0.674324158243,0.824964424517064,-8.0920635413112e-05
"CUSR0000SAS",0.063,0.00915242475683295,0.000320334866489153,0.891022008382181,0.824898952252205,2.11815203572507e-05
"CPIULFSL",0.079,0.0243789679050423,0.00131646426687228,0.846867989410871,0.829343094475226,2.30708979634674e-05
"CUSR0000SA0L2",0.075,0.0266794993348739,0.00136065446607857,0.815112762211778,0.830468239828926,-2.08934991985416e-05
"CUSR0000SA0L5",0.091,0.00951701076190579,0.000390197441238137,0.817618467350023,0.82872010866631,-4.33183203515868e-06
"PCEPI",0.083,0.0163661242355786,0.000818306211778929,0.869825893122322,0.829954659948189,3.26268777776796e-05
"DDURRG3M086SBEA",0.084,0.00800125597170951,0.000400062798585475,0.702607092120311,0.82584958851576,-4.93047380126238e-05
"DNDGRG3M086SBEA",0.085,0.039795418885618,0.00226833887648022,0.722753677922783,0.832135355647863,-0.000248114711958431
"DSERRG3M086SBEA",0.079,0.0048909481032161,0.000190746976025428,0.859909825626715,0.827847105357168,6.11586693456525e-06
"CES0600000008",0.076,1.06909126273347e-16,4.27636505093389e-18,0.798042851896996,0.82394735865211,-1.10777127349248e-19
"CES2000000008",0.072,0.00546312184690043,0.000174819899100814,0.761257827656281,0.825314474035285,-1.1198376456714e-05
"CES3000000008",0.08,6.392850089512e-17,2.5571400358048e-18,0.839174197010895,0.823198346116955,4.0852487926942e-20
"UMCSENTx",0.089,0.0943977079979934,0.00604145331187158,0.675112067509187,0.745161711588294,-0.000423201654217146
"MZMSL",0.067,0.117908422221573,0.00731032217773755,0.750592577975806,0.827674129546711,-0.000563490975943204
"DTCOLNVHFNM",0.074,0.00375274474793583,0.00013509881092569,0.681200050869646,0.828027268342291,-1.9836182492082e-05
"DTCTHFNM",0.086,0.0206947782738931,0.00103473891369465,0.718788521414426,0.832310038407916,-0.000117465131174813
"INVEST",0.087,0.0563154240585733,0.00332261001945582,0.701373881302625,0.828018369381277,-0.000420790244998983
"VXOCLSx",0.081,0.035240118546577,0.00176200592732885,1.09060814014421,0.807308018069927,0.000499176494307875
