"design","m","m1","T","sigma2_eps","sigma2_f","k","df_eff_avg","pop_opt","pop_opt_Eest_paper","pop_opt_Eest_df","pop_avg","Average","RestrOLS","Shrink","RSM","MSE","Rank","sd_Average","sd_RestrOLS","sd_Shrink","sd_RSM","sd_MSE","sd_Rank"
"Prop2",20,16,100,1,0.75,10,18.9999999601716,1.046875,1.24578125000001,1.24578124958305,1.07477500000002,1.07273801176316,1.29402099646714,1.29398809033261,1.09774241705921,1.07319160009708,1.08736532111447,0.0478199013374354,0.109466685632298,0.109455510736406,0.0533651074252876,0.0477647005387268,0.0533914176520128
"Prop2",20,16,100,1,1,10,18.9999999700209,1.0625,1.26437499999998,1.26437499968147,1.09969999999999,1.09783179392349,1.30882282369055,1.30878976906541,1.11380017181745,1.09821252326148,1.11596660592832,0.0493974120416261,0.104187845713557,0.104177191975597,0.0533835906363177,0.0497637063422407,0.0597562058692544
"Prop2",20,16,100,1,1.2,10,18.9999999750884,1.07500000000002,1.27925000000003,1.2792499997322,1.11963999999999,1.11885427928025,1.32778777223179,1.32775435549218,1.130707912571,1.12006349610118,1.14404185262698,0.0497314737743166,0.108457106572858,0.108446132976256,0.0554260554814191,0.0508854025504447,0.0651921284599684
"Prop2",20,16,300,1,0.75,17,18.9999999885714,1.046875,1.11317708333332,1.11317708329345,1.07477500000002,1.0776285466954,1.12128617758146,1.12127664794426,1.09969588364578,1.07772181745397,1.09211833098479,0.0476900045521114,0.0553577960479239,0.0553560647149805,0.0513897206765764,0.0479539189065712,0.0558256570589586
"Prop2",20,16,300,1,1,17,18.9999999914041,1.0625,1.12979166666665,1.12979166663623,1.09969999999999,1.09905767730956,1.13289316092557,1.13288381901907,1.11158322217929,1.09934232116409,1.11952989320953,0.0492263744973584,0.0571459457607315,0.0571441064190562,0.0531173436923317,0.0492374032155947,0.0596830833551338
"Prop2",20,16,300,1,1.2,17,18.999999992835,1.07500000000002,1.14308333333336,1.14308333330766,1.11963999999999,1.12157437874937,1.14970175067257,1.14969217801857,1.12801954689187,1.1220126361242,1.14664328462944,0.0496517457707515,0.0572969935219723,0.0572950967438324,0.0532260354504023,0.049998905790197,0.0652190636819465
"Prop2",50,40,100,1,0.75,10,48.9999997741328,1.01874999999998,1.51793750000001,1.51793749769898,1.04773,1.04467513242767,2.02997853531827,2.02984476643339,1.0453923760913,1.04533123410705,1.05643665813629,0.0456513912846569,0.308150958994701,0.308111928119204,0.0486848100438974,0.0459915912653896,0.0530700154582193
"Prop2",50,40,100,1,1,10,48.9999998303839,1.02499999999998,1.52725000000002,1.52724999826144,1.06363999999999,1.06312730349455,2.04673806922028,2.04660314932314,1.05553456155194,1.06365692265926,1.07644200770115,0.04743604899572,0.300443794027388,0.300405721857749,0.05084885470654,0.0482568060984851,0.0602742605455636
"Prop2",50,40,100,1,1.2,10,48.9999998587978,1.02999999999998,1.53469999999999,1.53469999854562,1.076368,1.07941459213678,2.05244085146937,2.05230617914434,1.06498559467212,1.07968128598592,1.09366189857538,0.0471948843432536,0.318132932290087,0.318092592902741,0.0507033783245833,0.0485709788126197,0.0655631242114466
"Prop2",50,40,300,1,0.75,17,48.9999999547521,1.01874999999998,1.18514583333331,1.18514583317968,1.04773,1.04829015031372,1.21964200020818,1.2196155044261,1.04106370946039,1.04840193160015,1.05829110716424,0.0487389358112474,0.070063069737024,0.0700586069148695,0.0484729210951432,0.0487905822983181,0.0557684222802679
"Prop2",50,40,300,1,1,17,48.9999999660426,1.02499999999998,1.19241666666667,1.19241666655065,1.06363999999999,1.06227735541663,1.22364484013443,1.22361835332068,1.04551396307381,1.06236418487273,1.07482900514669,0.047462287940582,0.0715905185970224,0.071585793026475,0.0477430416577915,0.0476445525587494,0.0598429089391584
"Prop2",50,40,300,1,1.2,17,48.9999999716965,1.02999999999998,1.19823333333331,1.19823333323616,1.076368,1.07733692437396,1.23135830354509,1.23133183553551,1.05373377671209,1.07777349536102,1.09498407861288,0.0473472981304345,0.0682857964628588,0.068281322465389,0.0468906970014232,0.0479139606628925,0.0672838607193032
"Prop2_smallm1",20,4,100,1,0.75,10,18.9999997653319,1.1875,1.41312500000002,1.41312499721331,1.54299999999997,1.54293426649923,1.46885378744701,1.46881645160412,1.29298785308112,1.54132417070541,1.54851999753976,0.0686603244135439,0.122517801543199,0.122506332363643,0.0720287294141425,0.0699216468468313,0.109819146746316
"Prop2_smallm1",20,4,100,1,1,10,18.9999998236166,1.25,1.48749999999997,1.48749999779521,1.72399999999998,1.72320307051057,1.54069096217513,1.54065244788002,1.37514956798227,1.72193156574091,1.73101974462746,0.0772917580892018,0.130119563178055,0.13010671953818,0.078809685406372,0.0803044060133894,0.140487564545062
"Prop2_smallm1",20,4,100,1,1.2,10,18.9999998535611,1.29999999999998,1.54700000000002,1.5469999980963,1.86879999999998,1.86663564688161,1.61349776553888,1.61345657546784,1.44376497674345,1.86459699391606,1.88042189046056,0.0811495178742278,0.132032219874928,0.132019350568366,0.0828398887294339,0.0849673542695603,0.161954708222884
"Prop2_smallm1",20,4,300,1,0.75,17,18.9999999328375,1.1875,1.26270833333333,1.26270833306748,1.54299999999997,1.54332820697521,1.26874286892807,1.26873223384698,1.24687401559857,1.54313575549053,1.55172163090703,0.0674347916562082,0.0627463726414912,0.0627441929964672,0.0587177909828379,0.0686255748668165,0.114489186457861
"Prop2_smallm1",20,4,300,1,1,17,18.9999999495896,1.25,1.32916666666666,1.32916666645662,1.72399999999998,1.72446373368481,1.33798250179426,1.33797089806029,1.3146523640739,1.72408231724479,1.73629273503822,0.0793951032765556,0.0682555777975402,0.068253786835948,0.0645547790405333,0.0807530603155681,0.145045005059635
"Prop2_smallm1",20,4,300,1,1.2,17,18.9999999580529,1.29999999999998,1.38233333333332,1.38233333315156,1.86879999999998,1.86911901156865,1.38932921107124,1.38931733373851,1.3662909510425,1.86866288791995,1.88764857499814,0.084148102108099,0.0691833518037885,0.0691806523781116,0.0641943643231916,0.0844272787786233,0.159253128144777
"Prop2_smallm1",50,10,100,1,0.75,10,48.9999989839209,1.07500000000002,1.60175000000002,1.60174998907715,1.50232000000003,1.501125016317,2.11303881858745,2.11290121967568,1.19169791592178,1.4991096061519,1.50552172391978,0.0680141948185655,0.327065694185992,0.327024740496396,0.0689499650840448,0.0707057990445142,0.121064665900579
"Prop2_smallm1",50,10,100,1,1,10,48.999999239092,1.10000000000001,1.63899999999997,1.63899999163001,1.66976,1.66972978039281,2.17187230290044,2.17173041431287,1.25119246106359,1.6674257788012,1.6754617872079,0.0749065076158577,0.326470332347362,0.32642860871913,0.0779509097897248,0.0807585479804257,0.153838086884237
"Prop2_smallm1",50,10,100,1,1.2,10,48.9999993654065,1.11999999999999,1.66879999999998,1.66879999289255,1.80371199999997,1.80575194982837,2.22298216637281,2.22283706710496,1.30288537184363,1.80321179991387,1.82072249762752,0.0813568694581574,0.347228284615769,0.347184145998525,0.0871403545221146,0.0900290073695587,0.192393299422077
"Prop2_smallm1",50,10,300,1,0.75,17,48.9999997969122,1.07500000000002,1.25058333333332,1.2505833326056,1.50232000000003,1.50453480689842,1.28242229539863,1.28239533610608,1.12701668415206,1.50419301977124,1.51139980641376,0.0700937347491474,0.0765212380525619,0.0765163517380966,0.0550188030169377,0.0709018635561995,0.121658443942835
"Prop2_smallm1",50,10,300,1,1,17,48.9999998475371,1.10000000000001,1.27966666666666,1.27966666610764,1.66976,1.66750374473029,1.31641032365267,1.31638180748741,1.16097473805927,1.66741854670581,1.68209901370421,0.0745668889432586,0.075123125779809,0.0751179390121792,0.0549226541991905,0.076358423020466,0.157358047483873
"Prop2_smallm1",50,10,300,1,1.2,17,48.9999998729027,1.11999999999999,1.30293333333336,1.30293333285884,1.80371199999997,1.80604494646297,1.34081020867705,1.34078122583946,1.1921329690749,1.80536793671115,1.81901502382088,0.0833964321496415,0.0765463531774614,0.0765417886397511,0.060748099845774,0.0863691230758385,0.186581267593846
"Toeplitz_tridiag",20,NA,100,1,0.75,10,18.999999993178,1.06860672333218,1.27164200076527,1.27164200069239,1.06956249999999,1.06860466627871,1.32099458223992,1.32096102357258,1.12372813471621,1.06915509833049,1.08227735291767,0.0479639115031196,0.107893892702472,0.107882879526962,0.0537437063143482,0.0479561923134409,0.0485445125360239
"Toeplitz_tridiag",20,NA,100,1,1,10,18.9999999948798,1.09147563110957,1.29885600102036,1.2988560009645,1.09275000000002,1.095590250196,1.3514955126902,1.35146157270996,1.15268695348968,1.09646905795274,1.11390981913496,0.0502915344243297,0.112216936139722,0.11220590781045,0.0569513759921737,0.0502668501540652,0.0510614197042747
"Toeplitz_tridiag",20,NA,100,1,1.2,10,18.9999999957314,1.10977075733149,1.32062720122446,1.32062720117709,1.11130000000002,1.11121877892464,1.37303309119952,1.37299823188356,1.1685023515559,1.11222736417286,1.13285464255456,0.0497846038792642,0.11179706272984,0.111786058930061,0.0569245114729916,0.0497974603088282,0.0507975820900189
"Toeplitz_tridiag",20,NA,300,1,0.75,17,18.9999999980472,1.06860672333218,1.13628514914321,1.13628514913626,1.06956249999999,1.07121423486115,1.14227237578975,1.14226283920428,1.12186097280824,1.07140155285282,1.08497890925277,0.048981173391564,0.0576397167033261,0.0576379830546725,0.054467882688428,0.0489903948029929,0.0496405533325151
"Toeplitz_tridiag",20,NA,300,1,1,17,18.9999999985361,1.09147563110957,1.16060242107983,1.16060242107452,1.09275000000002,1.09330523370203,1.16665673356352,1.16664692415665,1.14539526044441,1.09361750824892,1.11205203635128,0.0482712247783749,0.0574240479539907,0.0574221980364329,0.053983227987643,0.0483225376073725,0.0494369575172875
"Toeplitz_tridiag",20,NA,300,1,1.2,17,18.999999998779,1.10977075733149,1.18005623862914,1.18005623862463,1.11130000000002,1.11185158475125,1.18482714337378,1.1848172359078,1.16329019828255,1.11217429250447,1.13331506976861,0.0507230797444901,0.0589529050316564,0.0589511454520788,0.0554224038060505,0.050655848684737,0.0512382833309144
"Toeplitz_tridiag",50,NA,100,1,0.75,10,48.9999999707854,1.0280674335464,1.53182047598413,1.53182047568376,1.02823000000001,1.02711494108159,2.03408376591431,2.03395080222241,1.05063132681825,1.02743136005381,1.03356643927765,0.0468369007063884,0.298124068963262,0.298086697963875,0.0480884846912914,0.046860720265033,0.0471530657676599
"Toeplitz_tridiag",50,NA,100,1,1,10,48.9999999780576,1.03742324472852,1.54576063464545,1.54576063441784,1.03764000000001,1.03732157518925,2.06497945540546,2.06484363567177,1.06064324116486,1.03771625597387,1.04563040039,0.0459493321529564,0.316462356654586,0.316421469098818,0.0466207489084485,0.0459045126082804,0.0460368847311208
"Toeplitz_tridiag",50,NA,100,1,1.2,10,48.999999981665,1.04490789367423,1.55691276157456,1.55691276138299,1.04516799999999,1.04461832399536,2.07055262679363,2.07041698576418,1.06861144355499,1.04514522569209,1.05453300736574,0.0486020012031268,0.317130147072448,0.317090621878636,0.0504042712716852,0.0486155262461745,0.0490150243402359
"Toeplitz_tridiag",50,NA,300,1,0.75,17,48.9999999941354,1.0280674335464,1.19598511435895,1.19598511433886,1.02823000000001,1.02740010070541,1.22909605073662,1.22906937210002,1.05000713701801,1.02751206430613,1.03381271676417,0.0445928179891331,0.0709902805981462,0.0709854767802957,0.0459461436397695,0.0445953684964747,0.0448610008575784
"Toeplitz_tridiag",50,NA,300,1,1,17,48.9999999956066,1.03742324472852,1.20686904136753,1.20686904135231,1.03764000000001,1.03477596337555,1.23762530994151,1.23759841355985,1.05745222545595,1.03488874942724,1.0427861346194,0.0443133479096641,0.0706929459301686,0.0706881637533404,0.0459729025637741,0.0443237987814729,0.0447691655291359
"Toeplitz_tridiag",50,NA,300,1,1.2,17,48.9999999963413,1.04490789367423,1.21557618297434,1.21557618296159,1.04516799999999,1.04273221161914,1.24758311393163,1.24755602580234,1.06593425173593,1.04292092940061,1.05268014741095,0.0460859655665249,0.0711674712425321,0.0711628282996211,0.0475325693028704,0.046118698706614,0.0468099696789203
"RandomSigma_nonneg",20,NA,100,1,0.75,10,18.9900822844907,1.00000234565905,1.19000279133427,1.18990361394743,1.38493395058157,1.38461754359059,1.23776606020977,1.23773444408778,1.36645600295412,1.38493575588378,1.39636506361985,0.0631177903349822,0.098495602621208,0.0984856688139718,0.0878564021644442,0.0631033022684774,0.0640087367593894
"RandomSigma_nonneg",20,NA,100,1,1,10,18.9925061727298,1.00000312007217,1.19000371288589,1.18992877438191,1.5131107876493,1.51620717285052,1.24224098405783,1.2422093493989,1.46845944133684,1.51653256280597,1.5309468800312,0.0697996026903115,0.103966148599016,0.103955801496836,0.104964468944403,0.0698025989642107,0.0711302406658764
"RandomSigma_nonneg",20,NA,100,1,1.2,10,18.9937548952384,1.00000380293795,1.19000452549617,1.18994207421388,1.61543756956876,1.61604570741013,1.23574116475066,1.2357098950826,1.54331572077229,1.61663515419452,1.63449409505943,0.0716795038933719,0.105018988368562,0.105007921730771,0.113302346404027,0.0718216618450117,0.074106714549044
"RandomSigma_nonneg",20,NA,300,1,0.75,17,18.997167358285,1.00000228164731,1.06333575948497,1.06332631732455,1.38497851365985,1.38190620356425,1.06815475131612,1.06814583799086,1.05081183751079,1.38199091729616,1.39352365436284,0.0640285649094151,0.0549745416235526,0.0549732034240201,0.052190231238921,0.0640519978248629,0.0652983252727949
"RandomSigma_nonneg",20,NA,300,1,1,17,18.9978597044761,1.00000299854043,1.06333652178132,1.06332938744177,1.512399092936,1.51499262736734,1.06967375852157,1.06966535776455,1.05277806213358,1.51517569489053,1.53074155008809,0.0679705495591826,0.0531561239902252,0.053154627756395,0.0503430814669635,0.0680055328133878,0.0694230940495847
"RandomSigma_nonneg",20,NA,300,1,1.2,17,18.9982180755452,1.00000369879918,1.0633372663898,1.06333132661989,1.61479710493783,1.61445359812488,1.06678882475989,1.06677976500932,1.04990396423705,1.61459537878365,1.63215346292432,0.0765809046423506,0.0525553183701986,0.0525539469502141,0.0498214575919924,0.0764932305389878,0.0771467832415898
"RandomSigma_nonneg",50,NA,100,1,0.75,10,48.9736185227946,1.00000276377755,1.49000411802855,1.4897403025283,1.37234086890893,1.37433140017816,1.98834028104064,1.9882095681984,1.40913272251255,1.37444789928614,1.3805908989388,0.0639107077808128,0.299271825024326,0.299233697178207,0.0673127428554325,0.0639211816998,0.0643041199942509
"RandomSigma_nonneg",50,NA,100,1,1,10,48.9802416268432,1.00000371046275,1.4900055285895,1.48980794412527,1.496199431295,1.49670083675457,1.97287420984307,1.97274572770876,1.52947786071338,1.49686004701757,1.50468162244886,0.065523875005117,0.297118501193781,0.297081742245906,0.0715714839563898,0.065618160264051,0.0664870111836516
"RandomSigma_nonneg",50,NA,100,1,1.2,10,48.9834890207225,1.00000446379228,1.49000665105049,1.4898415405208,1.59508756914186,1.5919055023667,1.98072982377381,1.98059951850413,1.62328248012885,1.59216885083393,1.60197313480539,0.0738634558161018,0.305586056687035,0.305547152829436,0.080563630215325,0.0739051898624048,0.0746508323135065
"RandomSigma_nonneg",50,NA,300,1,0.75,17,48.9947294808548,1.00000276293545,1.16333654754824,1.16331897910257,1.3720768839382,1.3725186384233,1.1960994947088,1.19607352364571,1.33995026527198,1.37252175066342,1.3785093257848,0.0602441035249089,0.0669323252955821,0.066927912050933,0.0642437201330083,0.0602492844870966,0.0607527823410798
"RandomSigma_nonneg",50,NA,300,1,1,17,48.9960411125419,1.00000367232123,1.16333760546703,1.16332440912709,1.49593970435051,1.49608072264155,1.19404346082164,1.19401775603135,1.43979840619198,1.49617261246505,1.50473405826183,0.0682653572080797,0.0669574729056057,0.0669530427966335,0.0723243871429207,0.0682853705395874,0.0688660608806073
"RandomSigma_nonneg",50,NA,300,1,1.2,17,48.9967012418854,1.00000442962504,1.16333848646379,1.16332749055476,1.59517975618958,1.59496906418588,1.19956995003993,1.19954371756745,1.52054037696712,1.59506718957131,1.60504356974524,0.0703650101757204,0.0704314871589187,0.0704268708839793,0.0787492027624177,0.0704480618040465,0.0717745811531875
"RandomSigma_unconstrained",20,NA,100,1,0.75,10,18.990107434297,1.00000235492154,1.19000280235663,1.18990387647042,1.38428127053739,1.38316587070168,1.23979337689388,1.23976167948389,1.36754763635092,1.38338238476295,1.39463342525709,0.063645143398708,0.0989988051749965,0.098988554124892,0.0885225691851703,0.0636468659652876,0.0647547544046239
"RandomSigma_unconstrained",20,NA,100,1,1,10,18.992538674215,1.00000313912828,1.19000373556265,1.18992912207317,1.51310567282026,1.51036639501364,1.2369733934045,1.23694185078965,1.45634262955877,1.51080544496286,1.5256246872919,0.0714088121270678,0.103496862738326,0.10348664358939,0.100311917512292,0.0713296632681835,0.0720583554640423
"RandomSigma_unconstrained",20,NA,100,1,1.2,10,18.9938138667937,1.00000380139062,1.19000452365483,1.18994266209071,1.61444695184678,1.61919297498353,1.23858165048123,1.23855071347027,1.54854118276213,1.61977621524536,1.63728384295176,0.0762666731401007,0.104118808319122,0.10410887677534,0.111362050722434,0.0763234255193461,0.0782551433842785
"RandomSigma_unconstrained",20,NA,300,1,0.75,17,18.9971503716742,1.00000234650476,1.06333582845006,1.06332632966692,1.38522022513049,1.3878207614628,1.06969757332716,1.06968845870783,1.05211878514947,1.38792017810836,1.3995859827353,0.0647293976681465,0.0548590084542837,0.0548575102405439,0.0525592741750569,0.0647699721222061,0.0658169288909558
"RandomSigma_unconstrained",20,NA,300,1,1,17,18.9978698977626,1.00000310414698,1.06333663407629,1.06332953371367,1.5118786576363,1.50899790385598,1.06600628930021,1.06599729832875,1.04881196623785,1.50910600665898,1.524012529091,0.069239430555969,0.0539726375532412,0.0539708597222168,0.0510165641742533,0.0692274255195053,0.0705839135582399
"RandomSigma_unconstrained",20,NA,300,1,1.2,17,18.9982243194488,1.0000037957639,1.06333736949561,1.06333145053819,1.61531775032563,1.61677826425629,1.06705422463538,1.06704528135264,1.04998638277963,1.61697131039983,1.63482536813015,0.0733218374342412,0.0545356131446233,0.0545336245565158,0.0523356320159037,0.0734174207339289,0.075878469938015
"RandomSigma_unconstrained",50,NA,100,1,0.75,10,48.9736232292519,1.00000275823959,1.49000410977699,1.48974034134231,1.37207624553057,1.37166034230997,1.99502858386037,1.99489769456699,1.41052020553693,1.37189091629684,1.37853604010587,0.0568345564412537,0.310955243999738,0.310916368348835,0.0637571806931856,0.0568363943854983,0.0571340428153703
"RandomSigma_unconstrained",50,NA,100,1,1,10,48.9802873046585,1.00000368405208,1.49000548923759,1.4898083615586,1.49651802192972,1.49461135827365,1.98127550484425,1.9811453143856,1.52866635127376,1.49480001344459,1.50272556676567,0.0637124901865814,0.300570221753543,0.300531117761533,0.0685742619626614,0.0636218313412652,0.063547845344748
"RandomSigma_unconstrained",50,NA,100,1,1.2,10,48.9835247597557,1.00000444489883,1.49000662289925,1.48984186976488,1.59611365311785,1.59479218777483,1.97114873585399,1.97102026631103,1.62657163050026,1.59508924741174,1.6048226266893,0.0716820428041325,0.28935569081751,0.289319918466668,0.0797348101991921,0.0716898623859167,0.0723608947829777
"RandomSigma_unconstrained",50,NA,300,1,0.75,17,48.9947201882659,1.00000278761165,1.16333657625488,1.16331897683343,1.37244714084411,1.37472015723419,1.19919297860605,1.19916690470835,1.3436107724271,1.37481123028639,1.38163888104624,0.0621377097591557,0.069327921173797,0.0693232880452481,0.0669968000756181,0.0621597720017877,0.062776443056866
"RandomSigma_unconstrained",50,NA,300,1,1,17,48.9960436340613,1.00000365924301,1.1633375902527,1.16332440231803,1.495882703742,1.49465487881984,1.19950620920107,1.19947985728264,1.43945556599276,1.49475730001518,1.50337765732656,0.0671274314267102,0.0719627266142412,0.0719578632147748,0.0739089418079073,0.0671598690393029,0.0679756380801043
"RandomSigma_unconstrained",50,NA,300,1,1.2,17,48.9966988049063,1.00000444102929,1.16333849973074,1.16332749569831,1.59561743426486,1.59551801291097,1.19558833233035,1.19556225682863,1.51791918193337,1.59558034459455,1.60520621145371,0.0731055458143119,0.069198183540556,0.0691936643680289,0.0777757412307714,0.073119547578507,0.0738329676831876
