"k","i","tau","sigma2","delta","w_opt","w_bag_mc","w_bag_smallhet_approx","diff_mc","diff_smallhet_approx","diff_approx_error"
1,1,0.0360582221370451,27.7329258275502,-0.711534222903639,0.00576931554192722,0.0188,0.02,0.0130306844580728,0.0142306844580728,-0.0012
1,2,0.0128736634316101,77.6779667506757,-0.897010692547119,0.00205978614905762,0.02,0.02,0.0179402138509424,0.0179402138509424,0
1,3,0.0103307781960861,96.7981289520723,-0.917353774431311,0.00165292451137378,0.0156,0.02,0.0139470754886262,0.0183470754886262,-0.0044
1,4,0.0412633368483211,24.2345887749184,-0.669893305213431,0.00660213389573138,0.0184,0.02,0.0117978661042686,0.0133978661042686,-0.0016
1,5,0.0441113517937389,22.6699014955588,-0.647109185650089,0.00705781628699822,0.02,0.02,0.0129421837130018,0.0129421837130018,3.46944695195361e-18
1,6,0.133702822436264,7.47927367409689,0.0696225794901115,0.0213924515898022,0.016,0.02,-0.00539245158980222,-0.00139245158980223,-0.00399999999999999
1,7,0.236547006535761,4.22748955755152,0.892376052286085,0.0378475210457217,0.0252,0.02,-0.0126475210457217,-0.0178475210457217,0.00520000000000001
1,8,0.0269922768069171,37.0476342975165,-0.784061785544663,0.00431876428910673,0.0192,0.02,0.0148812357108933,0.0156812357108933,-0.000799999999999999
1,9,0.388875441522374,2.57151749178397,2.11100353217899,0.0622200706435798,0.0232,0.02,-0.0390200706435798,-0.0422200706435799,0.00320000000000002
1,10,0.045395165280858,22.0287775980777,-0.636838677753136,0.00726322644493727,0.0204,0.02,0.0131367735550627,0.0127367735550627,0.000400000000000001
1,11,0.234694241613229,4.26086295567481,0.877553932905831,0.0375510786581166,0.0188,0.02,-0.0187510786581166,-0.0175510786581166,-0.00119999999999999
1,12,0.1432700406755,6.97982631459534,0.146160325404001,0.02292320650808,0.0208,0.02,-0.00212320650808001,-0.00292320650808002,0.000800000000000003
1,13,0.190196361809235,5.2577241251491,0.521570894473878,0.0304314178894776,0.0216,0.02,-0.00883141788947756,-0.0104314178894776,0.00160000000000001
1,14,0.0415926668174462,24.0426997477485,-0.66725866546043,0.00665482669079139,0.0168,0.02,0.0101451733092086,0.0133451733092086,-0.0032
1,15,0.698024149690548,1.43261519023851,4.58419319752438,0.111683863950488,0.0216,0.02,-0.0900838639504876,-0.0916838639504877,0.00160000000000002
1,16,0.0550863396162792,18.1533208952675,-0.559309283069767,0.00881381433860466,0.0184,0.02,0.00958618566139534,0.0111861856613953,-0.0016
1,17,0.0726239581731374,13.7695606953283,-0.4190083346149,0.011619833307702,0.0192,0.02,0.00758016669229801,0.00838016669229801,-0.000799999999999999
1,18,0.036704701316109,27.2444663529007,-0.706362389471128,0.00587275221057744,0.0216,0.02,0.0157272477894226,0.0141272477894226,0.0016
1,19,0.114330365049259,8.74658276101153,-0.0853570796059316,0.0182928584078814,0.0192,0.02,0.000907141592118636,0.00170714159211863,-0.000799999999999997
1,20,0.0311479260061113,32.1048663016536,-0.75081659195111,0.0049836681609778,0.022,0.02,0.0170163318390222,0.0150163318390222,0.002
1,21,0.0235856332309685,42.3986920430432,-0.811314934152252,0.00377370131695496,0.016,0.02,0.012226298683045,0.016226298683045,-0.004
1,22,0.167185515849697,5.98137939711845,0.33748412679758,0.0267496825359516,0.0212,0.02,-0.00554968253595159,-0.0067496825359516,0.00120000000000001
1,23,0.0127891711920628,78.1911497611836,-0.897686630463497,0.00204626739073005,0.018,0.02,0.0159537326092699,0.0179537326092699,-0.002
1,24,0.0136486513706151,73.2673121208847,-0.890810789035079,0.00218378421929842,0.0168,0.02,0.0146162157807016,0.0178162157807016,-0.0032
1,25,0.306466797654789,3.26299621248505,1.45173438123831,0.0490346876247662,0.0228,0.02,-0.0262346876247662,-0.0290346876247662,0.00280000000000002
1,26,0.15645159535298,6.39175329432621,0.251612762823838,0.0250322552564767,0.02,0.02,-0.00503225525647675,-0.00503225525647676,7.80625564189563e-18
1,27,0.0772600965386743,12.9432921365744,-0.381919227690605,0.0123616154461879,0.0176,0.02,0.00523838455381211,0.0076383845538121,-0.0024
1,28,1.41962479209322,0.704411479406128,10.3569983367457,0.227139966734915,0.0172,0.0199999999999999,-0.209939966734915,-0.207139966734915,-0.00279999999999994
1,29,0.0225582358937027,44.329707549479,-0.819534112850379,0.00360931774299243,0.0268,0.02,0.0231906822570076,0.0163906822570076,0.0068
1,30,0.0105560714619965,94.7322120355246,-0.915551428304028,0.00168897143391944,0.0216,0.02,0.0199110285660806,0.0183110285660806,0.0016
1,31,0.044810029190486,22.3164326840546,-0.641519766476112,0.00716960467047775,0.0224,0.02,0.0152303953295222,0.0128303953295222,0.0024
1,32,0.030879325403323,32.3841271445777,-0.752965396773416,0.00494069206453167,0.0232,0.02,0.0182593079354683,0.0150593079354683,0.0032
1,33,0.0962211426356113,10.392726303272,-0.23023085891511,0.0153953828216978,0.0228,0.02,0.0074046171783022,0.0046046171783022,0.0028
1,34,0.0703503316596475,14.2145740667999,-0.43719734672282,0.0112560530655436,0.018,0.02,0.0067439469344564,0.0087439469344564,-0.002
1,35,0.0310321938325446,32.2245989244648,-0.751742449339643,0.00496515101320713,0.0212,0.02,0.0162348489867929,0.0150348489867929,0.0012
1,36,0.0138244486683172,72.3356152561656,-0.889404410653463,0.00221191178693074,0.0176,0.02,0.0153880882130693,0.0177880882130693,-0.0024
1,37,0.203776052956239,4.90734797093529,0.630208423649908,0.0326041684729982,0.0156,0.02,-0.0170041684729982,-0.0126041684729982,-0.00439999999999999
1,38,0.0441427716416209,22.6537655614069,-0.646857826867033,0.00706284346265934,0.0204,0.02,0.0133371565373407,0.0129371565373407,0.000400000000000003
1,39,0.102833288625842,9.72447748548132,-0.177333690993266,0.0164533261801347,0.0156,0.02,-0.000853326180134673,0.00354667381986533,-0.0044
1,40,0.0315213603735866,31.7245191244333,-0.747829117011308,0.00504341765977385,0.02,0.02,0.0149565823402262,0.0149565823402262,0
1,41,0.0678027508852947,14.7486641315151,-0.457577992917642,0.0108484401416472,0.0212,0.02,0.0103515598583528,0.00915155985835284,0.0012
1,42,0.0313366276882921,31.9115384701595,-0.749306978493663,0.00501386043012674,0.0192,0.02,0.0141861395698733,0.0149861395698733,-8e-04
1,43,0.052722042744646,18.9673986048568,-0.578223658042832,0.00843552683914335,0.0224,0.02,0.0139644731608566,0.0115644731608566,0.0024
1,44,0.019829120944391,50.4308790492735,-0.841367032444872,0.00317265935110256,0.02,0.02,0.0168273406488974,0.0168273406488974,3.46944695195361e-18
1,45,0.123844274182073,8.07465671388107,-0.00924580654341911,0.0198150838691316,0.02,0.02,0.000184916130868389,0.000184916130868382,7.07441917546792e-18
1,46,0.0213123864483666,46.9210711068277,-0.829500908413067,0.00340998183173865,0.018,0.02,0.0145900181682613,0.0165900181682613,-0.002
1,47,0.157428926659767,6.35207278114258,0.259431413278139,0.0251886282655628,0.0244,0.02,-0.000788628265562762,-0.00518862826556277,0.00440000000000001
1,48,0.00923508217231436,108.282739811225,-0.926119342621485,0.0014776131475703,0.0196,0.02,0.0181223868524297,0.0185223868524297,-0.000399999999999998
1,49,0.00631206870934977,158.426665812232,-0.949503450325202,0.00100993099349596,0.02,0.02,0.018990069006504,0.018990069006504,0
1,50,0.286838398183756,3.48628358801311,1.29470718547005,0.045894143709401,0.0236,0.02,-0.022294143709401,-0.025894143709401,0.00360000000000002
3,1,0.0360582221370451,27.7329258275502,-0.711534222903639,0.00576931554192722,0.0130345662417104,0.0103192622734199,0.00726525069978321,0.00454994673149266,0.00271530396829055
3,2,0.0128736634316101,77.6779667506757,-0.897010692547119,0.00205978614905762,0.00682151223389007,0.00779577289051539,0.00476172608483245,0.00573598674145777,-0.000974260656625316
3,3,0.0103307781960861,96.7981289520723,-0.917353774431311,0.00165292451137378,0.00418647793870272,0.00751899626624066,0.00253355342732895,0.00586607175486689,-0.00333251832753794
3,4,0.0412633368483211,24.2345887749184,-0.669893305213431,0.00660213389573138,0.013982722415022,0.0108858053712458,0.00738058851929066,0.00428367147551446,0.0030969170437762
3,5,0.0441113517937389,22.6699014955588,-0.647109185650089,0.00705781628699822,0.0152480902911887,0.0111957933925158,0.00819027400419053,0.00413797710551758,0.00405229689867296
3,6,0.133702822436264,7.47927367409689,0.0696225794901115,0.0213924515898022,0.0277878280743472,0.0209472459794573,0.00639537648454495,-0.000445205610344931,0.00684058209488988
3,7,0.236547006535761,4.22748955755152,0.892376052286085,0.0378475210457217,0.0338845798164478,0.0321411707794025,-0.00396294122927392,-0.00570635026631918,0.00174340903704526
3,8,0.0269922768069171,37.0476342975165,-0.784061785544663,0.00431876428910673,0.0104888355907803,0.00933249271367805,0.00617007130167356,0.00501372842457132,0.00115634287710225
3,9,0.388875441522374,2.57151749178397,2.11100353217899,0.0622200706435798,0.0468017883409892,0.0487211364922312,-0.0154182823025906,-0.0134989341513487,-0.00191934815124194
3,10,0.045395165280858,22.0287775980777,-0.636838677753136,0.00726322644493727,0.0165169625079535,0.0113355281938349,0.00925373606301622,0.00407230174889761,0.00518143431411861
3,11,0.234694241613229,4.26086295567481,0.877553932905831,0.0375510786581166,0.0312179476069073,0.0319395092912358,-0.00633313105120929,-0.00561156936688083,-0.000721561684328467
3,12,0.1432700406755,6.97982631459534,0.146160325404001,0.02292320650808,0.0292091403669891,0.0219885758558367,0.00628593385890912,-0.000934630652243271,0.00722056451115239
3,13,0.190196361809235,5.2577241251491,0.521570894473878,0.0304314178894776,0.0318897761155385,0.0270962026459031,0.00145835822606098,-0.00333521524357446,0.00479357346963544
3,14,0.0415926668174462,24.0426997477485,-0.66725866546043,0.00665482669079139,0.0144199466215167,0.0109216508100622,0.00776511993072529,0.00426682411927078,0.00349829581145451
3,15,0.698024149690548,1.43261519023851,4.58419319752438,0.111683863950488,0.0456531595729224,0.0823699754765222,-0.0660307043775652,-0.0293138884739654,-0.0367168159035998
3,16,0.0550863396162792,18.1533208952675,-0.559309283069767,0.00881381433860466,0.0198563928543983,0.0123903498902073,0.0110425785157936,0.00357653555160259,0.00746604296419102
3,17,0.0726239581731374,13.7695606953283,-0.4190083346149,0.011619833307702,0.0214748031724042,0.0142992063317701,0.00985496986470222,0.00267937302406807,0.00717559684063415
3,18,0.036704701316109,27.2444663529007,-0.706362389471128,0.00587275221057744,0.0133480472753061,0.0103896273541343,0.00747529506472867,0.00451687514355687,0.00295841992117179
3,19,0.114330365049259,8.74658276101153,-0.0853570796059316,0.0182928584078814,0.0291619536092412,0.0188386791890349,0.0108690952013599,0.000545820781153577,0.0103232744202063
3,20,0.0311479260061113,32.1048663016536,-0.75081659195111,0.0049836681609778,0.0125924318919964,0.00978480827277401,0.00760876373101862,0.00480114011179621,0.00280762361922241
3,21,0.0235856332309685,42.3986920430432,-0.811314934152252,0.00377370131695496,0.00929030243357514,0.00896170157615983,0.00551660111662018,0.00518800025920488,0.000328600857415302
3,22,0.167185515849697,5.98137939711845,0.33748412679758,0.0267496825359516,0.0313014775315694,0.0245916207727562,0.00455179499561776,-0.00215806176319541,0.00670985675881317
3,23,0.0127891711920628,78.1911497611836,-0.897686630463497,0.00204626739073005,0.00626673638922644,0.00778657645627895,0.00422046899849639,0.0057403090655489,-0.0015198400670525
3,24,0.0136486513706151,73.2673121208847,-0.890810789035079,0.00218378421929842,0.00594727246641064,0.00788012531925063,0.00376348824711222,0.00569634109995221,-0.00193285285283999
3,25,0.306466797654789,3.26299621248505,1.45173438123831,0.0490346876247662,0.0428066479261655,0.0397514881801131,-0.00622803969860072,-0.00928319944465315,0.00305515974605244
3,26,0.15645159535298,6.39175329432621,0.251612762823838,0.0250322552564767,0.0307453036074544,0.0234233028955624,0.00571304835097768,-0.00160895236091434,0.00732200071189202
3,27,0.0772600965386743,12.9432921365744,-0.381919227690605,0.0123616154461879,0.0211723320849204,0.0148038200314203,0.0088107166387325,0.00244220458523244,0.00636851205350006
3,28,1.41962479209322,0.704411479406128,10.3569983367457,0.227139966734915,0.0570472328286123,0.160911541996541,-0.170092733906302,-0.0662284247383741,-0.103864309167928
3,29,0.0225582358937027,44.329707549479,-0.819534112850379,0.00360931774299243,0.00893733335912269,0.00884987601564111,0.00532801561613026,0.00524055827264868,8.745734348158e-05
3,30,0.0105560714619965,94.7322120355246,-0.915551428304028,0.00168897143391944,0.00521366339084272,0.00754351798225812,0.00352469195692328,0.00585454654833868,-0.0023298545914154
3,31,0.044810029190486,22.3164326840546,-0.641519766476112,0.00716960467047775,0.0167803211966188,0.0112718399118896,0.00961071652614103,0.00410223524141187,0.00550848128472916
3,32,0.030879325403323,32.3841271445777,-0.752965396773416,0.00494069206453167,0.00982236366762596,0.00975557283301474,0.00488167160309429,0.00481488076848307,6.67908346112167e-05
3,33,0.0962211426356113,10.392726303272,-0.23023085891511,0.0153953828216978,0.0242933484336242,0.0168676073616992,0.00889796561192638,0.00147222454000138,0.007425741071925
3,34,0.0703503316596475,14.2145740667999,-0.43719734672282,0.0112560530655436,0.0175101618765737,0.0140517367792814,0.00625410881103014,0.00279568371373776,0.00345842509729238
3,35,0.0310321938325446,32.2245989244648,-0.751742449339643,0.00496515101320713,0.0111517981975281,0.00977221157361029,0.00618664718432098,0.00480706056040316,0.00137958662391782
3,36,0.0138244486683172,72.3356152561656,-0.889404410653463,0.00221191178693074,0.00594270155035742,0.0078992597190005,0.00373078976342668,0.00568734793206976,-0.00195655816864308
3,37,0.203776052956239,4.90734797093529,0.630208423649908,0.0326041684729982,0.0352812562079566,0.0285742642673457,0.00267708773495842,-0.00402990420565248,0.00670699194061089
3,38,0.0441427716416209,22.6537655614069,-0.646857826867033,0.00706284346265934,0.0160776781424481,0.0111992132399043,0.00901483467978875,0.00413636977724497,0.00487846490254378
3,39,0.102833288625842,9.72447748548132,-0.177333690993266,0.0164533261801347,0.0258818922489173,0.01758729672118,0.00942856606878259,0.00113397054104538,0.00829459552773721
3,40,0.0315213603735866,31.7245191244333,-0.747829117011308,0.00504341765977385,0.0122457760612351,0.00982545419032235,0.00720235840146123,0.0047820365305485,0.00242032187091273
3,41,0.0678027508852947,14.7486641315151,-0.457577992917642,0.0108484401416472,0.0186527566053299,0.0137744490759504,0.00780431646368275,0.00292600893430329,0.00487830752937946
3,42,0.0313366276882921,31.9115384701595,-0.749306978493663,0.00501386043012674,0.013046123600047,0.00980534723137873,0.00803226316992023,0.00479148680125199,0.00324077636866824
3,43,0.052722042744646,18.9673986048568,-0.578223658042832,0.00843552683914335,0.0166025326876909,0.0121330114551996,0.00816700584854756,0.00369748461605621,0.00446952123249136
3,44,0.019829120944391,50.4308790492735,-0.841367032444872,0.00317265935110256,0.010218294767508,0.00855282949054596,0.00704563541640543,0.0053801701394434,0.00166546527696203
3,45,0.123844274182073,8.07465671388107,-0.00924580654341911,0.0198150838691316,0.0246212647972777,0.019874206713695,0.00480618092814606,5.91228445633603e-05,0.0047470580835827
3,46,0.0213123864483666,46.9210711068277,-0.829500908413067,0.00340998183173865,0.00912775111646363,0.00871427335492425,0.00571776928472498,0.0053042915231856,0.000413477761539376
3,47,0.157428926659767,6.35207278114258,0.259431413278139,0.0251886282655628,0.0335611308914638,0.0235296790922196,0.008372502625901,-0.0016589491733432,0.0100314517992442
3,48,0.00923508217231436,108.282739811225,-0.926119342621485,0.0014776131475703,0.00468302603254278,0.00739973683508183,0.00320541288497248,0.00592212368751154,-0.00271671080253905
3,49,0.00631206870934977,158.426665812232,-0.949503450325202,0.00100993099349596,0.00317571038077527,0.0070815857098612,0.00216577938727931,0.00607165471636524,-0.00390587532908593
3,50,0.286838398183756,3.48628358801311,1.29470718547005,0.045894143709401,0.035018846981864,0.0376150637478918,-0.010875296727537,-0.00827907996150916,-0.0025962167660278
5,1,0.0360582221370451,27.7329258275502,-0.711534222903639,0.00576931554192722,0.00936275765424784,0.00838311472810385,0.00359344211232062,0.00261379918617663,0.000979642926143982
5,2,0.0128736634316101,77.6779667506757,-0.897010692547119,0.00205978614905762,0.00390835788184153,0.00535492746861846,0.00184857173278391,0.00329514131956085,-0.00144656958677694
5,3,0.0103307781960861,96.7981289520723,-0.917353774431311,0.00165292451137378,0.00295554755820113,0.0050227955194888,0.00130262304682735,0.00336987100811502,-0.00206724796128767
5,4,0.0412633368483211,24.2345887749184,-0.669893305213431,0.00660213389573138,0.0114564731262957,0.009062966445495,0.00485433923056434,0.00246083254976362,0.00239350668080072
5,5,0.0441113517937389,22.6699014955588,-0.647109185650089,0.00705781628699822,0.011797260983271,0.00943495207101895,0.00473944469627279,0.00237713578402074,0.00236230891225205
5,6,0.133702822436264,7.47927367409689,0.0696225794901115,0.0213924515898022,0.0292857347640648,0.0211366951753488,0.00789328317426255,-0.000255756414453471,0.00814903958871602
5,7,0.236547006535761,4.22748955755152,0.892376052286085,0.0378475210457217,0.0373494932442069,0.034569404935283,-0.000498027801514804,-0.00327811611043868,0.00278008830892387
5,8,0.0269922768069171,37.0476342975165,-0.784061785544663,0.00431876428910673,0.00874438225558202,0.00719899125641366,0.00442561796647529,0.00288022696730693,0.00154539099916836
5,9,0.388875441522374,2.57151749178397,2.11100353217899,0.0622200706435798,0.050902459775699,0.0544653637906774,-0.0113176108678808,-0.00775470685290242,-0.0035629040149784
5,10,0.045395165280858,22.0287775980777,-0.636838677753136,0.00726322644493727,0.012732524338214,0.00960263383260185,0.00546929789327673,0.00233940738766458,0.00312989050561215
5,11,0.234694241613229,4.26086295567481,0.877553932905831,0.0375510786581166,0.0388064304614977,0.034327411149483,0.00125535180338107,-0.00322366750863367,0.00447901931201474
5,12,0.1432700406755,6.97982631459534,0.146160325404001,0.02292320650808,0.0301831363158984,0.0223862910270041,0.00725992980781839,-0.000536915481075922,0.00779684528889431
5,13,0.190196361809235,5.2577241251491,0.521570894473878,0.0304314178894776,0.0348509498794462,0.0285154431750837,0.00441953198996868,-0.00191597471439384,0.00633550670436252
5,14,0.0415926668174462,24.0426997477485,-0.66725866546043,0.00665482669079139,0.0111769635078617,0.0091059809720746,0.0045221368170703,0.00245115428128321,0.00207098253578709
5,15,0.698024149690548,1.43261519023851,4.58419319752438,0.111683863950488,0.0721406926968874,0.0948439705718266,-0.0395431712536003,-0.016839893378661,-0.0227032778749393
5,16,0.0550863396162792,18.1533208952675,-0.559309283069767,0.00881381433860466,0.0140370568693879,0.0108684198682487,0.00522324253078323,0.00205460552964404,0.00316863700113919
5,17,0.0726239581731374,13.7695606953283,-0.4190083346149,0.011619833307702,0.0190499068832087,0.0131590475981241,0.00743007357550668,0.00153921429042208,0.0058908592850846
5,18,0.036704701316109,27.2444663529007,-0.706362389471128,0.00587275221057744,0.00810244650487522,0.00846755282496117,0.00222969429429778,0.00259480061438374,-0.000365106320085956
5,19,0.114330365049259,8.74658276101153,-0.0853570796059316,0.0182928584078814,0.0250167562122641,0.0186064150268419,0.00672389780438273,0.000313556618960565,0.00641034118542216
5,20,0.0311479260061113,32.1048663016536,-0.75081659195111,0.0049836681609778,0.00885723238761077,0.00774176992732882,0.00387356422663297,0.00275810176635102,0.00111546246028195
5,21,0.0235856332309685,42.3986920430432,-0.811314934152252,0.00377370131695496,0.0063881966890412,0.0067540418913918,0.00261449537208624,0.00298034057443684,-0.000365845202350601
5,22,0.167185515849697,5.98137939711845,0.33748412679758,0.0267496825359516,0.0356199474206649,0.0255099449273074,0.00887026488471335,-0.00123973760864417,0.0101100024933575
5,23,0.0127891711920628,78.1911497611836,-0.897686630463497,0.00204626739073005,0.00375320177822142,0.00534389174753474,0.00170693438749136,0.00329762435680468,-0.00159068996931332
5,24,0.0136486513706151,73.2673121208847,-0.890810789035079,0.00218378421929842,0.00367899565264976,0.00545615038310075,0.00149521143335134,0.00327236616380233,-0.001777154730451
5,25,0.306466797654789,3.26299621248505,1.45173438123831,0.0490346876247662,0.048189157686282,0.0437017858161357,-0.000845529938484184,-0.00533290180863053,0.00448737187014635
5,26,0.15645159535298,6.39175329432621,0.251612762823838,0.0250322552564767,0.0343128275027597,0.0241079634746749,0.00928057224628294,-0.000924291781801853,0.0102048640280848
5,27,0.0772600965386743,12.9432921365744,-0.381919227690605,0.0123616154461879,0.0188344412822724,0.0137645840377044,0.00647282583608455,0.00140296859151651,0.00506985724456804
5,28,1.41962479209322,0.704411479406128,10.3569983367457,0.227139966734915,0.0765739799078476,0.189093850395849,-0.150565986827067,-0.038046116339066,-0.112519870488001
5,29,0.0225582358937027,44.329707549479,-0.819534112850379,0.00360931774299243,0.00621559694449075,0.00661985121876933,0.00260627920149833,0.0030105334757769,-0.000404254274278575
5,30,0.0105560714619965,94.7322120355246,-0.915551428304028,0.00168897143391944,0.00299165083393002,0.00505222157870974,0.00130267940001058,0.00336325014479031,-0.00206057074477972
5,31,0.044810029190486,22.3164326840546,-0.641519766476112,0.00716960467047775,0.0117309543728719,0.00952620789426755,0.00456134970239417,0.0023566032237898,0.00220474647860437
5,32,0.030879325403323,32.3841271445777,-0.752965396773416,0.00494069206453167,0.00902303397344467,0.00770668739961769,0.004082341908913,0.00276599533508602,0.00131634657382698
5,33,0.0962211426356113,10.392726303272,-0.23023085891511,0.0153953828216978,0.0247514981499363,0.016241128834039,0.00935611532823852,0.00084574601234122,0.0085103693158973
5,34,0.0703503316596475,14.2145740667999,-0.43719734672282,0.0112560530655436,0.0172780942006163,0.0128620841351376,0.00602204113507275,0.00160603106959403,0.00441601006547871
5,35,0.0310321938325446,32.2245989244648,-0.751742449339643,0.00496515101320713,0.00850192998513133,0.00772665388833235,0.0035367789719242,0.00276150287512522,0.000775276096798978
5,36,0.0138244486683172,72.3356152561656,-0.889404410653463,0.00221191178693074,0.00429413073200651,0.00547911166280061,0.00208221894507577,0.00326719987586986,-0.00118498093079409
5,37,0.203776052956239,4.90734797093529,0.630208423649908,0.0326041684729982,0.0396565344606766,0.0302891171208148,0.00705236598767844,-0.00231505135218334,0.00936741733986178
5,38,0.0441427716416209,22.6537655614069,-0.646857826867033,0.00706284346265934,0.0124098383797938,0.00943905588788517,0.00534699491713449,0.00237621242522584,0.00297078249190865
5,39,0.102833288625842,9.72447748548132,-0.177333690993266,0.0164533261801347,0.0248351475525339,0.0171047560654161,0.00838182137239922,0.000651429885281386,0.00773039148711783
5,40,0.0315213603735866,31.7245191244333,-0.747829117011308,0.00504341765977385,0.00869282732297795,0.00779054502838681,0.0036494096632041,0.00274712736861297,0.000902282294591134
5,41,0.0678027508852947,14.7486641315151,-0.457577992917642,0.0108484401416472,0.0166723223499667,0.0125293388911405,0.00582388220831953,0.00168089874949338,0.00414298345882615
5,42,0.0313366276882921,31.9115384701595,-0.749306978493663,0.00501386043012674,0.00844087219226821,0.00776641667765448,0.00342701176214147,0.00275255624752774,0.000674455514613726
5,43,0.052722042744646,18.9673986048568,-0.578223658042832,0.00843552683914335,0.0134871777495586,0.0105596137462395,0.00505165091041528,0.00212408690709612,0.00292756400331916
5,44,0.019829120944391,50.4308790492735,-0.841367032444872,0.00317265935110256,0.00616269643142879,0.00626339538865515,0.00299003708032622,0.00309073603755259,-0.000100698957226368
5,45,0.123844274182073,8.07465671388107,-0.00924580654341911,0.0198150838691316,0.0290319733287466,0.019849048056434,0.00921688945961504,3.39641873023559e-05,0.00918292527231268
5,46,0.0213123864483666,46.9210711068277,-0.829500908413067,0.00340998183173865,0.00612912962625859,0.0064571280259091,0.00271914779451994,0.00304714619417045,-0.000327998399650515
5,47,0.157428926659767,6.35207278114258,0.259431413278139,0.0251886282655628,0.0324132824878564,0.0242356149106635,0.00722465422229365,-0.000953013354899284,0.00817766757719293
5,48,0.00923508217231436,108.282739811225,-0.926119342621485,0.0014776131475703,0.00268702841925101,0.0048796842020982,0.00120941527168072,0.0034020710545279,-0.00219265578284719
5,49,0.00631206870934977,158.426665812232,-0.949503450325202,0.00100993099349596,0.0019470982622476,0.00449790285183344,0.000937167268751643,0.00348797185833748,-0.00255080458958583
5,50,0.286838398183756,3.48628358801311,1.29470718547005,0.045894143709401,0.0445798710237063,0.0411380764974702,-0.00131427268569469,-0.0047560672119308,0.00344179452623611
9,1,0.0360582221370451,27.7329258275502,-0.711534222903639,0.00576931554192722,0.0079777328679019,0.00709234969789317,0.00220841732597468,0.00132303415596595,0.000885383170008732
9,2,0.0128736634316101,77.6779667506757,-0.897010692547119,0.00205978614905762,0.00291613282177378,0.00372769718735385,0.000856346672716162,0.00166791103829623,-0.000811564365580068
9,3,0.0103307781960861,96.7981289520723,-0.917353774431311,0.00165292451137378,0.00246602705084465,0.00335866168832089,0.000813102539470872,0.00170573717694711,-0.000892634637476238
9,4,0.0412633368483211,24.2345887749184,-0.669893305213431,0.00660213389573138,0.00902374518938777,0.00784774049499445,0.0024216112936564,0.00124560659926307,0.00117600469439333
9,5,0.0441113517937389,22.6699014955588,-0.647109185650089,0.00705781628699822,0.00971008663231115,0.00826105785668772,0.00265227034531294,0.00120324156968951,0.00144902877562343
9,6,0.133702822436264,7.47927367409689,0.0696225794901115,0.0213924515898022,0.0254561936967338,0.0212629946392764,0.0040637421069316,-0.000129456950525831,0.00419319905745743
9,7,0.236547006535761,4.22748955755152,0.892376052286085,0.0378475210457217,0.0401875620429701,0.03618822770587,0.00234004099724841,-0.00165929333985168,0.00399933433710009
9,8,0.0269922768069171,37.0476342975165,-0.784061785544663,0.00431876428910673,0.00620067059594323,0.00577665695157073,0.0018819063068365,0.001457892662464,0.000424013644372499
9,9,0.388875441522374,2.57151749178397,2.11100353217899,0.0622200706435798,0.0603106328196467,0.0582948486563082,-0.00190943782393313,-0.0039252219872716,0.00201578416333847
9,10,0.045395165280858,22.0287775980777,-0.636838677753136,0.00726322644493727,0.00970930373326192,0.00844737092511317,0.00244607728832465,0.0011841444801759,0.00126193280814875
9,11,0.234694241613229,4.26086295567481,0.877553932905831,0.0375510786581166,0.0382068642105576,0.0359193457216477,0.000655785552441016,-0.00163173293646889,0.00228751848890991
9,12,0.1432700406755,6.97982631459534,0.146160325404001,0.02292320650808,0.0248969488064893,0.022651434474449,0.00197374229840927,-0.000271772033631022,0.00224551433204029
9,13,0.190196361809235,5.2577241251491,0.521570894473878,0.0304314178894776,0.0357896099204827,0.0294616035278708,0.00535819203100513,-0.000969814361606758,0.00632800639261189
9,14,0.0415926668174462,24.0426997477485,-0.66725866546043,0.00665482669079139,0.0085711733951108,0.00789553441341623,0.00191634670431941,0.00124070772262484,0.000675638981694571
9,15,0.698024149690548,1.43261519023851,4.58419319752438,0.111683863950488,0.0839309193256875,0.10315996730203,-0.0277529446248002,-0.00852389664845804,-0.0192290479763421
9,16,0.0550863396162792,18.1533208952675,-0.559309283069767,0.00881381433860466,0.0125071448713715,0.00985379985360967,0.00369333053276685,0.00103998551500501,0.00265334501776184
9,17,0.0726239581731374,13.7695606953283,-0.4190083346149,0.011619833307702,0.0158978948361,0.0123989417756934,0.00427806152839799,0.000779108467991425,0.00349895306040657
9,18,0.036704701316109,27.2444663529007,-0.706362389471128,0.00587275221057744,0.00815071524395578,0.00718616980551241,0.00227796303337834,0.00131341759493498,0.000964545438443366
9,19,0.114330365049259,8.74658276101153,-0.0853570796059316,0.0182928584078814,0.0231437914692495,0.0184515722520466,0.00485093306136812,0.000158713844165224,0.00469221921720289
9,20,0.0311479260061113,32.1048663016536,-0.75081659195111,0.0049836681609778,0.00716262164700806,0.00637974436369869,0.00217895348603026,0.00139607620272088,0.000782877283309371
9,21,0.0235856332309685,42.3986920430432,-0.811314934152252,0.00377370131695496,0.00491301297032638,0.00528226876821311,0.00113931165337142,0.00150856745125816,-0.000369255797886736
9,22,0.167185515849697,5.98137939711845,0.33748412679758,0.0267496825359516,0.0322841341395175,0.0261221610303416,0.00553445160356592,-0.000627521505610013,0.00616197310917593
9,23,0.0127891711920628,78.1911497611836,-0.897686630463497,0.00204626739073005,0.00289928990539992,0.0037154352750386,0.00085302251466987,0.00166916788430854,-0.000816145369638674
9,24,0.0136486513706151,73.2673121208847,-0.890810789035079,0.00218378421929842,0.00311674487213955,0.00384016709233417,0.000932960652841129,0.00165638287303575,-0.000723422220194619
9,25,0.306466797654789,3.26299621248505,1.45173438123831,0.0490346876247662,0.0538018520132206,0.0463353175734841,0.00476716438845434,-0.00269937005128212,0.00746653443973646
9,26,0.15645159535298,6.39175329432621,0.251612762823838,0.0250322552564767,0.0296237421911952,0.0245644038607499,0.00459148693471842,-0.000467851395726864,0.00505933833044528
9,27,0.0772600965386743,12.9432921365744,-0.381919227690605,0.0123616154461879,0.0177980007164009,0.0130717600418938,0.00543638527021304,0.000710144595705887,0.00472624067450715
9,28,1.41962479209322,0.704411479406128,10.3569983367457,0.227139966734915,0.121836968340886,0.207882055995388,-0.105302998394028,-0.0192579107395272,-0.0860450876545011
9,29,0.0225582358937027,44.329707549479,-0.819534112850379,0.00360931774299243,0.00507326875129873,0.00513316802085481,0.0014639510083063,0.00152385027786238,-5.98992695560806e-05
9,30,0.0105560714619965,94.7322120355246,-0.915551428304028,0.00168897143391944,0.00241162404441337,0.00339135730967749,0.000722652610493932,0.00170238587575806,-0.000979733265264125
9,31,0.044810029190486,22.3164326840546,-0.641519766476112,0.00716960467047775,0.00947187173329985,0.00836245321585284,0.0023022670628221,0.00119284854537508,0.00110941851744701
9,32,0.030879325403323,32.3841271445777,-0.752965396773416,0.00494069206453167,0.00697723514432375,0.00634076377735299,0.00203654307979208,0.00140007171282132,0.000636471366970761
9,33,0.0962211426356113,10.392726303272,-0.23023085891511,0.0153953828216978,0.0183837376137093,0.0158234764822656,0.00298835479201155,0.000428093660567778,0.00256026113144377
9,34,0.0703503316596475,14.2145740667999,-0.43719734672282,0.0112560530655436,0.0153130668852858,0.0120689823723751,0.0040570138197422,0.000812929306831547,0.00324408451291065
9,35,0.0310321938325446,32.2245989244648,-0.751742449339643,0.00496515101320713,0.00641382372897634,0.00636294876481372,0.00144867271576921,0.00139779775160659,5.0874964162618e-05
9,36,0.0138244486683172,72.3356152561656,-0.889404410653463,0.00221191178693074,0.00298534935322371,0.00386567962533401,0.000773437566292964,0.00165376783840326,-0.000880330272110301
9,37,0.203776052956239,4.90734797093529,0.630208423649908,0.0326041684729982,0.0404952458456699,0.0314323523564609,0.00789107737267172,-0.00117181611653724,0.00906289348920896
9,38,0.0441427716416209,22.6537655614069,-0.646857826867033,0.00706284346265934,0.00952101985730993,0.00826561765320575,0.00245817639465059,0.00120277419054641,0.00125540220410418
9,39,0.102833288625842,9.72447748548132,-0.177333690993266,0.0164533261801347,0.0221777044423475,0.0167830622949067,0.00572437826221287,0.00032973611477206,0.00539464214744081
9,40,0.0315213603735866,31.7245191244333,-0.747829117011308,0.00504341765977385,0.00701549466451536,0.00643393892042979,0.00197207700474151,0.00139052126065595,0.000581555744085568
9,41,0.0678027508852947,14.7486641315151,-0.457577992917642,0.0108484401416472,0.0158945315010415,0.0116992654346006,0.00504609135939436,0.000850825292953439,0.00419526606644092
9,42,0.0313366276882921,31.9115384701595,-0.749306978493663,0.00501386043012674,0.00744745776892243,0.00640712964183831,0.0024335973387957,0.00139326921171157,0.00104032812708412
9,43,0.052722042744646,18.9673986048568,-0.578223658042832,0.00843552683914335,0.0121021584134767,0.00951068194026608,0.00366663157433335,0.00107515510112273,0.00259147647321062
9,44,0.019829120944391,50.4308790492735,-0.841367032444872,0.00317265935110256,0.00477924646386853,0.00473710598739461,0.00160658711276597,0.00156444663629205,4.21404764739154e-05
9,45,0.123844274182073,8.07465671388107,-0.00924580654341911,0.0198150838691316,0.0276205729036835,0.01983227561826,0.00780548903455184,1.7191749128353e-05,0.00778829728542349
9,46,0.0213123864483666,46.9210711068277,-0.829500908413067,0.00340998183173865,0.00465162169528239,0.00495236447323234,0.00124163986354373,0.00154238264149369,-0.000300742777949952
9,47,0.157428926659767,6.35207278114258,0.259431413278139,0.0251886282655628,0.0303237076553878,0.0247062387896261,0.00513507938982501,-0.000482389475936675,0.00561746886576169
9,48,0.00923508217231436,108.282739811225,-0.926119342621485,0.0014776131475703,0.00207032090832472,0.00319964911344245,0.000592707760754428,0.00172203596587215,-0.00112932820511772
9,49,0.00631206870934977,158.426665812232,-0.949503450325202,0.00100993099349596,0.00151075074041969,0.00277544761314827,0.000500819746923732,0.0017655166196523,-0.00126469687272857
9,50,0.286838398183756,3.48628358801311,1.29470718547005,0.045894143709401,0.048870673559345,0.0434867516638558,0.00297652984994403,-0.00240739204554522,0.00538392189548925
21,1,0.0360582221370451,27.7329258275502,-0.711534222903639,0.00576931554192722,0.00619708321672905,0.00617037467631411,0.000427767674801825,0.000401059134386891,2.67085404149347e-05
21,2,0.0128736634316101,77.6779667506757,-0.897010692547119,0.00205978614905762,0.00218028813273826,0.00256538984359341,0.000120501983680643,0.000505603694535791,-0.000385101710855148
21,3,0.0103307781960861,96.7981289520723,-0.917353774431311,0.00165292451137378,0.00189371848244252,0.00216999466605809,0.000240793971068746,0.000517070154684315,-0.000276276183615569
21,4,0.0412633368483211,24.2345887749184,-0.669893305213431,0.00660213389573138,0.00731188020895913,0.00697972195892262,0.000709746313227757,0.000377588063191244,0.000332158250036513
21,5,0.0441113517937389,22.6699014955588,-0.647109185650089,0.00705781628699822,0.00789308968174532,0.00742256198930828,0.000835273394747103,0.00036474570231006,0.000470527692437043
21,6,0.133702822436264,7.47927367409689,0.0696225794901115,0.0213924515898022,0.023337179087002,0.0213532085420819,0.00194472749719973,-3.92430477203738e-05,0.00198397054492011
21,7,0.236547006535761,4.22748955755152,0.892376052286085,0.0378475210457217,0.0409339160935832,0.0373445296848607,0.00308639504786155,-0.000502991360860961,0.00358938640872251
21,8,0.0269922768069171,37.0476342975165,-0.784061785544663,0.00431876428910673,0.00493501968975708,0.00476070387668293,0.000616255400650348,0.000441939587576195,0.000174315813074153
21,9,0.388875441522374,2.57151749178397,2.11100353217899,0.0622200706435798,0.0620741551751551,0.0610301949889017,-0.000145915468424733,-0.00118987565467815,0.00104396018625342
21,10,0.045395165280858,22.0287775980777,-0.636838677753136,0.00726322644493727,0.00810592941087828,0.00762218313404983,0.000842702965941006,0.000358956689112555,0.000483746276828451
21,11,0.234694241613229,4.26086295567481,0.877553932905831,0.0375510786581166,0.042082559661521,0.0370564418446226,0.00453148100340434,-0.000494636813494054,0.0050261178168984
21,12,0.1432700406755,6.97982631459534,0.146160325404001,0.02292320650808,0.0253909781745718,0.0228408226511953,0.00246777166649175,-8.23838568846652e-05,0.00255015552337642
21,13,0.190196361809235,5.2577241251491,0.521570894473878,0.0304314178894776,0.0333841915708891,0.0301374323512901,0.00295277368141158,-0.000293985538187414,0.003246759219599
21,14,0.0415926668174462,24.0426997477485,-0.66725866546043,0.00665482669079139,0.00768715444575889,0.00703092972866024,0.0010323277549675,0.000376103037868853,0.000656224717098645
21,15,0.698024149690548,1.43261519023851,4.58419319752438,0.111683863950488,0.105255125115443,0.10909996496646,-0.00642873883504502,-0.00258389898402735,-0.00384483985101767
21,16,0.0550863396162792,18.1533208952675,-0.559309283069767,0.00881381433860466,0.00983125133217861,0.00912907127172465,0.00101743699357395,0.000315256933119985,0.000702180060453964
21,17,0.0726239581731374,13.7695606953283,-0.4190083346149,0.011619833307702,0.0129948892198614,0.0118560090453858,0.00137505591215937,0.000236175737683812,0.00113888017447556
21,18,0.036704701316109,27.2444663529007,-0.706362389471128,0.00587275221057744,0.00658915293050265,0.00627089622019187,0.000716400719925211,0.000398144009614436,0.000318256710310776
21,19,0.114330365049259,8.74658276101153,-0.0853570796059316,0.0182928584078814,0.0210092760423454,0.0183409702700499,0.00271641763446401,4.81118621685523e-05,0.00266830577229546
21,20,0.0311479260061113,32.1048663016536,-0.75081659195111,0.0049836681609778,0.00557990554755705,0.00540686896110574,0.000596237386579245,0.000423200800127934,0.000173036586451311
21,21,0.0235856332309685,42.3986920430432,-0.811314934152252,0.00377370131695496,0.00414308334718411,0.00423100225165691,0.000369382030229156,0.00045730093470195,-8.7918904472794e-05
21,22,0.167185515849697,5.98137939711845,0.33748412679758,0.0267496825359516,0.0285440787798277,0.0265594582467945,0.00179439624387609,-0.000190224289157042,0.00198462053303313
21,23,0.0127891711920628,78.1911497611836,-0.897686630463497,0.00204626739073005,0.00230418865539809,0.0025522520803985,0.00025792126466804,0.000505984689668444,-0.000248063425000403
21,24,0.0136486513706151,73.2673121208847,-0.890810789035079,0.00218378421929842,0.00255412358016384,0.00268589331321518,0.000370339360865419,0.00050210909391676,-0.000131769733051341
21,25,0.306466797654789,3.26299621248505,1.45173438123831,0.0490346876247662,0.0517978004472483,0.0482164116858758,0.00276311282248209,-0.0008182759388904,0.00358138876137249
21,26,0.15645159535298,6.39175329432621,0.251612762823838,0.0250322552564767,0.0271618128183206,0.0248904327079463,0.0021295575618438,-0.000141822548530443,0.00227138011037425
21,27,0.0772600965386743,12.9432921365744,-0.381919227690605,0.0123616154461879,0.014157628469168,0.0125768857591719,0.00179601302298007,0.000215270312984015,0.00158074270999605
21,28,1.41962479209322,0.704411479406128,10.3569983367457,0.227139966734915,0.178982325250977,0.221302202852201,-0.0481576414839378,-0.00583776388271383,-0.042319877601224
21,29,0.0225582358937027,44.329707549479,-0.819534112850379,0.00360931774299243,0.00409663495936015,0.00407125145091587,0.000487317216367725,0.00046193370792344,2.53835084442852e-05
21,30,0.0105560714619965,94.7322120355246,-0.915551428304028,0.00168897143391944,0.00188655360074337,0.00220502568894017,0.000197582166823934,0.000516054255020735,-0.000318472088196801
21,31,0.044810029190486,22.3164326840546,-0.641519766476112,0.00716960467047775,0.00801740110029312,0.00753119987412804,0.000847796429815363,0.000361595203650287,0.000486201226165077
21,32,0.030879325403323,32.3841271445777,-0.752965396773416,0.00494069206453167,0.00554500276629428,0.00536510404716392,0.000604310701762612,0.000424411982632246,0.000179898719130366
21,33,0.0962211426356113,10.392726303272,-0.23023085891511,0.0153953828216978,0.0167644449805739,0.015525153373856,0.00136906215887606,0.000129770552158177,0.00123929160671788
21,34,0.0703503316596475,14.2145740667999,-0.43719734672282,0.0112560530655436,0.0125712135660816,0.0115024811132591,0.00131516050053805,0.000246428047715486,0.00106873245282257
21,35,0.0310321938325446,32.2245989244648,-0.751742449339643,0.00496515101320713,0.0056187540346316,0.00538887367658613,0.000653603021424469,0.000423722663379002,0.000229880358045467
21,36,0.0138244486683172,72.3356152561656,-0.889404410653463,0.00221191178693074,0.00251417381110309,0.00271322817000072,0.000302262024172347,0.000501316383069979,-0.000199054358897631
21,37,0.203776052956239,4.90734797093529,0.630208423649908,0.0326041684729982,0.0355723743772124,0.032248948953351,0.0029682059042142,-0.000355219519647179,0.00332342542386138
21,38,0.0441427716416209,22.6537655614069,-0.646857826867033,0.00706284346265934,0.00765993776197607,0.00742744748557759,0.000597094299316737,0.00036460402291825,0.000232490276398488
21,39,0.102833288625842,9.72447748548132,-0.177333690993266,0.0164533261801347,0.0170335675965846,0.0165532810302572,0.000580241416449939,9.99548501225407e-05,0.000480286566327398
21,40,0.0315213603735866,31.7245191244333,-0.747829117011308,0.00504341765977385,0.00555943698548244,0.00546493455760335,0.000516019325708592,0.000421516897829503,9.45024278790896e-05
21,41,0.0678027508852947,14.7486641315151,-0.457577992917642,0.0108484401416472,0.0122291425126285,0.0111063558227863,0.00138070237098134,0.000257915681139196,0.00112278668984215
21,42,0.0313366276882921,31.9115384701595,-0.749306978493663,0.00501386043012674,0.00569010991898963,0.00543621033054105,0.000676249488862886,0.00042234990041431,0.000253899588448577
21,43,0.052722042744646,18.9673986048568,-0.578223658042832,0.00843552683914335,0.00957501797835118,0.00876144493599937,0.00113949113920783,0.000325918096856018,0.000813573042351809
21,44,0.019829120944391,50.4308790492735,-0.841367032444872,0.00317265935110256,0.0036870088241201,0.00364689927220852,0.000514349473017536,0.000474239921105953,4.01095519115827e-05
21,45,0.123844274182073,8.07465671388107,-0.00924580654341911,0.0198150838691316,0.0216667707822338,0.0198202953052785,0.00185168691310222,5.21143614692234e-06,0.00184647547695529
21,46,0.0213123864483666,46.9210711068277,-0.829500908413067,0.00340998183173865,0.00390575238750849,0.00387753336417751,0.000495770555769837,0.000467551532438852,2.8219023330985e-05
21,47,0.157428926659767,6.35207278114258,0.259431413278139,0.0251886282655628,0.0265071972588761,0.0250423987031708,0.00131856899331332,-0.000146229562391954,0.00146479855570527
21,48,0.00923508217231436,108.282739811225,-0.926119342621485,0.0014776131475703,0.00163929304543841,0.00199962405011691,0.00016167989786811,0.00052201090254661,-0.0003603310046785
21,49,0.00631206870934977,158.426665812232,-0.949503450325202,0.00100993099349596,0.00114162729489068,0.00154512244265886,0.000131696301394721,0.000535191449162893,-0.000403495147768172
21,50,0.286838398183756,3.48628358801311,1.29470718547005,0.045894143709401,0.0468067998887208,0.0451643767827026,0.000912656179319848,-0.000729766926698376,0.00164242310601822
31,1,0.0360582221370451,27.7329258275502,-0.711534222903639,0.00576931554192722,0.00605131377023179,0.00594731620335144,0.000281998228304573,0.000178000661424215,0.000103997566880357
31,2,0.0128736634316101,77.6779667506757,-0.897010692547119,0.00205978614905762,0.00222735098658928,0.00228418645397395,0.000167564837531665,0.00022440030491633,-5.68354673846655e-05
31,3,0.0103307781960861,96.7981289520723,-0.917353774431311,0.00165292451137378,0.00170710544317149,0.00188241393486548,5.41809317977178e-05,0.000229489423491704,-0.000175308491693986
31,4,0.0412633368483211,24.2345887749184,-0.669893305213431,0.00660213389573138,0.00680387501514672,0.00676971747438912,0.000201741119415342,0.000167583578657738,3.41575407576044e-05
31,5,0.0441113517937389,22.6699014955588,-0.647109185650089,0.00705781628699822,0.00754560267201496,0.00721970008591002,0.000487786385016746,0.000161883798911806,0.00032590258610494
31,6,0.133702822436264,7.47927367409689,0.0696225794901115,0.0213924515898022,0.0227614021824421,0.021375034486309,0.00136895059263992,-1.74171034932471e-05,0.00138636769613317
31,7,0.236547006535761,4.22748955755152,0.892376052286085,0.0378475210457217,0.0386890420001065,0.0376242801636488,0.000841520954384854,-0.000223240882072885,0.00106476183645774
31,8,0.0269922768069171,37.0476342975165,-0.784061785544663,0.00431876428910673,0.00444401990982059,0.00451490877791975,0.000125255620713863,0.000196144488813016,-7.08888680991539e-05
31,9,0.388875441522374,2.57151749178397,2.11100353217899,0.0622200706435798,0.0647122835514587,0.0616919723274324,0.0024922129078789,-0.000528098316147477,0.00302031122402637
31,10,0.045395165280858,22.0287775980777,-0.636838677753136,0.00726322644493727,0.00768756156047872,0.0074225409265345,0.00042433511554145,0.00015931448159723,0.000265020633944221
31,11,0.234694241613229,4.26086295567481,0.877553932905831,0.0375510786581166,0.0385262078056807,0.0373315457453423,0.000975129147564043,-0.000219532912774336,0.00119466206033838
31,12,0.1432700406755,6.97982631459534,0.146160325404001,0.02292320650808,0.0236864515913191,0.0228866423713759,0.000763245083239095,-3.6564136704095e-05,0.00079980921994319
31,13,0.190196361809235,5.2577241251491,0.521570894473878,0.0304314178894776,0.0320147880069179,0.030300939324698,0.00158337011744036,-0.000130478564779509,0.00171384868221987
31,14,0.0415926668174462,24.0426997477485,-0.66725866546043,0.00665482669079139,0.00712793193850778,0.0068217511758967,0.000473105247716388,0.000166924485105308,0.000306180762611079
31,15,0.698024149690548,1.43261519023851,4.58419319752438,0.111683863950488,0.108323193064186,0.110537061175597,-0.00336067088630158,-0.00114680277489089,-0.00221386811141069
31,16,0.0550863396162792,18.1533208952675,-0.559309283069767,0.00881381433860466,0.0092618281643886,0.00895373371159118,0.000448013825783931,0.000139919372986512,0.00030809445279742
31,17,0.0726239581731374,13.7695606953283,-0.4190083346149,0.011619833307702,0.0123982428446378,0.0117246543525694,0.00077840953693578,0.000104821044867454,0.000673588492068326
31,18,0.036704701316109,27.2444663529007,-0.706362389471128,0.00587275221057744,0.00606145693049489,0.00604945906245303,0.000188704719917452,0.000176706851875595,1.19978680418567e-05
31,19,0.114330365049259,8.74658276101153,-0.0853570796059316,0.0182928584078814,0.0188734661707897,0.0183142117260185,0.000580607762908362,2.13533181370994e-05,0.000559254444771262
31,20,0.0311479260061113,32.1048663016536,-0.75081659195111,0.0049836681609778,0.00509218313713545,0.00517149587983325,0.000108514976157651,0.000187827718855446,-7.93127426977946e-05
31,21,0.0235856332309685,42.3986920430432,-0.811314934152252,0.00377370131695496,0.00385091886522697,0.00397666357829653,7.72175482720077e-05,0.000202962261341577,-0.000125744713069569
31,22,0.167185515849697,5.98137939711845,0.33748412679758,0.0267496825359516,0.0276502720445232,0.0266652559604525,0.000900589508571616,-8.44265754990654e-05,0.000985016084070681
31,23,0.0127891711920628,78.1911497611836,-0.897686630463497,0.00204626739073005,0.00210956768841522,0.00227083679137266,6.33002976851691e-05,0.000224569400642613,-0.000161269102957444
31,24,0.0136486513706151,73.2673121208847,-0.890810789035079,0.00218378421929842,0.00228784491025934,0.00240663352794446,0.000104060690960919,0.000222849308646037,-0.000118788617685118
31,25,0.306466797654789,3.26299621248505,1.45173438123831,0.0490346876247662,0.0505997928249752,0.0486715151001641,0.00156510520020894,-0.000363172524602079,0.00192827772481102
31,26,0.15645159535298,6.39175329432621,0.251612762823838,0.0250322552564767,0.0257831438517321,0.0249693106548487,0.000750888595255378,-6.29446016280832e-05,0.000813833196883461
31,27,0.0772600965386743,12.9432921365744,-0.381919227690605,0.0123616154461879,0.0131919064145301,0.0124571581101263,0.000830290968342196,9.55426639384003e-05,0.000734748304403795
31,28,1.41962479209322,0.704411479406128,10.3569983367457,0.227139966734915,0.205684930825655,0.224549012575624,-0.0214550359092598,-0.00259095415929123,-0.0188640817499686
31,29,0.0225582358937027,44.329707549479,-0.819534112850379,0.00360931774299243,0.00384458065059052,0.00381433615173709,0.000235262907598091,0.000205018408744664,3.02444988534273e-05
31,30,0.0105560714619965,94.7322120355246,-0.915551428304028,0.00168897143391944,0.00180347811746707,0.00191800997424566,0.000114506683547635,0.000229038540326222,-0.000114531856778586
31,31,0.044810029190486,22.3164326840546,-0.641519766476112,0.00716960467047775,0.00763487083785093,0.00733009019467849,0.000465266167373176,0.000160485524200739,0.000304780643172437
31,32,0.030879325403323,32.3841271445777,-0.752965396773416,0.00494069206453167,0.00525913911856478,0.00512905733824721,0.000318447054033111,0.000188365273715535,0.000130081780317575
31,33,0.0962211426356113,10.392726303272,-0.23023085891511,0.0153953828216978,0.0156271906057529,0.015452978428273,0.000231807784055132,5.75956065752085e-05,0.000174212177479924
31,34,0.0703503316596475,14.2145740667999,-0.43719734672282,0.0112560530655436,0.0117471350606034,0.0113654243570213,0.000491081995059848,0.00010937129147773,0.000381710703582118
31,35,0.0310321938325446,32.2245989244648,-0.751742449339643,0.00496515101320713,0.00519815872453573,0.00515321034878914,0.000233007711328601,0.000188059335582004,4.49483757465963e-05
31,36,0.0138244486683172,72.3356152561656,-0.889404410653463,0.00221191178693074,0.0023967909272419,0.00243440926951686,0.000184879140311157,0.00022249748258612,-3.76183422749631e-05
31,37,0.203776052956239,4.90734797093529,0.630208423649908,0.0326041684729982,0.0328636733588783,0.032446512646147,0.000259504885880155,-0.000157655826851195,0.00041716071273135
31,38,0.0441427716416209,22.6537655614069,-0.646857826867033,0.00706284346265934,0.00725024289253398,0.00722466438050626,0.000187399429874642,0.000161820917846921,2.55785120277208e-05
31,39,0.102833288625842,9.72447748548132,-0.177333690993266,0.0164533261801347,0.017064468350973,0.0164976887888097,0.000611142170838339,4.43626086750765e-05,0.000566779562163262
31,40,0.0315213603735866,31.7245191244333,-0.747829117011308,0.00504341765977385,0.00532125682516266,0.00523049801820986,0.000277839165388817,0.000187080358436008,9.07588069528081e-05
31,41,0.0678027508852947,14.7486641315151,-0.457577992917642,0.0108484401416472,0.0110053034990368,0.0109629099489603,0.00015686335738962,0.000114469807313169,4.23935500764506e-05
31,42,0.0313366276882921,31.9115384701595,-0.749306978493663,0.00501386043012674,0.00525200650573537,0.00520131049716268,0.000238146075608626,0.000187450067035939,5.06960085726866e-05
31,43,0.052722042744646,18.9673986048568,-0.578223658042832,0.00843552683914335,0.0091012268099642,0.00858017791883807,0.000665699970820855,0.000144651079694718,0.000521048891126137
31,44,0.019829120944391,50.4308790492735,-0.841367032444872,0.00317265935110256,0.00325139981652899,0.00338313958305059,7.87404654264286e-05,0.000210480231948026,-0.000131739766521597
31,45,0.123844274182073,8.07465671388107,-0.00924580654341911,0.0198150838691316,0.0206398784001771,0.0198173968424604,0.000824794531045461,2.31297332883427e-06,0.000822481557716627
31,46,0.0213123864483666,46.9210711068277,-0.829500908413067,0.00340998183173865,0.00350668890470232,0.00361749357972876,9.67070729636622e-05,0.000207511747990102,-0.00011080467502644
31,47,0.157428926659767,6.35207278114258,0.259431413278139,0.0251886282655628,0.0264905665119275,0.0251237277145123,0.00130193824636476,-6.49005510504889e-05,0.00136683879741525
31,48,0.00923508217231436,108.282739811225,-0.926119342621485,0.0014776131475703,0.00154721648702337,0.00170929540576395,6.96033394530728e-05,0.000231682258193657,-0.000162078918740584
31,49,0.00631206870934977,158.426665812232,-0.949503450325202,0.00100993099349596,0.00104495382030042,0.00124746312721787,3.50228268044535e-05,0.000237532133721907,-0.000202509306917454
31,50,0.286838398183756,3.48628358801311,1.29470718547005,0.045894143709401,0.0469960896036125,0.0455702538275849,0.0011019458942115,-0.000323889881816076,0.00142583577602758
49,1,0.0360582221370451,27.7329258275502,-0.711534222903639,0.00576931554192722,0.0057847433222976,0.0057752425242088,1.5427780370377e-05,5.92698228157967e-06,9.50079808879731e-06
49,2,0.0128736634316101,77.6779667506757,-0.897010692547119,0.00205978614905762,0.00205966587735724,0.00206725812483894,-1.20271700380665e-07,7.47197578131711e-06,-7.59224748169778e-06
49,3,0.0103307781960861,96.7981289520723,-0.917353774431311,0.00165292451137378,0.00165681670369157,0.00166056594223118,3.89219231779116e-06,7.64143085740367e-06,-3.74923853961251e-06
49,4,0.0412633368483211,24.2345887749184,-0.669893305213431,0.00660213389573138,0.00664360525177316,0.00660771401489184,4.14713560417806e-05,5.58011916046173e-06,3.58912368813189e-05
49,5,0.0441113517937389,22.6699014955588,-0.647109185650089,0.00705781628699822,0.00710494104067357,0.00706320661757423,4.71247536753547e-05,5.39033057601074e-06,4.1734423099344e-05
49,6,0.133702822436264,7.47927367409689,0.0696225794901115,0.0213924515898022,0.0214166925347871,0.0213918716432842,2.42409449848838e-05,-5.79946518035081e-07,2.48208915029189e-05
49,7,0.236547006535761,4.22748955755152,0.892376052286085,0.0378475210457217,0.0379081193932617,0.0378400876758567,6.05983475399849e-05,-7.43336986494031e-06,6.80317174049252e-05
49,8,0.0269922768069171,37.0476342975165,-0.784061785544663,0.00431876428910673,0.0043200271783964,0.00432529541601672,1.26288928966808e-06,6.53112690999303e-06,-5.26823762032495e-06
49,9,0.388875441522374,2.57151749178397,2.11100353217899,0.0622200706435798,0.0624983930417166,0.0622024862742989,0.00027832239813675,-1.75843692809579e-05,0.000295906767417708
49,10,0.045395165280858,22.0287775980777,-0.636838677753136,0.00726322644493727,0.00728828672872693,0.00726853122359411,2.50602837896597e-05,5.30477865683579e-06,1.97555051328239e-05
49,11,0.234694241613229,4.26086295567481,0.877553932905831,0.0375510786581166,0.0376426557292931,0.0375437687544689,9.15770711764421e-05,-7.30990364769539e-06,9.88869748241375e-05
49,12,0.1432700406755,6.97982631459534,0.146160325404001,0.02292320650808,0.0230610315521089,0.0229219890126581,0.0001378250440289,-1.21749542194087e-06,0.000139042539450841
49,13,0.190196361809235,5.2577241251491,0.521570894473878,0.0304314178894776,0.0304347621339219,0.0304270732756127,3.34424444436293e-06,-4.34461386483864e-06,7.68885830920157e-06
49,14,0.0415926668174462,24.0426997477485,-0.66725866546043,0.00665482669079139,0.0066671459468747,0.00666038486376482,1.23192560833084e-05,5.55817297343132e-06,6.7610831098771e-06
49,15,0.698024149690548,1.43261519023851,4.58419319752438,0.111683863950488,0.112373779729904,0.111645678251216,0.000689915779416753,-3.81856992713401e-05,0.000728101478688093
49,16,0.0550863396162792,18.1533208952675,-0.559309283069767,0.00881381433860466,0.00879416724174516,0.00881847330805964,-1.96470968595076e-05,4.65896945497515e-06,-2.43060663144828e-05
49,17,0.0726239581731374,13.7695606953283,-0.4190083346149,0.011619833307702,0.0116542526528679,0.0116233235895397,3.44193451658637e-05,3.4902818376918e-06,3.09290633281719e-05
49,18,0.036704701316109,27.2444663529007,-0.706362389471128,0.00587275221057744,0.00589789645817383,0.00587863611219735,2.5144247596396e-05,5.88390161991777e-06,1.92603459764783e-05
49,19,0.114330365049259,8.74658276101153,-0.0853570796059316,0.0182928584078814,0.018292454175345,0.0182935694206228,-4.0423253637803e-07,7.11012741407177e-07,-1.11524527778521e-06
49,20,0.0311479260061113,32.1048663016536,-0.75081659195111,0.0049836681609778,0.00499707260825142,0.00498992235999447,1.34044472736156e-05,6.25419901666897e-06,7.15024825694659e-06
49,21,0.0235856332309685,42.3986920430432,-0.811314934152252,0.00377370131695496,0.00377485043974971,0.0037804594588471,1.149122794752e-06,6.75814189214704e-06,-5.60901909739504e-06
49,22,0.167185515849697,5.98137939711845,0.33748412679758,0.0267496825359516,0.02685382215183,0.0267468713395601,0.000104139615878462,-2.81119639148338e-06,0.000106950812269946
49,23,0.0127891711920628,78.1911497611836,-0.897686630463497,0.00204626739073005,0.00204778890114774,0.00205374499698131,1.5215104176851e-06,7.47760625125779e-06,-5.95609583357268e-06
49,24,0.0136486513706151,73.2673121208847,-0.890810789035079,0.00218378421929842,0.00219328029560427,0.00219120455073561,9.49607630585389e-06,7.42033143719349e-06,2.0757448686604e-06
49,25,0.306466797654789,3.26299621248505,1.45173438123831,0.0490346876247662,0.0490393315554386,0.0490225948769009,4.64393067233643e-06,-1.20927478653754e-05,1.67366785377118e-05
49,26,0.15645159535298,6.39175329432621,0.251612762823838,0.0250322552564767,0.0250689043538613,0.0250301593567448,3.66490973845064e-05,-2.09589973197699e-06,3.87449971164834e-05
49,27,0.0772600965386743,12.9432921365744,-0.381919227690605,0.0123616154461879,0.0123129405875774,0.0123647967808625,-4.86748586105111e-05,3.18133467464061e-06,-5.18561932851517e-05
49,28,1.41962479209322,0.704411479406128,10.3569983367457,0.227139966734915,0.225171652590811,0.227053694362264,-0.00196831414410412,-8.62723726509433e-05,-0.00188204177145317
49,29,0.0225582358937027,44.329707549479,-0.819534112850379,0.00360931774299243,0.00362491952786017,0.00361614434951346,1.56017848677429e-05,6.82660652103606e-06,8.77517834670686e-06
49,30,0.0105560714619965,94.7322120355246,-0.915551428304028,0.00168897143391944,0.00169227055375956,0.00169659785148132,3.29911984012676e-06,7.62641756188278e-06,-4.32729772175602e-06
49,31,0.044810029190486,22.3164326840546,-0.641519766476112,0.00716960467047775,0.00715391501168355,0.00717494844196027,-1.56896587941982e-05,5.34377148251655e-06,-2.10334302767147e-05
49,32,0.030879325403323,32.3841271445777,-0.752965396773416,0.00494069206453167,0.0049738460182122,0.00494696416279717,3.31539536805245e-05,6.27209826550118e-06,2.68818554150233e-05
49,33,0.0962211426356113,10.392726303272,-0.23023085891511,0.0153953828216978,0.0154398390035055,0.015397300613109,4.44561818077199e-05,1.91779141120458e-06,4.25383903965154e-05
49,34,0.0703503316596475,14.2145740667999,-0.43719734672282,0.0112560530655436,0.0112166164558404,0.0112596948593522,-3.94366097032396e-05,3.64179380860325e-06,-4.30784035118429e-05
49,35,0.0310321938325446,32.2245989244648,-0.751742449339643,0.00496515101320713,0.00497451553406558,0.0049714129244886,9.36452085844881e-06,6.26191128146309e-06,3.10260957698572e-06
49,36,0.0138244486683172,72.3356152561656,-0.889404410653463,0.00221191178693074,0.0022250759540327,0.00221932040342931,1.31641671019516e-05,7.40861649857112e-06,5.75555060338049e-06
49,37,0.203776052956239,4.90734797093529,0.630208423649908,0.0326041684729982,0.0327813758587925,0.0325989189234467,0.000177207385794333,-5.24954955143614e-06,0.000182456935345769
49,38,0.0441427716416209,22.6537655614069,-0.646857826867033,0.00706284346265934,0.00711284645360117,0.00706823169945123,5.00029909418333e-05,5.38823679189532e-06,4.4614754149938e-05
49,39,0.102833288625842,9.72447748548132,-0.177333690993266,0.0164533261801347,0.016527257906217,0.0164548033454074,7.39317260822908e-05,1.47716527274691e-06,7.24545608095439e-05
49,40,0.0315213603735866,31.7245191244333,-0.747829117011308,0.00504341765977385,0.00502453535880674,0.00504964697353487,-1.88823009671041e-05,6.22931376102714e-06,-2.51116147281313e-05
49,41,0.0678027508852947,14.7486641315151,-0.457577992917642,0.0108484401416472,0.0108719649371199,0.0108522517034374,2.35247954727732e-05,3.81156179023442e-06,1.97132336825388e-05
49,42,0.0313366276882921,31.9115384701595,-0.749306978493663,0.00501386043012674,0.00501524918568818,0.00502010205427079,1.38875556144301e-06,6.24162414405384e-06,-4.85286858261083e-06
49,43,0.052722042744646,18.9673986048568,-0.578223658042832,0.00843552683914335,0.00843381679553333,0.00844034336274221,-1.71004361002383e-06,4.81652359885741e-06,-6.52656720888124e-06
49,44,0.019829120944391,50.4308790492735,-0.841367032444872,0.00317265935110256,0.00317748700508126,0.00317966782284305,4.82765397869997e-06,7.00847174048206e-06,-2.18081776178209e-06
49,45,0.123844274182073,8.07465671388107,-0.00924580654341911,0.0198150838691316,0.0199352503353289,0.0198151608854293,0.000120166466197294,7.70162977377685e-08,0.000120089449899556
49,46,0.0213123864483666,46.9210711068277,-0.829500908413067,0.00340998183173865,0.00342062830101921,0.00341689146029686,1.06464692805515e-05,6.90962855820964e-06,3.73684072234185e-06
49,47,0.157428926659767,6.35207278114258,0.259431413278139,0.0251886282655628,0.0250807206186432,0.0251864672375471,-0.000107907646919592,-2.16102801564464e-06,-0.000105746618903947
49,48,0.00923508217231436,108.282739811225,-0.926119342621485,0.0014776131475703,0.00148228156569353,0.00148532759440596,4.66841812322874e-06,7.71444683566418e-06,-3.04602871243544e-06
49,49,0.00631206870934977,158.426665812232,-0.949503450325202,0.00100993099349596,0.00101313089297379,0.00101784022673482,3.19989947783266e-06,7.90923323886049e-06,-4.70933376102783e-06
49,50,0.286838398183756,3.48628358801311,1.29470718547005,0.045894143709401,0.0458633765493524,0.0458833589764941,-3.07671600485934e-05,-1.07847329068726e-05,-1.99824271417209e-05
