"k","Q_subset_mc","Q_bag_inf_mc","Q_bag_G_mc","R_bag_inf_mc","R_weight_exact_mc","R_weight_identity_gap","R_bag_inf_smallhet","R_bag_excess_smallhet.x","Q_bag_inf_smallhet_level","R_smallhet_abs_error","R_smallhet_rel_error","R_ratio_mc_to_smallhet","w_l2_mc","w_l2_smallhet","w_max_abs_mc","w_max_abs_smallhet","w_rmse_approx_error","w_max_approx_error","w_corr_with_approx","Q_bag_inf_smallhet","Q_bag_G_smallhet","R_bag_excess_smallhet.y","R_bag_G_excess_smallhet","Q_subset_leading","Q_subset_delta","L_bag_inf_smallhet","L_bag_G_smallhet","L_subset_leading","L_subset_delta","L_equal","L_oracle_optimal","L_full_estimated_theory"
1,4.10703138341358,1.0632529170319,1.06705764011488,0.00325291703189956,0.00325291703189956,-1.73472347597681e-18,0.00207417807967639,0.00207417807967639,1.06207417807968,0.00117873895222317,0.36236366948924,1.56829206892741,0.0316785211505288,0.0262943471724525,0.0112464399039197,0.011462958659816,0.00268804761862583,0.0064,0.800537682574928,1.06207417807968,1.06574658535708,0.00207417807967647,0.00574658535707684,4,4.10370890398382,2.06207417807968,2.06574658535708,5,5.10370890398382,2.06212871843815,2.06,2.59126315789474
2,2.52382700272436,1.06115305822897,1.06298140065959,0.00115305822897271,0.00115305822897272,-2.81892564846231e-18,0.000497595407702457,0.000497595407702457,1.0604975954077,0.000655462821270257,0.56845595894513,2.31726059188673,0.0198020535714997,0.0128788639212012,0.00625504795905802,0.00561451036399153,0.00218636590975278,0.00561583947935286,0.625375890850039,1.0604975954077,1.06229697341344,0.000497595407702445,0.00229697341344282,2.5,2.52539809893481,2.06915514832958,2.07096208674711,3.51470588235294,3.54021069598916,2.06212871843815,2.06,2.59126315789474
3,2.01397022002992,1.06073003807996,1.0619215883074,0.000730038079958195,0.000730038079958353,-1.58293517182884e-16,0.000212034771530619,0.000212034771530619,1.06021203477153,0.000518003308427576,0.709556559648559,3.4430111376934,0.0161560322034188,0.00840703617078415,0.00806643434159175,0.00366502759871669,0.00169914267532309,0.00581685031583867,0.689645656927646,1.06021203477153,1.06138676972807,0.000212034771530645,0.00138676972806606,2,2.0110528763883,2.07759779033922,2.07878243867092,3.0253164556962,3.03646260530297,2.06212871843815,2.06,2.59126315789474
4,1.75340181922016,1.06037683098883,1.06124311222412,0.000376830988827237,0.000376830988827399,-1.62359275329704e-16,0.000114248251160851,0.000114248251160851,1.06011424825116,0.000262582737666386,0.696818322939918,3.29835235986847,0.0115567931289579,0.0061711222955756,0.00419854565623029,0.00269028621607927,0.00161809089397634,0.00373293059383171,0.285559687531141,1.06011424825116,1.06097660544085,0.000114248251160909,0.000976605440846878,1.75,1.75608496120313,2.0863021412374,2.08717546059476,2.78495762711864,2.79111993952351,2.06212871843815,2.06,2.59126315789474
5,1.60593906323155,1.06027526664534,1.06095734639107,0.000275266645339389,0.000275266645339531,-1.41488383509358e-16,6.99743542081581e-05,6.99743542081581e-05,1.06006997435421,0.000205292291131231,0.745794285675682,3.93382187594804,0.00990876435116268,0.00482957397045047,0.00427281145672734,0.00210544138649682,0.000957436577128863,0.00286247794925006,0.790659086620731,1.06006997435421,1.06074488688627,6.997435420808e-05,0.000744886886265395,1.6,1.60380971484022,2.09513499519428,2.09582139559922,2.64425531914894,2.6481298801992,2.06212871843815,2.06,2.59126315789474
6,1.50154101283922,1.06021107303137,1.06076273545613,0.000211073031372022,0.000211073031372063,-4.07931067397671e-17,4.64575959351831e-05,4.64575959351831e-05,1.06004645759594,0.000164615435436839,0.779898001970227,4.54334812473955,0.00843381128096678,0.00393520842036705,0.00342923330528492,0.00171554483344186,0.00117485910474413,0.00331910894013917,0.265154803634026,1.06004645759594,1.06059639952394,4.64575959351343e-05,0.000596399523940416,1.5,1.50258684341003,2.1040645442967,2.10462623712061,2.5534188034188,2.55606092126067,2.06212871843815,2.06,2.59126315789474
7,1.42999498291597,1.06015973496327,1.06062202902321,0.000159734963271818,0.00015973496327189,-7.14760282211069e-17,3.25982819175823e-05,3.25982819175823e-05,1.06003259828192,0.000127136681354236,0.795922688121132,4.90010374398483,0.00737959164417345,0.00329637588459318,0.00308168332473623,0.00143704729554545,0.000979361662508934,0.00274799288622371,0.356965165591953,1.06003259828192,1.06049327181978,3.25982819175952e-05,0.000493271819779428,1.42857142857143,1.43042877254115,2.11308064802308,2.11355318439883,2.49110974862048,2.49301492119028,2.06212871843815,2.06,2.59126315789474
8,1.37598871209013,1.06013855277708,1.06053336547622,0.000138552777078971,0.000138552777079057,-8.61127575496612e-17,2.38107177513871e-05,2.38107177513871e-05,1.06002381071775,0.000114742059327584,0.828146946936937,5.818924844082,0.00683788897579843,0.00281725148276277,0.00240160709330233,0.00122817414212315,0.000932057538139033,0.00239953958323944,0.29217810308432,1.06002381071775,1.06041753095435,2.38107177514824e-05,0.000417530954354151,1.375,1.3763889585355,2.12217970155837,2.12258530128487,2.44665948275862,2.44809034952579,2.06212871843815,2.06,2.59126315789474
9,1.33468844797451,1.06011936007875,1.06046257143862,0.000119360078746578,0.000119360078746707,-1.29060716107243e-16,1.79281953092385e-05,1.79281953092385e-05,1.06001792819531,0.000101431883437339,0.849797390404683,6.65767394251171,0.0062581001048674,0.00244459917022801,0.00231175935942288,0.00106571724501691,0.000778309056332358,0.00201138633921165,0.485393590772025,1.06001792819531,1.06035957245173,1.79281953092136e-05,0.000359572451731793,1.33333333333333,1.33440465232132,2.13136054042718,2.13171401651932,2.41414141414141,2.4152498350857,2.06212871843815,2.06,2.59126315789474
10,1.3012181416101,1.06016594466844,1.06046725991462,0.000165944668439666,0.000165944668439793,-1.26960074398053e-16,1.38220946584016e-05,1.38220946584016e-05,1.06001382209466,0.000152122573781264,0.916706605952652,12.0057540149169,0.00749741426918914,0.00214647732020021,0.00241165862014955,0.000935751727331921,0.000989215915891141,0.00237355186168698,0.3694512291093,1.06001382209466,1.06031380481704,1.38220946583889e-05,0.000313804817040131,1.3,1.30084660329783,2.14062305861141,2.14093477978814,2.39,2.39087973125296,2.06212871843815,2.06,2.59126315789474
11,1.27365710991636,1.06008629977078,1.06035326328347,8.62997707842261e-05,8.62997707842184e-05,7.69783542464708e-18,1.08591973013579e-05,1.08591973013579e-05,1.0600108591973,7.54405734828683e-05,0.874168874347199,7.94715929633537,0.0051544877890873,0.00190255944290473,0.00231819995253972,0.000829416303771476,0.000652626115479582,0.00194015130724903,0.453384770874932,1.0600108591973,1.06027675471421,1.08591973013716e-05,0.000276754714213956,1.27272727272727,1.27340945307056,2.14996766527579,2.15024517195064,2.37197300516078,2.37268497503871,2.06212871843815,2.06,2.59126315789474
12,1.25071196415634,1.06006805647928,1.06030636136387,6.80564792783223e-05,6.80564792784319e-05,-1.09626392165441e-16,8.66280585361627e-06,8.66280585361627e-06,1.06000866280585,5.9393673424706e-05,0.872711519234061,7.85617044042517,0.0047664930560122,0.0016992945451585,0.00174012196548487,0.000740803450804438,0.000613089650474027,0.00150905297503302,0.420579312248234,1.06000866280585,1.06024615197735,8.66280585354318e-06,0.000246151977346232,1.25,1.25055852300898,2.15939504566052,2.15964399264292,2.35855263157895,2.35913810087345,2.06212871843815,2.06,2.59126315789474
13,1.23143671049343,1.06008772450584,1.06030191073833,8.7724505841269e-05,8.77245058413724e-05,-1.03351572092181e-16,6.99794659295554e-06,6.99794659295554e-06,1.06000699794659,8.07265592483135e-05,0.920228144623376,12.5357495482427,0.00552258398998965,0.00152730117014246,0.00160236824317555,0.000665823344447713,0.000714826946544391,0.00148952742208008,0.431713555836125,1.06000699794659,1.06022045073762,6.99794659286823e-06,0.000220450737621114,1.23076923076923,1.2312326083139,2.16890604629619,2.1691307829352,2.34869535750593,2.34918323077983,2.06212871843815,2.06,2.59126315789474
14,1.21453838886881,1.06005968992022,1.06025278829391,5.96899202232049e-05,5.96899202233275e-05,-1.22684252080313e-16,5.7121921802578e-06,5.7121921802578e-06,1.06000571219218,5.3977728042947e-05,0.904302231282977,10.4495644298352,0.00455904934632152,0.00137987827727156,0.00173321201070292,0.000601554681856235,0.000619622561222242,0.00136397937425712,0.277573214957778,1.06000571219218,1.0601985621948,5.71219218015173e-06,0.000198562194797081,1.21428571428571,1.21467446069798,2.17850161599085,2.17870555913521,2.34165613147914,2.3420672394107,2.06212871843815,2.06,2.59126315789474
15,1.19996537530303,1.06003850484846,1.06021341343653,3.85048484581318e-05,3.8504848458168e-05,-3.61920237702817e-17,4.70335165459498e-06,4.70335165459498e-06,1.06000470335165,3.38014968035369e-05,0.877850404742947,8.1866828776271,0.00377944370707682,0.00125211177011679,0.00148173518436466,0.000545855174276954,0.000578028903833764,0.00181677961373214,-0.090219829542746,1.06000470335165,1.06017969747247,4.70335165458913e-06,0.000179697472465046,1.2,1.20032923461582,2.18818277378242,2.18836865642631,2.33688888888889,2.33723860921414,2.06212871843815,2.06,2.59126315789474
16,1.18792310968697,1.06006148093412,1.06022130797006,6.14809341168421e-05,6.14809341169156e-05,-7.35631174031415e-17,3.90096226199029e-06,3.90096226199029e-06,1.06000390096226,5.75799718548518e-05,0.936550048921237,15.7604534439854,0.00475386251938824,0.00114031607635636,0.00203402395368267,0.000497118105145083,0.00062194874131387,0.00159638586404002,0.420457197333317,1.06000390096226,1.06016327108606,3.90096226188241e-06,0.000163271086059069,1.1875,1.18778109875123,2.19795059075884,2.19812063298914,2.333984375,2.33428429732832,2.06212871843815,2.06,2.59126315789474
17,1.17675612342458,1.06005174896254,1.06019762943062,5.17489625415646e-05,5.17489625416842e-05,-1.19580723361573e-16,3.25524677400505e-06,3.25524677400505e-06,1.06000325524677,4.84937157675595e-05,0.937095419615602,15.8970935643985,0.00426735915524672,0.00104167281715598,0.00182478571128859,0.000454114808852256,0.000569939018090326,0.00141888123823462,0.343507342097618,1.06000325524677,1.06014883941301,3.25524677391442e-06,0.000148839413009583,1.17647058823529,1.1767122656473,2.20780617939004,2.20796220905699,2.33262991295173,2.33288893044711,2.06212871843815,2.06,2.59126315789474
18,1.16673308640479,1.06003833194602,1.0601717003891,3.83319460222076e-05,3.8331946022228e-05,-2.03897771063055e-17,2.73029030289414e-06,2.73029030289414e-06,1.0600027302903,3.56016557193134e-05,0.928772457800281,14.0395129344214,0.00367665759805307,0.000953989920088981,0.00142698729336685,0.000415889656591965,0.00052869558401818,0.00145182955203624,0.0644273084723254,1.0600027302903,1.06013606021077,2.73029030295469e-06,0.000136060210773392,1.16666666666667,1.16687570451798,2.21775068711434,2.21789422698367,2.33258258258258,2.33280762783693,2.06212871843815,2.06,2.59126315789474
19,1.15798900463912,1.06004239442339,1.06016482768616,4.23944233900464e-05,4.23944233901096e-05,-6.32157629194829e-17,2.29969407318627e-06,2.29969407318627e-06,1.06000229969407,4.00947293168601e-05,0.945754797699968,18.4348100403233,0.00376030565632391,0.000875536801660611,0.00141493686742403,0.0003816882045696,0.000529331204059577,0.00139043551345619,0.13621039360835,1.06000229969407,1.06012466524051,2.29969407317121e-06,0.000124665240508248,1.15789473684211,1.15807648685757,2.22778529242934,2.22791762440037,2.33365086925458,2.33384742243873,2.06212871843815,2.06,2.59126315789474
20,1.1501506819969,1.0600409386896,1.06015357586874,4.0938689601866e-05,4.09386896018759e-05,-9.93400240539843e-18,1.94373206133772e-06,1.94373206133772e-06,1.06000194373206,3.89949575405283e-05,0.952520901859811,21.0618996394446,0.0037640914725941,0.000804928995075078,0.00181356523288106,0.00035090689774947,0.000519050371098895,0.00175313484438665,0.222064031324253,1.06000194373206,1.0601144413024,1.94373206130471e-06,0.000114441302396129,1.15,1.15015873811834,2.23791120250892,2.23803341577851,2.33568181818182,2.33585426550129,2.06212871843815,2.06,2.59126315789474
21,1.14295969795783,1.06002517406764,1.0601288422225,2.51740676351364e-05,2.51740676351973e-05,-6.09050570393732e-17,1.64744637297559e-06,1.64744637297559e-06,1.06000164744637,2.35266212621608e-05,0.934557799841763,15.2806598430682,0.00295311892831712,0.000741045741497691,0.000960379737452114,0.00032305714395983,0.00041183804737677,0.000991711066478402,0.180390399660928,1.06000164744637,1.06010521681564,1.64744637287662e-06,0.000105216815636577,1.14285714285714,1.14299632367141,2.24812965177937,2.24824267953853,2.3385518590998,2.33870375049072,2.06212871843815,2.06,2.59126315789474
22,1.13641971629322,1.06002261937754,1.06011811574869,2.2619377541222e-05,2.26193775413227e-05,-1.00725769955692e-16,1.39934429392909e-06,1.39934429392909e-06,1.06000139934429,2.12200332472929e-05,0.938135154631073,16.1642689646529,0.00281595201889855,0.000682970056427339,0.000959624358987048,0.000297739185969248,0.000393780676310844,0.000940511865862579,0.167135288135573,1.06000139934429,1.06009685214057,1.39934429399524e-06,9.68521405682043e-05,1.13636363636364,1.13648607898935,2.25844190111599,2.2585465489064,2.34216013344454,2.34229437100209,2.06212871843815,2.06,2.59126315789474
23,1.1304458745446,1.06002199369712,1.06011002354818,2.19936971235235e-05,2.19936971235837e-05,-6.01698324411565e-17,1.19048995817282e-06,1.19048995817282e-06,1.06000119048996,2.08032071653507e-05,0.945871312518006,18.4744919287515,0.002717180363095,0.000629944430928322,0.00102811809994902,0.000274622789543064,0.000393513581818187,0.00106015858288602,0.0108817997846896,1.06000119048996,1.06008923248011,1.19048995816939e-06,8.92324801065048e-05,1.1304347826087,1.13054280854934,2.26884923745207,2.26894620535827,2.34642356241234,2.34654254029167,2.06212871843815,2.06,2.59126315789474
24,1.12505564488703,1.06002745994425,1.06010874517542,2.74599442460222e-05,2.74599442461745e-05,-1.52316852707057e-16,1.0138602418706e-06,1.0138602418706e-06,1.06000101386024,2.64460840041516e-05,0.963078576096619,27.0845458890446,0.00304728222788766,0.000581337607554223,0.00091865964103173,0.000253432759485729,0.000428618773460812,0.00101214787970063,0.123674795820563,1.06000101386024,1.06008226259292,1.01386024176087e-06,8.22625929166598e-05,1.125,1.12509553683048,2.27935297366943,2.27944287388753,2.35127314814815,2.35137885788188,2.06212871843815,2.06,2.59126315789474
25,1.12006096972473,1.06001768262678,1.06009273673565,1.7682626781701e-05,1.76826267818034e-05,-1.023893426641e-16,8.638809161501e-07,8.638809161501e-07,1.06000086388092,1.68187458655509e-05,0.951145215763752,20.4688244075398,0.00251366789630485,0.000536619330050052,0.000879371375919095,0.00023393793183298,0.000354451468217021,0.000995060636606175,0.120356800625464,1.06000086388092,1.06007586280107,8.63880916135429e-07,7.58628010650853e-05,1.12,1.12008466032978,2.28995444868623,2.29003781957886,2.3566511627907,2.3567452735759,2.06212871843815,2.06,2.59126315789474
26,1.11546889007325,1.06001976834088,1.06008907974305,1.97683408840188e-05,1.9768340883997e-05,2.17585823490685e-17,7.36087881216653e-07,7.36087881216653e-07,1.06000073608788,1.90322530028021e-05,0.962764306547763,26.8559521063496,0.00260389797889258,0.000495340920046202,0.00103245790417056,0.000215942706307366,0.000363110212047835,0.00116716667811259,0.167929222828208,1.06000073608788,1.060069965937,7.36087881314518e-07,6.99659370020367e-05,1.11538461538462,1.11545975768916,2.30065502768693,2.30073234513525,2.36250898634076,2.36259290695191,2.06212871843815,2.06,2.59126315789474
27,1.11101851123003,1.06002232970762,1.06008607493453,2.2329707623614e-05,2.23297076236476e-05,-3.36441486649408e-17,6.26876549579427e-07,6.26876549579427e-07,1.06000062687655,2.17028310740345e-05,0.971926343141345,35.6205821362994,0.00272372449113179,0.000457120170042637,0.000922199262722308,0.000199280460450317,0.000404101051430147,0.00086806369832036,-0.215750637595997,1.06000062687655,1.06006451498184,6.2687654955873e-07,6.45149818427893e-05,1.11111111111111,1.11117788709139,2.31145610245772,2.31152778911108,2.36880542514345,2.36888035218236,2.06212871843815,2.06,2.59126315789474
28,1.10715916448201,1.06001503671822,1.06007396687792,1.50367182194522e-05,1.50367182194156e-05,3.66019877167528e-17,5.33314239051847e-07,5.33314239051847e-07,1.06000053331424,1.45034039804003e-05,0.964532537534558,28.1948560874452,0.00225980128718815,0.000421629473610755,0.000748865251903028,0.000183808375011627,0.000321580727571073,0.00076711270886379,0.0597004583191576,1.06000053331424,1.06005946121902,5.33314238992944e-07,5.94612190247812e-05,1.10714285714286,1.10720224895584,2.32235909180237,2.32242552467616,2.37550539083558,2.37557234670022,2.06212871843815,2.06,2.59126315789474
29,1.10353415315712,1.06001867059856,1.06007306495176,1.86705985572022e-05,1.8670598557319e-05,-1.16744857054166e-16,4.52998197410456e-07,4.52998197410456e-07,1.0600004529982,1.82176003597918e-05,0.97573735003607,41.2156133599026,0.00257716292709277,0.000388586411415555,0.00130923604263508,0.00016940332994802,0.000351975323125995,0.00125769300973669,0.29878498804312,1.0600004529982,1.06005476277678,4.52998197397747e-07,5.47627767772951e-05,1.10344827586207,1.10350112565177,2.33336544202166,2.33342695878507,2.38257885275372,2.38263871578565,2.06212871843815,2.06,2.59126315789474
30,1.1000541638286,1.06001885714927,1.06006890128262,1.88571492685252e-05,1.88571492685502e-05,-2.49806956804238e-17,3.83947073844489e-07,3.83947073844489e-07,1.06000038394707,1.84732021946807e-05,0.979639177249058,49.1139288540665,0.00250764218315563,0.000357746220033368,0.000814885813572207,0.000155958621221987,0.000352075638892625,0.000841743764014166,0.1217194406152,1.06000038394707,1.06005038346714,3.83947073911983e-07,5.03834671401471e-05,1.1,1.10004703351655,2.34447662744453,2.34453353166022,2.39,2.39005352862121,2.06212871843815,2.06,2.59126315789474
31,1.09679288618382,1.06001116665865,1.06005714380806,1.11666586533055e-05,1.11666586534219e-05,-1.16448395522627e-16,3.2451718078063e-07,3.2451718078063e-07,1.06000032451718,1.08421414725248e-05,0.970938739075312,34.4100692186587,0.00195540808920132,0.000328895718417774,0.000695407571723868,0.000143381313058923,0.000278735519000906,0.000721714243162738,0.0366326031130767,1.06000032451718,1.06004629185347,3.24517180683159e-07,4.62918534698264e-05,1.09677419354839,1.09681603918486,2.3556941510029,2.35574671652143,2.39774656582806,2.39779441801522,2.06212871843815,2.06,2.59126315789474
32,1.09372092743204,1.06001493362488,1.06005706611714,1.49336248789211e-05,1.49336248789755e-05,-5.43303873027853e-17,2.73337321125617e-07,2.73337321125617e-07,1.06000027333732,1.46602875577955e-05,0.981696518873229,54.6344158837282,0.0022518603882072,0.000301848373153154,0.000854411076608264,0.000131590086656051,0.000327478544536529,0.000883319198487338,-0.147209212628081,1.06000027333732,1.06004246049565,2.7333732122159e-07,4.24604956494878e-05,1.09375,1.09378720424649,2.36701954484433,2.36706801951183,2.40579927884615,2.4058420279563,2.06212871843815,2.06,2.59126315789474
33,1.0909434759037,1.06001552130256,1.06005418124582,1.55213025636591e-05,1.5521302563743e-05,-8.38359329874416e-17,2.29257653597226e-07,2.29257653597226e-07,1.06000022925765,1.52920449100619e-05,0.985229483630195,67.7024401153819,0.00232144149211763,0.000276440260934875,0.000985030969132602,0.000120513480035172,0.000326974092867781,0.000925433471202894,0.0934233249194428,1.06000022925765,1.06003886533472,2.29257653527881e-07,3.88653347178636e-05,1.09090909090909,1.0909421309827,2.37845437097864,2.3784989797826,2.41414141414141,2.41417956185925,2.06212871843815,2.06,2.59126315789474
34,1.08828335434183,1.06000858639232,1.06004392985226,8.58639232248493e-06,8.58639232250037e-06,-1.54397165625514e-17,1.91309268628396e-07,1.91309268628396e-07,1.06000019130927,8.39508305385653e-06,0.977719482007895,44.8822599346369,0.00168034666993546,0.000252526743552966,0.000535372122670116,0.000110088438509638,0.000231725319225176,0.000516413569416969,0.238614202245622,1.06000019130927,1.06003548518778,1.91309268648965e-07,3.54851877790718e-05,1.08823529411765,1.08826458834941,2.3900002219559,2.39004116970815,2.42275842375785,2.42279241075489,2.06212871843815,2.06,2.59126315789474
35,1.0857617379451,1.06001218048509,1.06004436743192,1.21804850921059e-05,1.21804850922332e-05,-1.27307357906427e-16,1.58672005007161e-07,1.58672005007161e-07,1.06000015867201,1.20218130870987e-05,0.986973260604375,76.7651804208069,0.00204138827329235,0.000229979712878594,0.000598340676668647,0.000100259113642706,0.000283321614366495,0.000659879449409613,0.220031546921899,1.06000015867201,1.06003230133081,1.58672005090565e-07,3.23013308078934e-05,1.08571428571429,1.08574020214177,2.4016587215737,2.40169619521006,2.43163763066202,2.43166784542382,2.06212871843815,2.06,2.59126315789474
36,1.08335564307295,1.06001034877911,1.06003953039698,1.03487791101031e-05,1.03487791102887e-05,-1.85586612809312e-16,1.30648657072083e-07,1.30648657072083e-07,1.06000013064866,1.0218130453031e-05,0.987375452149275,79.2107576306229,0.00190895058856471,0.000208685295019465,0.000659382992354508,9.09758623794923e-05,0.000268544411599455,0.000702040670133815,0.102714648411723,1.06000013064866,1.06002929715201,1.30648657004073e-07,2.92971520130525e-05,1.08333333333333,1.08335619684832,2.41343152561289,2.41346569617319,2.44076797385621,2.44079476003308,2.06212871843815,2.06,2.59126315789474
37,1.08111121058409,1.06000795646452,1.06003433553217,7.95646451834386e-06,7.95646451848968e-06,-1.45815027803933e-16,1.06644174455345e-07,1.06644174455345e-07,1.06000010664417,7.84982034388852e-06,0.986596537418162,74.6075869495852,0.00164829052923395,0.000188541926774343,0.000534645186919116,8.21944084818579e-05,0.000231403571051655,0.000530811094661867,0.120714097441021,1.06000010664417,1.06002645786222,1.06644174380222e-07,2.64578622206635e-05,1.08108108108108,1.08110117940627,2.42532032260078,2.42535134694124,2.45013979496738,2.45016345752758,2.06212871843815,2.06,2.59126315789474
38,1.07895609709814,1.06000797370406,1.0600316588583,7.97370405836162e-06,7.97370405844159e-06,-7.9970074616173e-17,8.61487894221705e-08,8.61487894221705e-08,1.06000008614879,7.88755526893945e-06,0.989195888285842,92.5573546865137,0.00166280169306697,0.00016945873580528,0.00060256046125385,7.38751363683096e-05,0.000236288329382887,0.000566027010510561,0.00357908680398524,1.06000008614879,1.06002377025163,8.61487894354696e-08,2.37702516296956e-05,1.07894736842105,1.07896495713223,2.43732683460179,2.43735485688188,2.45974465867639,2.45976546908219,2.06212871843815,2.06,2.59126315789474
39,1.07693606339968,1.06000717795679,1.06002833906359,7.1779567898389e-06,7.17795678981948e-06,1.94250065793829e-17,6.87242543419868e-08,6.87242543419868e-08,1.06000006872425,7.10923253549691e-06,0.990425652263709,104.445757303089,0.00160500015681028,0.000151354170014117,0.000492959157375239,6.59824935939175e-05,0.000225582045681941,0.000488723604869633,0.112320604924536,1.06000006872425,1.0600212224845,6.87242542873889e-08,2.12224845028697e-05,1.07692307692308,1.07693838368882,2.44945281803531,2.44947797101391,2.46957520091848,2.46959340150063,2.06212871843815,2.06,2.59126315789474
40,1.07498521616323,1.06000536441474,1.06002408922943,5.36441474197069e-06,5.36441474203536e-06,-6.46658833251823e-17,5.39925572593812e-08,5.39925572593812e-08,1.06000005399256,5.31042218471131e-06,0.989935051658674,99.3547076535002,0.00136961859612474,0.000134154832512513,0.000505001287938098,5.84844829582451e-05,0.000196796575719553,0.000492153233769621,-0.115902285334184,1.06000005399256,1.06001880392507,5.39925573139755e-08,1.88039250665906e-05,1.075,1.07501322817653,2.46170006452111,2.46172247069045,2.479625,2.47964080767095,2.06212871843815,2.06,2.59126315789474
41,1.07319737967302,1.06000622280809,1.06002271175417,6.22280809148279e-06,6.2228080915311e-06,-4.83062889819127e-17,4.16266235622594e-08,4.16266235622594e-08,1.06000004162662,6.18118146792053e-06,0.993310636781611,149.491060262804,0.00149609586804385,0.000117794487084158,0.000683528953179174,5.13522289389469e-05,0.000209626618402289,0.000663897425213996,0.156079709373609,1.06000004162662,1.06001650498922,4.16266234815055e-08,1.65049892244529e-05,1.07317073170732,1.07318206339929,2.47407040175258,2.47409017433379,2.48988846672386,2.48990207614286,2.06212871843815,2.06,2.59126315789474
42,1.07141923991557,1.06000494407754,1.06001921194734,4.94407754003667e-06,4.94407754014868e-06,-1.12006554747225e-16,3.13426182730195e-08,3.13426182730195e-08,1.06000003134262,4.91273492176365e-06,0.993660573075724,157.742965088933,0.0013183820633853,0.000102213205723819,0.000424321569281717,4.45596060634248e-05,0.000188842696903798,0.000468881175345142,-0.128006877632704,1.06000003134262,1.06001431701773,3.13426182785292e-08,1.43170177258067e-05,1.07142857142857,1.07143817010542,2.48656569439841,2.48658293821837,2.50036075036075,2.5003723366424,2.06212871843815,2.06,2.59126315789474
43,1.06977243168678,1.06000334226477,1.06001555362655,3.3422647700565e-06,3.34226477013335e-06,-7.68521463373299e-17,2.28935451007868e-08,2.28935451007868e-08,1.06000002289355,3.31937122495572e-06,0.993150289795742,145.991577771921,0.00108017562247278,8.7356635124427e-05,0.000324859936660777,3.80829191356014e-05,0.000152327957659906,0.000324533838343777,0.0753504998330956,1.06000002289355,1.06001223216725,2.28935450596879e-08,1.22321672537673e-05,1.06976744186047,1.06977545460125,2.49918784503329,2.49920265729936,2.51103765789163,2.51104737893248,2.06212871843815,2.06,2.59126315789474
44,1.06816435417626,1.06000428899201,1.06001448907349,4.28899201310173e-06,4.28899201303789e-06,6.38451083992929e-17,1.60639013333696e-08,1.60639013333696e-08,1.0600000160639,4.27292811176836e-06,0.996254620832984,266.995664632986,0.00121042763566579,7.31753631886434e-05,0.000424367217477153,3.19006270681337e-05,0.000173263592906818,0.000436562560607036,-0.172308549630193,1.0600000160639,1.06001024331655,1.60639013202513e-08,1.02433165487525e-05,1.06818181818182,1.0681883776082,2.51193879509833,2.51195126608498,2.52191558441558,2.52192358289979,2.06212871843815,2.06,2.59126315789474
45,1.0666735722176,1.06000279662179,1.06001113509129,2.79662179081264e-06,2.7966217907875e-06,2.51357027097714e-17,1.06651964956802e-08,1.06651964956802e-08,1.0600000106652,2.78595659431696e-06,0.996186400130787,262.219434207833,0.000969402044627661,5.96243700055613e-05,0.000376558704725097,2.59931035369978e-05,0.000136366489785514,0.00038068933420194,0.116820207885633,1.0600000106652,1.0600083439852,1.0665196503723e-08,8.34398519833357e-06,1.06666666666667,1.06667189261295,2.52482052589222,2.52483073955109,2.53299145299145,2.53299785812561,2.06212871843815,2.06,2.59126315789474
46,1.06522591506658,1.06000225448987,1.06000878406559,2.25448986768129e-06,2.25448986780406e-06,-1.22772343506827e-16,6.53218084045443e-09,6.53218084045443e-09,1.06000000653218,2.24795768684083e-06,0.997102590287011,345.135862393615,0.000895228716335917,4.66625504391349e-05,0.000373020462238388,2.03424288550418e-05,0.000125510774745885,0.000352678033383346,0.191078794163766,1.06000000653218,1.06000652826315,6.53218079627038e-09,6.52826314606614e-06,1.06521739130435,1.06522139226511,2.53783505959377,2.53784309409738,2.54426266248319,2.54426759150187,2.06212871843815,2.06,2.59126315789474
47,1.06384192120791,1.06000199211467,1.06000679202604,1.99211467322158e-06,1.99211467337975e-06,-1.5816815630669e-16,3.51965968553684e-09,3.51965968553684e-09,1.06000000351966,1.98859501353604e-06,0.998233204276416,565.996389198556,0.000853941829809104,3.42522976627693e-05,0.000349299116476041,1.49322084148711e-05,0.00012047541344308,0.000364231324890913,0.0798921556557623,1.06000000351966,1.0600047907493,3.51965967482215e-09,4.79074930259671e-06,1.06382978723404,1.06383266162279,2.55098446031709,2.55099038854447,2.55572704222247,2.55573060169868,2.06212871843815,2.06,2.59126315789474
48,1.06249484055952,1.06000081621183,1.06000393374226,8.16211826792923e-07,8.16211826770666e-07,2.2257167117646e-17,1.49979325720503e-09,1.49979325720503e-09,1.06000000149979,8.14712033535718e-07,0.998162495068103,544.216226384423,0.000529415827103949,2.23591387520855e-05,0.000197902142117307,9.74741382637418e-06,7.53805158297615e-05,0.00020055007733262,-0.140659793448482,1.06000000149979,1.06000312649792,1.49979317853877e-09,3.12649791855968e-06,1.0625,1.06250183724674,2.56427083520026,2.56427472517189,2.5673828125,2.56738509948943,2.06212871843815,2.06,2.59126315789474
49,1.06122299131841,1.06000054731948,1.06000207537448,5.47319482624431e-07,5.47319482665462e-07,-4.10313347561824e-17,3.59800464868842e-10,3.59800464868842e-10,1.0600000003598,5.46959682159562e-07,0.999342613452853,1521.1750291205,0.000428218507529674,1.09514148989806e-05,0.000148032566991169,4.77424350679552e-06,6.06758167851084e-05,0.000148001394997338,-0.0625547626671226,1.0600000003598,1.0600015309716,3.59800411686706e-10,1.53097159572013e-06,1.06122448979592,1.06122537130706,2.57769633552876,2.57769825079692,2.57922855005877,2.5792296531015,2.06212871843815,2.06,2.59126315789474
50,1.06,1.06,1.06,8.88178419700125e-16,6.87066076738422e-29,8.88178419700057e-16,0,0,1.06,8.88178419700125e-16,NA,NA,4.85312478799772e-15,0,1.22471477403963e-15,0,6.86335489507542e-16,1.22471477403963e-15,NA,1.06,1.06,0,0,1.06,1.06,2.59126315789474,2.59126315789474,2.59126315789474,2.59126315789474,2.06212871843815,2.06,2.59126315789474
